league,season,team,player,league_id,season_id,team_id,player_id,position,matches,minutes,goals,xg,np_goals,np_xg,assists,xa,shots,key_passes,yellow_cards,red_cards,xg_chain,xg_buildup
ENG-Premier League,2627,Arsenal,Ben White,1,2026,83,7298,D,4,317,0,0.12903930246829987,0,0.12903930246829987,1,0.22225914150476456,1,3,0,0,2.646710306406021,2.4759733974933624
ENG-Premier League,2627,Arsenal,Bruno Guimarães,1,2026,83,8327,M S,3,122,1,0.08167972415685654,1,0.08167972415685654,0,0.0,2,0,0,0,0.19222685508430004,0.1105471383780241
ENG-Premier League,2627,Arsenal,Bukayo Saka,1,2026,83,7322,M,5,422,3,4.273403286933899,2,3.5122345089912415,0,0.3061508983373642,15,7,0,0,4.156832754611969,1.014505384489894
ENG-Premier League,2627,Arsenal,Christos Tzolis,1,2026,83,9746,M,5,371,0,0.23767352104187012,0,0.23767352104187012,1,1.0445209741592407,4,8,2,0,3.0590693801641464,1.9334625601768494
ENG-Premier League,2627,Arsenal,Cristhian Mosquera,1,2026,83,10024,D,2,170,0,0.0,0,0.0,0,0.0,0,0,0,0,1.3176348507404327,1.3176348507404327
ENG-Premier League,2627,Arsenal,David Raya,1,2026,83,9676,GK,5,450,0,0.0,0,0.0,0,0.0,0,0,0,0,0.8331011682748795,0.8331011682748795
ENG-Premier League,2627,Arsenal,Declan Rice,1,2026,83,5553,M,5,418,0,0.09039966482669115,0,0.09039966482669115,2,0.5419433666393161,4,7,1,0,3.4073787182569504,3.2758855000138283
ENG-Premier League,2627,Arsenal,Eberechi Eze,1,2026,83,8706,S,4,79,0,0.03748644143342972,0,0.03748644143342972,0,0.0,1,0,0,0,1.0048265382647514,1.0048265382647514
ENG-Premier League,2627,Arsenal,Ezri Konsa Ngoyo,1,2026,83,7726,D S,4,280,0,0.07758472859859467,0,0.07758472859859467,0,0.036134351044893265,1,1,0,0,0.9699474051594734,0.9699474051594734
ENG-Premier League,2627,Arsenal,Gabriel,1,2026,83,5613,D,5,450,0,1.027115480042994,0,1.027115480042994,0,0.03089350461959839,5,1,2,0,2.608785204589367,2.56489010900259
ENG-Premier League,2627,Arsenal,Jurriën Timber,1,2026,83,11707,D S,2,104,0,0.0,0,0.0,0,0.0,0,0,0,0,0.06808554194867611,0.06808554194867611
ENG-Premier League,2627,Arsenal,Kai Havertz,1,2026,83,5220,F,5,442,2,1.1796535849571228,2,1.1796535849571228,0,0.38561082258820534,10,5,1,0,3.836165964603424,2.4146069139242172
ENG-Premier League,2627,Arsenal,Martin Odegaard,1,2026,83,2517,M,5,391,2,1.0822108462452888,2,1.0822108462452888,0,1.9719086587429047,7,12,0,0,3.042163275182247,0.9677608143538237
ENG-Premier League,2627,Arsenal,Martín Zubimendi,1,2026,83,7526,S,5,80,0,0.1898118108510971,0,0.1898118108510971,0,0.0,3,0,0,0,0.28211889415979385,0.28211889415979385
ENG-Premier League,2627,Arsenal,Max Dowman,1,2026,83,13872,S,1,8,0,0.0,0,0.0,0,0.0485323965549469,0,1,0,0,0.03089350461959839,0.03089350461959839
ENG-Premier League,2627,Arsenal,Mikel Merino,1,2026,83,5304,S,5,72,0,0.1443382352590561,0,0.1443382352590561,0,0.0,2,0,1,0,0.2751585692167282,0.1730753406882286
ENG-Premier League,2627,Arsenal,Myles Lewis-Skelly,1,2026,83,12272,M,4,280,0,0.15809516981244087,0,0.15809516981244087,0,0.14007247984409332,3,2,0,0,3.1080533266067505,2.86166974902153
ENG-Premier League,2627,Arsenal,Noni Madueke,1,2026,83,11357,S,2,21,0,0.0,0,0.0,0,0.24904337525367737,0,4,0,0,0.24904337525367737,0.17305128276348114
ENG-Premier League,2627,Arsenal,Piero Hincapié,1,2026,83,9911,S,2,26,0,0.0,0,0.0,0,0.0,0,0,0,0,0.13909894786775112,0.13909894786775112
ENG-Premier League,2627,Arsenal,Riccardo Calafiori,1,2026,83,8129,D,5,424,0,0.8136723972856998,0,0.8136723972856998,2,1.1157742366194725,7,4,0,0,3.3472619354724884,1.9567220993340015
ENG-Premier League,2627,Arsenal,Viktor Gyokeres,1,2026,83,7254,S,2,24,0,0.0,0,0.0,0,0.2692977488040924,0,1,0,0,0.2692977488040924,0.0
ENG-Premier League,2627,Aston Villa,Aaron Wan-Bissaka,1,2026,71,5584,D S,4,159,0,0.0,0,0.0,0,0.0963074266910553,0,1,0,0,0.24658512324094772,0.15027769282460213
ENG-Premier League,2627,Aston Villa,Alejandro Garnacho,1,2026,71,10552,S,3,26,0,0.0,0,0.0,0,0.0,0,0,0,0,0.0,0.0
ENG-Premier League,2627,Aston Villa,Alysson Edward,1,2026,71,14446,S,4,75,1,0.24505968391895294,1,0.24505968391895294,0,0.0,1,0,1,0,0.0,0.0
ENG-Premier League,2627,Aston Villa,Boubacar Kamara,1,2026,71,5789,M,5,450,0,0.07655446976423264,0,0.07655446976423264,1,0.794694690965116,1,4,0,0,2.344409119337797,1.5005328319966793
ENG-Premier League,2627,Aston Villa,Emiliano Buendía,1,2026,71,2203,F M,5,413,1,0.7628546841442585,1,0.7628546841442585,0,0.29997511208057404,9,5,0,0,2.127523124217987,1.2580938264727592
ENG-Premier League,2627,Aston Villa,George Hemmings,1,2026,71,14193,M S,5,298,0,0.26126977801322937,0,0.26126977801322937,0,0.4427976068109274,1,3,0,0,0.8782874289900064,0.192436121404171
ENG-Premier League,2627,Aston Villa,Ian Maatsen,1,2026,71,11807,D,4,343,0,0.2525993976742029,0,0.2525993976742029,0,0.11319664120674133,5,1,1,0,1.535320894792676,1.2098039649426937
ENG-Premier League,2627,Aston Villa,Ibrahim Mbaye,1,2026,71,12733,S,2,24,0,0.024263378232717514,0,0.024263378232717514,0,0.05233147367835045,1,1,0,0,0.05233147367835045,0.0
ENG-Premier League,2627,Aston Villa,Johan Manzambi,1,2026,71,13102,M S,2,103,1,0.8602598309516907,1,0.8602598309516907,1,0.43299949169158936,4,2,0,0,1.4037344716489315,0.42787760123610497
ENG-Premier League,2627,Aston Villa,John McGinn,1,2026,71,7723,M,5,447,0,0.5558831095695496,0,0.5558831095695496,2,0.4943055734038353,4,6,2,0,1.707441821694374,0.9265762008726597
ENG-Premier League,2627,Aston Villa,João Gomes,1,2026,71,11384,M,2,129,0,0.0,0,0.0,0,0.05917521379888058,0,2,1,1,0.11307241767644882,0.053897202014923096
ENG-Premier League,2627,Aston Villa,Lamare Bogarde,1,2026,71,10025,S,1,11,0,0.0,0,0.0,0,0.0,0,0,0,0,0.0,0.0
ENG-Premier League,2627,Aston Villa,Marco Bizot,1,2026,71,9614,GK,1,90,0,0.0,0,0.0,0,0.0,0,0,0,0,0.051970478147268295,0.051970478147268295
ENG-Premier League,2627,Aston Villa,Matteo Ruggeri,1,2026,71,8872,D S,3,107,0,0.024554578587412834,0,0.024554578587412834,0,0.026407653465867043,1,1,0,0,0.10485943406820297,0.08030485361814499
ENG-Premier League,2627,Aston Villa,Matthew Cash,1,2026,71,8864,D S,4,291,0,0.07843043655157089,0,0.07843043655157089,0,0.04395372048020363,1,1,2,0,0.9714933931827545,0.8930629566311836
ENG-Premier League,2627,Aston Villa,Nicolas Jackson,1,2026,71,10048,F,4,298,1,0.7952165901660919,1,0.7952165901660919,0,0.5373992472887039,8,2,2,0,1.5537186488509178,0.4070612220093608
ENG-Premier League,2627,Aston Villa,Pau Torres,1,2026,71,6221,D,3,193,0,0.0,0,0.0,0,0.0,0,0,0,0,0.0402790792286396,0.0402790792286396
ENG-Premier League,2627,Aston Villa,Ross Barkley,1,2026,71,592,M S,5,316,0,0.3103811964392662,0,0.3103811964392662,0,0.5212244912981987,7,6,0,0,1.6356897093355656,1.374971054494381
ENG-Premier League,2627,Aston Villa,Tammy Abraham,1,2026,71,702,S,4,63,0,0.0,0,0.0,0,0.0,0,0,0,0,0.0,0.0
ENG-Premier League,2627,Aston Villa,Tyrone Mings,1,2026,71,1024,D S,4,257,0,0.20571361109614372,0,0.20571361109614372,0,0.0,4,0,1,0,0.7955841198563576,0.7276137582957745
ENG-Premier League,2627,Aston Villa,Victor Lindelöf,1,2026,71,6080,D,5,450,0,0.6031574606895447,0,0.6031574606895447,0,0.10665469616651535,1,3,0,0,1.4386596903204918,0.7863424606621265
ENG-Premier League,2627,Aston Villa,Zion Suzuki,1,2026,71,12781,GK,4,360,0,0.0,0,0.0,0,0.0,0,0,0,0,1.0465258583426476,1.0465258583426476
ENG-Premier League,2627,Bournemouth,Adam Smith,1,2026,73,825,D,5,435,0,0.01945415511727333,0,0.01945415511727333,0,0.13515419885516167,1,3,3,0,1.1409330870956182,0.9863247331231833
ENG-Premier League,2627,Bournemouth,Adrien Truffert,1,2026,73,8640,D,5,450,0,0.11559475399553776,0,0.11559475399553776,0,0.3737582862377167,4,4,1,0,0.9008121192455292,0.523752418346703
ENG-Premier League,2627,Bournemouth,Alex Scott,1,2026,73,12149,M,5,449,1,0.6130434572696686,1,0.6130434572696686,0,0.5371516682207584,7,11,1,0,1.9727439880371094,1.1186206564307213
ENG-Premier League,2627,Bournemouth,Alex Tóth,1,2026,73,14374,S,2,15,0,0.0,0,0.0,0,0.0,0,0,0,0,0.0,0.0
ENG-Premier League,2627,Bournemouth,Alvaro Rodríguez,1,2026,73,11186,S,2,8,0,0.0,0,0.0,0,0.0,0,0,0,0,0.07604728639125824,0.07604728639125824
ENG-Premier League,2627,Bournemouth,António Silva,1,2026,73,14859,D,5,450,0,1.18889862857759,0,1.18889862857759,0,0.0,4,0,2,0,0.753809280693531,0.7374633122235537
ENG-Premier League,2627,Bournemouth,Ben Doak,1,2026,73,11231,S,4,6,0,0.18194323033094406,0,0.18194323033094406,0,0.0,3,0,0,0,0.1677313596010208,0.04673688858747482
ENG-Premier League,2627,Bournemouth,Daniel Jebbison,1,2026,73,9509,S,3,29,0,0.08247722685337067,0,0.08247722685337067,0,0.0,1,0,0,0,0.0,0.0
ENG-Premier League,2627,Bournemouth,David Brooks,1,2026,73,6820,S,4,34,0,0.0,0,0.0,0,0.03736777603626251,0,2,1,0,0.03736777603626251,0.0
ENG-Premier League,2627,Bournemouth,Djordje Petrovic,1,2026,73,12032,GK,5,450,0,0.0,0,0.0,0,0.0,0,0,0,0,0.6285185143351555,0.6285185143351555
ENG-Premier League,2627,Bournemouth,Evanilson,1,2026,73,12963,F,5,430,0,0.9197197556495667,0,0.9197197556495667,3,1.2218931317329407,8,6,1,0,2.3645593225955963,0.7764686997979879
ENG-Premier League,2627,Bournemouth,James Hill,1,2026,73,10747,D,5,450,0,0.0,0,0.0,0,0.7499553021043539,0,5,1,0,1.6133190467953682,1.5825573205947876
ENG-Premier League,2627,Bournemouth,Justin Kluivert,1,2026,73,6963,M,4,311,1,1.0765978209674358,1,1.0765978209674358,0,0.20000631362199783,10,3,1,0,1.1086337603628635,0.46292824298143387
ENG-Premier League,2627,Bournemouth,Lewis Cook,1,2026,73,1789,M S,5,177,0,0.0,0,0.0,0,0.025550469756126404,0,1,1,0,0.5940587893128395,0.5940587893128395
ENG-Premier League,2627,Bournemouth,Marcus Tavernier,1,2026,73,10741,M,5,434,3,1.6946706473827362,3,1.6946706473827362,0,1.4790641739964485,13,9,2,0,2.162270724773407,0.5718400599434972
ENG-Premier League,2627,Bournemouth,Rayan,1,2026,73,14395,M,5,446,0,1.5897435583174229,0,1.5897435583174229,0,0.6875993143767118,12,3,0,0,3.069048047065735,0.8183238636702299
ENG-Premier League,2627,Bournemouth,Ryan Christie,1,2026,73,10744,M S,4,95,0,0.6965257525444031,0,0.6965257525444031,0,0.07604728639125824,4,1,0,0,1.0079867839813232,0.27455729246139526
ENG-Premier League,2627,Bournemouth,Tyler Adams,1,2026,73,7352,M S,5,286,0,0.015973834320902824,0,0.015973834320902824,0,0.06962877698242664,1,2,0,0,1.081352660432458,1.0117238759994507
ENG-Premier League,2627,Brentford,Aaron Hickey,1,2026,244,8942,D S,5,147,0,0.04162506014108658,0,0.04162506014108658,0,0.0,1,0,0,0,0.33645036816596985,0.29482530802488327
ENG-Premier League,2627,Brentford,Callum Wilson,1,2026,244,468,S,3,8,0,0.15129926800727844,0,0.15129926800727844,0,0.14352603256702423,2,1,0,0,0.29482530802488327,0.06660652905702591
ENG-Premier League,2627,Brentford,Caoimhin Kelleher,1,2026,244,7904,GK,5,450,0,0.0,0,0.0,0,0.0,0,0,0,0,0.8992864489555359,0.8992864489555359
ENG-Premier League,2627,Brentford,Dango Ouattara,1,2026,244,9662,M S,5,180,0,0.0655486648902297,0,0.0655486648902297,0,0.4146657194942236,4,4,0,0,1.1785214450210333,0.9566460847854614
ENG-Premier League,2627,Brentford,El Hadji Malick Diouf,1,2026,244,13723,S,2,32,0,0.0,0,0.0,0,0.0,0,0,0,0,0.0,0.0
ENG-Premier League,2627,Brentford,Fabio Carvalho,1,2026,244,9501,S,1,2,1,0.5489259362220764,1,0.5489259362220764,0,0.0,1,0,0,0,0.5489259362220764,0.0
ENG-Premier League,2627,Brentford,Jaidon Anthony,1,2026,244,10746,M S,5,270,1,0.9835657700896263,1,0.9835657700896263,0,0.4255058653652668,5,7,1,0,0.6662124115973711,0.2507753763347864
ENG-Premier League,2627,Brentford,Jannik Schuster,1,2026,244,14788,D S,3,254,0,0.10856363922357559,0,0.10856363922357559,1,0.832377552986145,1,1,0,0,0.22656644880771637,0.22656644880771637
ENG-Premier League,2627,Brentford,Keane Lewis-Potter,1,2026,244,10809,D,5,418,1,1.1509940521791577,1,1.1509940521791577,1,0.7646497022360563,9,7,0,0,1.6276894211769104,0.9401073902845383
ENG-Premier League,2627,Brentford,Kevin Schade,1,2026,244,9156,M,5,450,3,1.6469795405864716,3,1.6469795405864716,0,0.13687784038484097,13,3,0,0,2.3191302716732025,0.6257321536540985
ENG-Premier League,2627,Brentford,Kristoffer Ajer,1,2026,244,9677,D,5,450,0,0.1272055171430111,0,0.1272055171430111,0,0.15735463798046112,2,3,1,0,1.7250148057937622,1.5965384766459465
ENG-Premier League,2627,Brentford,Mamadou Sangaré,1,2026,244,13917,M S,5,331,0,0.36619820073246956,0,0.36619820073246956,1,0.624411441385746,6,4,2,0,1.9323826134204865,1.6926967427134514
ENG-Premier League,2627,Brentford,Mathias Jensen,1,2026,244,7166,M,1,68,0,0.08744654059410095,0,0.08744654059410095,0,0.5949914455413818,2,3,0,0,0.6761671900749207,0.6374379396438599
ENG-Premier League,2627,Brentford,Michael Kayode,1,2026,244,11281,D S,5,304,1,0.8559175711125135,1,0.8559175711125135,0,0.11610208079218864,6,2,0,0,0.6770742237567902,0.6194151043891907
ENG-Premier League,2627,Brentford,Mikkel Damsgaard,1,2026,244,8859,M S,5,287,0,0.13882041536271572,0,0.13882041536271572,0,1.0265097618103027,4,7,0,0,1.1519005708396435,0.6035692300647497
ENG-Premier League,2627,Brentford,Nathan Collins,1,2026,244,9733,D,3,196,0,0.6079705432057381,0,0.6079705432057381,0,0.07220009155571461,5,3,1,0,0.866667777299881,0.8238366693258286
ENG-Premier League,2627,Brentford,Rico Henry,1,2026,244,9679,S,1,1,0,0.0,0,0.0,0,0.0,0,0,0,0,0.0,0.0
ENG-Premier League,2627,Brentford,Thiago,1,2026,244,13222,F,5,444,1,3.05342335999012,1,2.2922544926404953,0,0.06584580987691879,13,2,2,0,2.411235526204109,0.06407258100807667
ENG-Premier League,2627,Brentford,Vitaly Janelt,1,2026,244,9680,M,5,450,2,0.8616216434165835,2,0.8616216434165835,0,0.16859126091003418,4,5,3,0,2.528997592628002,1.6294672638177872
ENG-Premier League,2627,Brentford,Yehor Yarmolyuk,1,2026,244,11772,M S,5,212,0,0.06794497929513454,0,0.06794497929513454,1,0.41937655583024025,3,3,1,0,1.151023805141449,0.7303898930549622
ENG-Premier League,2627,Brighton,Bart Verbruggen,1,2026,220,11711,GK,5,450,0,0.0,0,0.0,0,0.0,0,0,0,0,1.7183992341160774,1.7183992341160774
ENG-Premier League,2627,Brighton,Charalampos Kostoulas,1,2026,220,14118,F S,5,355,2,1.7747207581996918,2,1.7747207581996918,1,0.06891079992055893,13,2,1,0,2.740635961294174,1.0416297614574432
ENG-Premier League,2627,Brighton,Chema Andres,1,2026,220,13078,M S,2,110,1,0.5504021178930998,1,0.5504021178930998,1,0.020308176055550575,3,1,0,0,0.32447728514671326,0.2851768061518669
ENG-Premier League,2627,Brighton,Costinha,1,2026,220,14854,S,5,58,0,0.051982853561639786,0,0.051982853561639786,0,0.06985709071159363,2,1,1,0,0.47086863964796066,0.37708448618650436
ENG-Premier League,2627,Brighton,Diego Gómez,1,2026,220,13364,M,5,442,0,1.2188748344779015,0,1.2188748344779015,2,1.2784412428736687,14,7,0,0,2.7647382467985153,0.7494966387748718
ENG-Premier League,2627,Brighton,Ferdi Kadioglu,1,2026,220,13066,D,4,336,0,0.12056861259043217,0,0.12056861259043217,0,0.45194313395768404,4,4,1,0,0.9377444572746754,0.5898935794830322
ENG-Premier League,2627,Brighton,Georginio Rutter,1,2026,220,6937,F S,2,103,0,0.13637321442365646,0,0.13637321442365646,1,0.9075709581375122,3,1,0,0,1.624579131603241,0.7004402652382851
ENG-Premier League,2627,Brighton,Ibrahim Osman,1,2026,220,13792,S,3,32,0,0.1361042708158493,0,0.1361042708158493,0,0.02805580012500286,2,1,0,0,0.4480753391981125,0.3776165172457695
ENG-Premier League,2627,Brighton,Jack Hinshelwood,1,2026,220,11269,M,1,69,2,1.401410698890686,2,1.401410698890686,0,0.10088619589805603,3,1,0,0,1.6856542825698853,0.183357372879982
ENG-Premier League,2627,Brighton,Lewis Dunk,1,2026,220,6048,D,4,360,1,0.020308176055550575,1,0.020308176055550575,0,0.0,1,0,1,0,3.1171372309327126,3.0968290343880653
ENG-Premier League,2627,Brighton,Luka Vuskovic,1,2026,220,13725,D,5,439,1,0.9004770889878273,1,0.9004770889878273,0,0.0,8,0,0,0,2.0772898625582457,1.9494231343269348
ENG-Premier League,2627,Brighton,Malick Yalcouyé,1,2026,220,14856,M S,5,237,2,1.4396155551075935,2,1.4396155551075935,0,0.9637800054624677,7,5,0,0,3.401956409215927,0.9985608346760273
ENG-Premier League,2627,Brighton,Mats Wieffer,1,2026,220,12758,D,2,165,0,0.11586891487240791,0,0.11586891487240791,0,0.0733533576130867,2,2,0,0,1.4131770431995392,1.276841014623642
ENG-Premier League,2627,Brighton,Matt O'Riley,1,2026,220,13206,S,2,8,0,0.5785816311836243,0,0.5785816311836243,0,0.029219595715403557,1,1,0,0,0.6078012268990278,0.0
ENG-Premier League,2627,Brighton,Maxim De Cuyper,1,2026,220,13711,M,5,431,1,1.4765554461628199,1,1.4765554461628199,2,1.1626487132161856,7,11,2,0,3.8455430045723915,1.8817783668637276
ENG-Premier League,2627,Brighton,Michael Svoboda,1,2026,220,9887,S,1,3,0,0.0,0,0.0,0,0.0,0,0,0,0,0.0,0.0
ENG-Premier League,2627,Brighton,Olivier Boscagli,1,2026,220,3645,D M,5,439,0,0.06714325677603483,0,0.06714325677603483,0,0.8254270441830158,3,7,1,0,2.4040823578834534,2.2747845500707626
ENG-Premier League,2627,Brighton,Pascal Groß,1,2026,220,239,M,5,450,3,1.7418897114694118,2,0.9807208627462387,3,2.327627532184124,10,15,2,0,3.7328393161296844,1.5181320905685425
ENG-Premier League,2627,Brighton,Pascal Struijk,1,2026,220,8717,D S,3,99,0,0.0785112977027893,0,0.0785112977027893,0,0.0,1,0,1,0,0.2597213611006737,0.2597213611006737
ENG-Premier League,2627,Brighton,Promise David,1,2026,220,14857,S,2,20,0,0.520228385925293,0,0.520228385925293,0,0.0,1,0,1,0,0.0,0.0
ENG-Premier League,2627,Brighton,Yasin Ayari,1,2026,220,11385,M,4,339,1,0.8801306933164597,1,0.8801306933164597,0,0.1378153059631586,10,3,1,0,1.9240527749061584,1.0653914846479893
ENG-Premier League,2627,Brighton,Zadok Yohanna,1,2026,220,14855,S,1,7,0,0.0,0,0.0,0,0.0,0,0,0,0,0.3119710683822632,0.3119710683822632
ENG-Premier League,2627,Chelsea,Cole Palmer,1,2026,80,8497,M,5,445,2,1.8209411725401878,2,1.8209411725401878,2,1.8364662174135447,17,11,1,0,4.83687661588192,1.6125021167099476
ENG-Premier League,2627,Chelsea,Danny Welbeck,1,2026,80,501,F S,3,83,0,0.0,0,0.0,0,0.20335248857736588,0,3,0,0,0.47429971396923065,0.2709472179412842
ENG-Premier League,2627,Chelsea,Emiliano Martinez,1,2026,80,4401,GK,4,360,0,0.0,0,0.0,0,0.26921070739626884,0,3,0,0,0.6718895025551319,0.4026787802577019
ENG-Premier League,2627,Chelsea,Enzo Fernández,1,2026,80,11356,M S,4,274,1,0.3784715570509434,1,0.3784715570509434,0,0.6221392452716827,5,4,1,0,2.3471796959638596,1.8740161061286926
ENG-Premier League,2627,Chelsea,Estêvão,1,2026,80,13775,S,4,14,0,0.1030909139662981,0,0.1030909139662981,0,0.0,2,0,0,0,0.19624613225460052,0.09315522015094757
ENG-Premier League,2627,Chelsea,Geovany Quenda,1,2026,80,14923,S,2,24,0,0.03159583359956741,0,0.03159583359956741,0,0.0,1,0,0,0,0.0,0.0
ENG-Premier League,2627,Chelsea,Jordan Henderson,1,2026,80,605,M,1,90,0,0.0,0,0.0,0,0.0,0,0,0,0,0.05047351494431496,0.05047351494431496
ENG-Premier League,2627,Chelsea,Jorrel Hato,1,2026,80,13776,D,4,269,0,0.034903109073638916,0,0.034903109073638916,2,1.2096408493816853,1,4,0,0,1.940410055220127,1.8537863865494728
ENG-Premier League,2627,Chelsea,Josh Acheampong,1,2026,80,12535,D S,4,218,0,0.0,0,0.0,0,0.0,0,0,0,0,1.043536651879549,1.043536651879549
ENG-Premier League,2627,Chelsea,João Pedro,1,2026,80,8272,F,4,360,3,2.517409959807992,3,2.517409959807992,3,0.7439739257097244,11,7,1,0,4.1094639003276825,0.9801533166319132
ENG-Premier League,2627,Chelsea,Levi Colwill,1,2026,80,10805,D,4,344,0,0.046287089586257935,0,0.046287089586257935,0,0.013180774636566639,1,1,1,0,1.5919955968856812,1.5325277224183083
ENG-Premier League,2627,Chelsea,Mahdi Nicoll-Jazuli,1,2026,80,15091,S,1,2,0,0.0,0,0.0,0,0.0,0,0,0,0,0.0,0.0
ENG-Premier League,2627,Chelsea,Malo Gusto,1,2026,80,9017,D M S,4,274,0,0.0633799321949482,0,0.0633799321949482,0,0.032199397683143616,2,1,0,0,1.386716928333044,1.3162947297096252
ENG-Premier League,2627,Chelsea,Maxence Lacroix,1,2026,80,8853,D S,5,362,0,0.3009853521361947,0,0.3009853521361947,1,0.4455546438694,2,1,1,0,1.8460345640778542,1.8460345640778542
ENG-Premier League,2627,Chelsea,Moisés Caicedo,1,2026,80,9453,S,1,14,0,0.0,0,0.0,0,0.0,0,0,0,0,0.0,0.0
ENG-Premier League,2627,Chelsea,Morgan Rogers,1,2026,80,12412,M,5,444,3,1.4361898303031921,3,1.4361898303031921,1,1.80231461673975,15,11,1,0,4.165929287672043,1.1771483309566975
ENG-Premier League,2627,Chelsea,Pedro Neto,1,2026,80,6382,D M S,5,343,1,1.065810576081276,1,1.065810576081276,0,0.7570094503462315,7,5,0,0,1.7371716722846031,0.609008364379406
ENG-Premier League,2627,Chelsea,Pep Chavarría,1,2026,80,11087,D S,5,197,0,0.029501985758543015,0,0.029501985758543015,0,0.06905877590179443,1,2,0,0,0.7497057188302279,0.6511449608951807
ENG-Premier League,2627,Chelsea,Reece James,1,2026,80,8067,M S,4,290,0,0.2511844299733639,0,0.2511844299733639,0,0.05116630531847477,8,2,1,0,1.1988796144723892,1.0695355460047722
ENG-Premier League,2627,Chelsea,Robert Sánchez,1,2026,80,9098,GK,1,90,0,0.0,0,0.0,0,0.0,0,0,0,0,0.280918151140213,0.280918151140213
ENG-Premier League,2627,Chelsea,Romeo Lavia,1,2026,80,10004,M,4,273,1,1.2299621105194092,1,1.2299621105194092,0,0.17657209932804108,2,2,1,0,1.7416341751813889,1.671058401465416
ENG-Premier League,2627,Chelsea,Valentín Barco,1,2026,80,12498,M S,3,112,0,0.1294342540204525,0,0.1294342540204525,0,0.0,2,0,1,0,0.14786021411418915,0.07340063899755478
ENG-Premier League,2627,Chelsea,Wesley Fofana,1,2026,80,7589,D,4,320,0,0.0,0,0.0,0,0.028139306232333183,0,2,1,0,0.9663230217993259,0.9529836513102055
ENG-Premier League,2627,Coventry,Aurèle Amenda,1,2026,294,12955,D,4,360,0,0.01105454657226801,0,0.01105454657226801,0,0.07092874497175217,1,1,1,0,0.8940168619155884,0.8120335824787617
ENG-Premier League,2627,Coventry,Bobby Thomas,1,2026,294,8483,D,5,440,0,0.2913232855498791,0,0.2913232855498791,0,0.5729330964386463,10,4,0,0,1.4396229647099972,0.8415733277797699
ENG-Premier League,2627,Coventry,Brandon Thomas-Asante,1,2026,294,14745,F M S,5,226,0,0.25695372372865677,0,0.25695372372865677,0,0.0,5,0,0,0,0.2781979590654373,0.09541922062635422
ENG-Premier League,2627,Coventry,Caleb Yirenkyi,1,2026,294,14744,D M S,5,269,0,0.029757032170891762,0,0.029757032170891762,0,0.1697358787059784,1,3,1,0,0.9969564564526081,0.8272206038236618
ENG-Premier League,2627,Coventry,Carl Rushworth,1,2026,294,12760,GK,5,450,0,0.0,0,0.0,1,0.2845446765422821,0,1,0,0,0.5765660218894482,0.29202134907245636
ENG-Premier League,2627,Coventry,Ellis Simms,1,2026,294,8582,F S,3,105,0,0.48840323090553284,0,0.48840323090553284,0,0.02323154080659151,1,2,0,0,0.5116347707808018,0.0
ENG-Premier League,2627,Coventry,Ephron Mason-Clark,1,2026,294,14981,M,4,240,0,0.32712817564606667,0,0.32712817564606667,0,0.18387008644640446,4,4,0,0,0.6489716582000256,0.13797338400036097
ENG-Premier League,2627,Coventry,Ethan Pinnock,1,2026,294,9678,D S,4,280,0,0.08637979440391064,0,0.08637979440391064,0,0.0,2,0,1,0,0.3888557553291321,0.3888557553291321
ENG-Premier League,2627,Coventry,Frank Onyeka,1,2026,294,9681,M,4,318,0,0.04409420117735863,0,0.04409420117735863,0,0.0,1,0,0,0,0.06170129403471947,0.06170129403471947
ENG-Premier League,2627,Coventry,Gustavo Hamer,1,2026,294,11839,S,3,27,0,0.0,0,0.0,0,0.0,0,0,0,0,0.09541922062635422,0.09541922062635422
ENG-Premier League,2627,Coventry,Jack Rudoni,1,2026,294,14747,M S,5,304,0,1.4225774444639683,0,1.4225774444639683,0,0.5934824347496033,6,9,0,0,2.0426415354013443,0.3191619776189327
ENG-Premier League,2627,Coventry,Jay Dasilva,1,2026,294,14743,D,5,446,1,0.3974166736006737,1,0.3974166736006737,0,0.4225407615303993,3,4,0,0,1.1955077983438969,0.5152910724282265
ENG-Premier League,2627,Coventry,Joel Latibeaudiere,1,2026,294,14748,S,1,1,0,0.0,0,0.0,0,0.0,0,0,0,0,0.0,0.0
ENG-Premier League,2627,Coventry,Loum Tchaouna,1,2026,294,9977,M S,4,214,0,0.2081379685550928,0,0.2081379685550928,0,0.1702721044421196,6,3,0,0,0.5795920044183731,0.35506126284599304
ENG-Premier League,2627,Coventry,Matt Grimes,1,2026,294,1045,M,5,445,0,0.08464585710316896,0,0.08464585710316896,0,0.08522953931242228,4,2,0,0,1.0247676679864526,0.9540700241923332
ENG-Premier League,2627,Coventry,Milan van Ewijk,1,2026,294,14742,D,4,360,0,0.0,0,0.0,0,0.1488154251128435,0,3,1,0,0.7705074846744537,0.7449175603687763
ENG-Premier League,2627,Coventry,Sidiki Chérif,1,2026,294,12847,S,1,29,0,0.0,0,0.0,0,0.0,0,0,0,0,0.030319441109895706,0.030319441109895706
ENG-Premier League,2627,Coventry,Stephen Mfuni,1,2026,294,14054,D,1,90,0,0.0,0,0.0,0,0.0,0,0,0,0,0.02839769423007965,0.02839769423007965
ENG-Premier League,2627,Coventry,Taiwo Awoniyi,1,2026,294,7814,F S,4,234,0,1.3279294669628143,0,1.3279294669628143,0,0.15424899756908417,6,3,0,1,1.688181221485138,0.324620746076107
ENG-Premier League,2627,Coventry,Tatsuhiro Sakamoto,1,2026,294,14749,S,1,29,0,0.027806278318166733,0,0.027806278318166733,0,0.0,1,0,0,0,0.12322550266981125,0.09541922062635422
ENG-Premier League,2627,Coventry,Victor Torp,1,2026,294,14746,S,3,48,0,0.0,0,0.0,0,0.5053454041481018,0,1,0,0,0.600764624774456,0.09541922062635422
ENG-Premier League,2627,Crystal Palace,Adam Wharton,1,2026,78,12409,M,5,442,0,0.09774953313171864,0,0.09774953313171864,0,0.7138844504952431,4,7,1,0,2.7233950905501842,1.96331188082695
ENG-Premier League,2627,Crystal Palace,Anan Khalaili,1,2026,78,14770,D S,5,377,1,0.913678627461195,1,0.913678627461195,0,0.20309149846434593,7,3,1,0,2.510296329855919,1.7461591586470604
ENG-Premier League,2627,Crystal Palace,Axel Disasi,1,2026,78,6885,D S,3,138,0,0.0,0,0.0,0,0.03350216895341873,0,1,0,1,0.40373096987605095,0.40373096987605095
ENG-Premier League,2627,Crystal Palace,Ben Chilwell,1,2026,78,782,S,2,20,1,0.4560462087392807,1,0.4560462087392807,0,0.0,2,0,0,0,0.4560462087392807,0.0
ENG-Premier League,2627,Crystal Palace,Chadi Riad,1,2026,78,11167,D,1,77,0,0.0,0,0.0,0,0.0,0,0,0,0,0.024988599121570587,0.024988599121570587
ENG-Premier League,2627,Crystal Palace,Chris Richards,1,2026,78,8430,D,5,450,0,0.05777733772993088,0,0.05777733772993088,0,0.0,2,0,1,0,0.9696577750146389,0.9696577750146389
ENG-Premier League,2627,Crystal Palace,Daichi Kamada,1,2026,78,6145,M,5,449,0,0.45677240565419197,0,0.45677240565419197,3,0.8362781256437302,4,6,1,0,1.9917849749326706,0.7822625264525414
ENG-Premier League,2627,Crystal Palace,Daniel Muñoz,1,2026,78,12408,D S,4,263,0,0.6327560693025589,0,0.6327560693025589,0,0.21471409499645233,6,4,0,0,3.5390845835208893,2.7617710530757904
ENG-Premier League,2627,Crystal Palace,Darío Osorio,1,2026,78,15045,S,1,1,0,0.0,0,0.0,0,0.0,0,0,0,0,0.0,0.0
ENG-Premier League,2627,Crystal Palace,Dean Henderson,1,2026,78,7702,GK,3,270,0,0.0,0,0.0,0,0.0,0,0,0,0,0.43245450407266617,0.43245450407266617
ENG-Premier League,2627,Crystal Palace,Dwight McNeil,1,2026,78,6756,M S,2,88,0,0.024988599121570587,0,0.024988599121570587,0,0.0,1,0,0,0,0.8070297837257385,0.7820411920547485
ENG-Premier League,2627,Crystal Palace,Eddie Nketiah,1,2026,78,6482,F M S,4,186,0,1.3445371091365814,0,1.3445371091365814,1,1.731226783245802,4,4,0,0,2.7044309973716736,0.024988599121570587
ENG-Premier League,2627,Crystal Palace,Evann Guessand,1,2026,78,8006,S,2,49,0,0.04007472097873688,0,0.04007472097873688,0,0.0,1,0,0,0,0.04007472097873688,0.0
ENG-Premier League,2627,Crystal Palace,Honest Ahanor,1,2026,78,12779,D,1,90,0,0.0,0,0.0,0,0.05222587659955025,0,1,0,0,0.20462976396083832,0.15240389108657837
ENG-Premier League,2627,Crystal Palace,Ismaila Sarr,1,2026,78,5675,S,1,7,0,0.0,0,0.0,0,0.0,0,0,0,0,0.0,0.0
ENG-Premier League,2627,Crystal Palace,Jaydee Canvot,1,2026,78,13091,D,4,360,0,0.01944364793598652,0,0.01944364793598652,0,0.016936169937253,1,1,0,0,1.5514642409980297,1.5320206098258495
ENG-Premier League,2627,Crystal Palace,Jean-Philippe Mateta,1,2026,78,5735,F,1,67,0,1.3189489841461182,0,1.3189489841461182,0,0.024988599121570587,2,1,0,0,1.6011031866073608,0.2571656405925751
ENG-Premier League,2627,Crystal Palace,Jefferson Lerma,1,2026,78,2182,S,2,44,0,0.3585331439971924,0,0.3585331439971924,0,0.0,1,0,1,0,0.12161079049110413,0.12161079049110413
ENG-Premier League,2627,Crystal Palace,Jørgen Strand Larsen,1,2026,78,11070,F S,5,299,1,0.36422930285334587,1,0.36422930285334587,0,0.18415699526667595,6,2,0,0,0.9291204512119293,0.4216524362564087
ENG-Premier League,2627,Crystal Palace,Quinten Timber,1,2026,78,14376,M,3,258,0,0.30441351793706417,0,0.30441351793706417,0,0.06901952624320984,5,2,0,0,0.4113083388656378,0.03787529468536377
ENG-Premier League,2627,Crystal Palace,Takehiro Tomiyasu,1,2026,78,7931,D S,4,189,0,0.0,0,0.0,0,0.01868525892496109,0,1,0,0,0.6858354732394218,0.6671502105891705
ENG-Premier League,2627,Crystal Palace,Tyrick Mitchell,1,2026,78,8214,D,5,430,2,1.0259912312030792,2,1.0259912312030792,0,0.5719306748360395,5,5,0,0,1.980098593980074,0.8720796257257462
ENG-Premier League,2627,Crystal Palace,Walter Benítez,1,2026,78,5652,GK,2,180,0,0.0,0,0.0,0,0.0,0,0,0,0,0.16922283172607422,0.16922283172607422
ENG-Premier League,2627,Crystal Palace,Will Hughes,1,2026,78,6104,S,2,20,0,0.0,0,0.0,0,0.06793029606342316,0,1,0,0,0.06793029606342316,0.0
ENG-Premier League,2627,Crystal Palace,Yeremi Pino,1,2026,78,9024,M S,5,308,0,0.6449213363230228,0,0.6449213363230228,0,0.955132283270359,6,5,1,0,2.3728346303105354,1.879701629281044
ENG-Premier League,2627,Crystal Palace,Zavier Gozo,1,2026,78,14934,S,2,22,0,0.0,0,0.0,0,0.0,0,0,0,0,0.06793029606342316,0.06793029606342316
ENG-Premier League,2627,Crystal Palace,Óscar Mingueza,1,2026,78,9011,S,2,15,0,0.0,0,0.0,0,0.0,0,0,0,0,0.0,0.0
ENG-Premier League,2627,Everton,Ainsley Maitland-Niles,1,2026,72,1750,D S,3,177,1,0.04600551724433899,1,0.04600551724433899,0,0.42215806245803833,2,3,0,0,1.253463700413704,0.8809201717376709
ENG-Premier League,2627,Everton,Beto,1,2026,72,9983,S,2,25,0,0.1096467524766922,0,0.1096467524766922,0,0.0,2,0,0,0,0.1096467524766922,0.0
ENG-Premier League,2627,Everton,Brennan Johnson,1,2026,72,10760,M S,5,241,0,0.9158050939440727,0,0.9158050939440727,0,0.20023640990257263,4,4,1,0,1.6523170322179794,0.5632150955498219
ENG-Premier League,2627,Everton,Carlos Alcaraz,1,2026,72,11297,S,2,2,0,0.1389852948486805,0,0.1389852948486805,0,0.0,2,0,1,0,0.1389852948486805,0.0
ENG-Premier League,2627,Everton,Harrison Armstrong,1,2026,72,12757,M,5,449,0,0.18999109417200089,0,0.18999109417200089,1,0.891987033188343,4,4,2,0,2.911220133304596,1.8292419463396072
ENG-Premier League,2627,Everton,Hayden Hackney,1,2026,72,14769,M S,5,135,0,0.08312271535396576,0,0.08312271535396576,1,0.1533246859908104,2,4,0,0,0.2707803100347519,0.19078344851732254
ENG-Premier League,2627,Everton,Iliman Ndiaye,1,2026,72,9307,M S,5,390,0,0.3821170572191477,0,0.3821170572191477,1,1.230673087760806,7,7,0,0,1.777683548629284,0.9393892288208008
ENG-Premier League,2627,Everton,Jack Grealish,1,2026,72,675,M S,4,130,0,0.020697101950645447,0,0.020697101950645447,0,0.5671355798840523,1,6,0,0,1.5936466082930565,1.177211456000805
ENG-Premier League,2627,Everton,Jake O'Brien,1,2026,72,12014,S,2,14,0,0.0,0,0.0,0,0.0,0,0,0,0,0.0,0.0
ENG-Premier League,2627,Everton,James Garner,1,2026,72,7438,M S,5,331,0,0.1389046087861061,0,0.1389046087861061,0,0.17727646604180336,3,4,2,0,3.4155030883848667,3.2718188166618347
ENG-Premier League,2627,Everton,James Tarkowski,1,2026,72,1665,D,5,450,1,0.14223982486873865,1,0.14223982486873865,1,0.36013163533061743,4,2,0,0,2.204187862575054,1.8424348160624504
ENG-Premier League,2627,Everton,Jarrad Branthwaite,1,2026,72,8476,D,5,450,0,0.316840298473835,0,0.316840298473835,0,0.0,3,0,0,0,1.9304542392492294,1.8799719363451004
ENG-Premier League,2627,Everton,Jordan Pickford,1,2026,72,741,GK,5,450,0,0.0,0,0.0,0,0.0,0,0,0,0,0.6117682410404086,0.6117682410404086
ENG-Premier League,2627,Everton,Kiernan Dewsbury-Hall,1,2026,72,9739,M,5,450,1,1.453199703246355,1,1.453199703246355,0,1.1657781824469566,18,11,1,0,3.7215589582920074,1.8836163580417633
ENG-Premier League,2627,Everton,Merlin Röhl,1,2026,72,11331,D,3,257,0,0.0,0,0.0,0,0.42543434351682663,0,2,1,0,0.5663490295410156,0.140914686024189
ENG-Premier League,2627,Everton,Thierno Barry,1,2026,72,12916,F,5,425,2,3.8537104427814484,2,3.8537104427814484,0,0.29706668108701706,17,5,0,0,4.0462949723005295,0.6976549290120602
ENG-Premier League,2627,Everton,Tim Iroegbunam,1,2026,72,9554,S,3,59,0,0.10366018861532211,0,0.10366018861532211,0,0.02109435759484768,2,1,1,0,0.5376907140016556,0.41293616592884064
ENG-Premier League,2627,Everton,Tyler Dibling,1,2026,72,10586,S,1,23,0,0.24973441660404205,0,0.24973441660404205,0,0.3950921893119812,3,2,0,0,0.6448265910148621,0.3731476664543152
ENG-Premier League,2627,Everton,Tyrique George,1,2026,72,12573,M S,5,319,1,0.37951354682445526,1,0.37951354682445526,0,0.7398852212354541,10,7,0,0,1.6029456481337547,0.6289728656411171
ENG-Premier League,2627,Everton,Vitalii Mykolenko,1,2026,72,10291,D,5,450,0,0.08575087785720825,0,0.08575087785720825,0,0.1454806700348854,1,2,1,0,2.387879127636552,2.242398465052247
ENG-Premier League,2627,Fulham,Alex Iwobi,1,2026,228,500,M,5,416,0,0.6891581993550062,0,0.6891581993550062,0,1.6279734522104263,6,10,0,0,2.9686436653137207,2.2165632843971252
ENG-Premier League,2627,Fulham,Antonee Robinson,1,2026,228,8940,D,5,437,0,0.32649528980255127,0,0.32649528980255127,0,0.40088988840579987,4,7,0,0,3.1440735459327698,2.5841140151023865
ENG-Premier League,2627,Fulham,Bernd Leno,1,2026,228,181,GK,5,450,0,0.0,0,0.0,0,0.0,0,0,0,0,2.299736440181732,2.299736440181732
ENG-Premier League,2627,Fulham,Calvin Bassey,1,2026,228,11728,D,5,450,0,0.14890627562999725,0,0.14890627562999725,0,0.0,3,0,1,0,3.6219164058566093,3.5417126044631004
ENG-Premier League,2627,Fulham,César Palacios,1,2026,228,14352,M S,4,238,1,1.0977095626294613,1,1.0977095626294613,0,0.08391636982560158,8,2,1,0,1.1128899604082108,0.16956484876573086
ENG-Premier League,2627,Fulham,David Affengruber,1,2026,228,13837,D,2,180,0,0.0,0,0.0,0,0.05456821992993355,0,1,0,0,1.4294373914599419,1.4294373914599419
ENG-Premier League,2627,Fulham,Emile Smith-Rowe,1,2026,228,7230,S,3,31,0,0.06059261038899422,0,0.06059261038899422,0,0.0901469960808754,1,2,0,0,0.38259655237197876,0.23185694217681885
ENG-Premier League,2627,Fulham,Gonzalo García,1,2026,228,12035,F,5,428,1,2.5277403593063354,1,2.5277403593063354,0,0.5807332247495651,15,3,0,0,3.6125535666942596,1.0963487848639488
ENG-Premier League,2627,Fulham,Hugo Larsson,1,2026,228,11911,S,3,32,0,0.09147104620933533,0,0.09147104620933533,0,0.0,1,0,0,0,0.32332800328731537,0.23185694217681885
ENG-Premier League,2627,Fulham,Joachim Andersen,1,2026,228,6314,D S,3,190,0,0.0,0,0.0,0,0.15715981647372246,0,3,1,0,1.5198173522949219,1.4592247009277344
ENG-Premier League,2627,Fulham,Jorge Cuenca,1,2026,228,8489,D,1,90,0,0.0,0,0.0,0,0.24121855199337006,0,2,0,0,0.3366747200489044,0.3366747200489044
ENG-Premier League,2627,Fulham,Joshua King,1,2026,228,12410,M,5,428,2,1.3586387112736702,2,1.3586387112736702,0,0.6300289370119572,14,4,1,0,3.4324229955673218,1.7162633314728737
ENG-Premier League,2627,Fulham,Kenny Tete,1,2026,228,5973,S,1,26,0,0.0,0,0.0,0,0.0,0,0,1,0,0.027606673538684845,0.027606673538684845
ENG-Premier League,2627,Fulham,Kevin,1,2026,228,14030,S,4,57,0,0.08546999096870422,0,0.08546999096870422,0,0.0,2,0,0,0,0.12353254482150078,0.038062553852796555
ENG-Premier League,2627,Fulham,Oscar Bobb,1,2026,228,11903,M,5,356,0,0.4986396059393883,0,0.4986396059393883,0,1.0200855024158955,4,8,0,0,2.538703992962837,1.3857592940330505
ENG-Premier League,2627,Fulham,Rodrigo Muniz,1,2026,228,10717,S,4,31,0,0.21857121400535107,0,0.21857121400535107,0,0.11479423753917217,3,2,1,0,0.33336546644568443,0.0
ENG-Premier League,2627,Fulham,Ryan Sessegnon,1,2026,228,6837,S,3,43,0,0.1366333719342947,0,0.1366333719342947,0,0.0892665684223175,3,1,0,0,0.24543802812695503,0.1468672025948763
ENG-Premier League,2627,Fulham,Sander Berge,1,2026,228,8285,M S,5,350,0,0.08101600408554077,0,0.08101600408554077,0,0.4690428450703621,2,6,0,0,2.663769982755184,2.133249193429947
ENG-Premier League,2627,Fulham,Shea Charles,1,2026,228,11594,M S,5,305,0,0.062444254755973816,0,0.062444254755973816,0,0.17905479669570923,2,3,0,0,2.31061914563179,2.1713491529226303
ENG-Premier League,2627,Fulham,Timothy Castagne,1,2026,228,6157,D,5,412,0,0.654914066195488,0,0.654914066195488,1,0.3721819370985031,4,4,2,0,3.1328263506293297,2.862978421151638
ENG-Premier League,2627,Hull,Brooke Norton-Cuffy,1,2026,91,13136,S,2,31,0,0.0670347735285759,0,0.0670347735285759,0,0.0,1,0,1,0,0.35039790719747543,0.28336313366889954
ENG-Premier League,2627,Hull,Cody Drameh,1,2026,91,9499,S,2,60,0,0.041359830647706985,0,0.041359830647706985,0,0.0,1,0,0,0,0.041359830647706985,0.0
ENG-Premier League,2627,Hull,Elliot Stroud,1,2026,91,14763,M,4,260,0,0.07286859583109617,0,0.07286859583109617,0,0.03242126479744911,3,1,1,0,0.20917846448719501,0.10388859920203686
ENG-Premier League,2627,Hull,Hidemasa Morita,1,2026,91,14982,M,1,48,0,0.0,0,0.0,0,0.018640276044607162,0,1,0,0,0.018640276044607162,0.0
ENG-Premier League,2627,Hull,Jens Hjertø-Dahl,1,2026,91,14767,S,1,7,0,0.0,0,0.0,0,0.0,0,0,0,0,0.28336313366889954,0.28336313366889954
ENG-Premier League,2627,Hull,Joe Gelhardt,1,2026,91,9339,S,1,2,0,0.0865735188126564,0,0.0865735188126564,0,0.0,3,0,0,0,0.05595221370458603,0.020076420158147812
ENG-Premier League,2627,Hull,John Egan,1,2026,91,7703,D,5,443,0,0.028752113692462444,0,0.028752113692462444,0,0.0,2,0,1,0,0.36630183923989534,0.36097443848848343
ENG-Premier League,2627,Hull,Konstantinos Tzolakis,1,2026,91,14758,GK,5,450,0,0.0,0,0.0,0,0.0,0,0,1,0,0.6477609146386385,0.6477609146386385
ENG-Premier League,2627,Hull,Lewie Coyle,1,2026,91,14759,D,5,359,0,0.07761130481958389,0,0.07761130481958389,0,0.06238145940005779,1,2,1,0,0.2652598861604929,0.15430130250751972
ENG-Premier League,2627,Hull,Liam Millar,1,2026,91,14764,S,2,46,1,0.35808300971984863,1,0.35808300971984863,0,0.0,3,0,1,0,0.47148339822888374,0.11340039595961571
ENG-Premier League,2627,Hull,Lucas Gourna Douath,1,2026,91,8372,M S,3,132,0,0.011333160102367401,0,0.011333160102367401,0,0.10067176073789597,1,3,1,0,0.402684710919857,0.3114141933619976
ENG-Premier League,2627,Hull,Lucas Herrington,1,2026,91,14765,D S,5,190,0,0.01489282213151455,0,0.01489282213151455,0,0.14091253280639648,1,2,0,0,1.2267628535628319,1.106799405068159
ENG-Premier League,2627,Hull,Matt Crooks,1,2026,91,14761,M,3,212,0,0.0,0,0.0,0,0.08537214249372482,0,1,3,0,0.11440632678568363,0.02903418429195881
ENG-Premier League,2627,Hull,Matt Targett,1,2026,91,884,S,1,3,0,0.0,0,0.0,0,0.0,0,0,0,0,0.0,0.0
ENG-Premier League,2627,Hull,Mohamed Ali-Cho,1,2026,91,8685,S,4,62,1,0.7861246690154076,1,0.7861246690154076,0,0.09680966846644878,4,3,0,0,0.8991709351539612,0.039661310613155365
ENG-Premier League,2627,Hull,Mohamed Belloumi,1,2026,91,14760,M,5,408,2,0.9527353011071682,2,0.9527353011071682,2,0.5133136138319969,13,5,1,0,1.4904468655586243,0.1785864718258381
ENG-Premier League,2627,Hull,Nobel Mendy,1,2026,91,12286,D,4,260,1,0.559999842196703,1,0.559999842196703,0,0.0,4,0,0,0,0.11516763269901276,0.08075230568647385
ENG-Premier League,2627,Hull,Oliver McBurnie,1,2026,91,1736,F,5,444,0,1.6400052309036255,0,1.6400052309036255,1,0.5556872598826885,9,6,2,0,2.065118171274662,0.3437080439180136
ENG-Premier League,2627,Hull,Paddy McNair,1,2026,91,559,S,1,24,0,0.0,0,0.0,0,0.0,0,0,0,0,0.0,0.0
ENG-Premier League,2627,Hull,Regan Slater,1,2026,91,14762,M,5,443,0,0.14108235202729702,0,0.14108235202729702,1,0.8655824195593596,4,5,1,0,1.0317744705826044,0.7988396752625704
ENG-Premier League,2627,Hull,Robinio Vaz,1,2026,91,13330,S,2,13,0,0.0,0,0.0,0,0.03587579354643822,0,1,0,0,0.14892205595970154,0.11304626613855362
ENG-Premier League,2627,Hull,Ryan John Giles,1,2026,91,7277,D,5,447,0,0.030095621943473816,0,0.030095621943473816,1,1.0476755518466234,1,8,1,0,1.2762716449797153,0.5802549347281456
ENG-Premier League,2627,Hull,Semi Ajayi,1,2026,91,4490,D,5,426,1,0.9432528605684638,1,0.9432528605684638,0,0.0,3,0,1,0,0.682461678981781,0.682461678981781
ENG-Premier League,2627,Hull,Sorba Thomas,1,2026,91,12843,M S,3,122,0,0.12702691741287708,0,0.12702691741287708,0,0.14521298930048943,3,3,0,0,1.2111794352531433,0.9389395117759705
ENG-Premier League,2627,Ipswich,Abdul Fatawu,1,2026,285,12911,M,5,369,0,0.06209100782871246,0,0.06209100782871246,1,1.992685854434967,4,8,2,1,3.011125385761261,1.0685254111886024
ENG-Premier League,2627,Ipswich,Christian Walton,1,2026,285,9251,GK,1,90,0,0.0,0,0.0,0,0.0,0,0,0,0,0.0,0.0
ENG-Premier League,2627,Ipswich,Chuba Akpom,1,2026,285,1790,S,3,72,1,0.5009468421339989,1,0.5009468421339989,0,0.0,2,0,0,0,0.5453394744545221,0.04439263418316841
ENG-Premier League,2627,Ipswich,Daizen Maeda,1,2026,285,14772,M S,5,262,0,0.7843679301440716,0,0.7843679301440716,0,0.0,3,0,0,0,1.3152420707046986,0.53087417781353
ENG-Premier League,2627,Ipswich,Dara O'Shea,1,2026,285,8756,D,5,450,0,0.018843594938516617,0,0.018843594938516617,0,0.2653389796614647,1,5,0,0,1.3299903385341167,1.1717825680971146
ENG-Premier League,2627,Ipswich,Darnell Furlong,1,2026,285,4391,S,1,15,0,0.0,0,0.0,0,0.0,0,0,0,0,0.0,0.0
ENG-Premier League,2627,Ipswich,Emersonn,1,2026,285,14082,F,5,334,2,1.366104282438755,2,1.366104282438755,1,1.1160312294960022,9,4,0,0,3.319626048207283,0.9138327278196812
ENG-Premier League,2627,Ipswich,Exequiel Palacios,1,2026,285,8325,M S,4,278,0,0.0,0,0.0,0,0.10509649850428104,0,3,0,0,1.5446998793631792,1.4531756658107042
ENG-Premier League,2627,Ipswich,Florentino Luís,1,2026,285,8969,S,2,24,0,0.0,0,0.0,0,0.06397503614425659,0,2,0,0,0.11652307584881783,0.11652307584881783
ENG-Premier League,2627,Ipswich,Guemissongui Ouattara,1,2026,285,10485,D S,5,124,0,0.011039846576750278,0,0.011039846576750278,0,0.12397207133471966,1,3,0,0,0.22637722827494144,0.11290500313043594
ENG-Premier League,2627,Ipswich,Issa Diop,1,2026,285,3203,D,5,450,0,0.06988715380430222,0,0.06988715380430222,0,0.05581830441951752,1,2,0,0,1.8324792012572289,1.8040066584944725
ENG-Premier League,2627,Ipswich,Jack Clarke,1,2026,285,13019,M S,4,174,1,0.2715911287814379,1,0.2715911287814379,0,0.23031297512352467,4,4,1,0,1.0919022932648659,0.5899982322007418
ENG-Premier League,2627,Ipswich,Jacob Greaves,1,2026,285,12745,D,4,360,0,0.0,0,0.0,0,0.05254272371530533,0,1,1,0,1.7024960070848465,1.6499532908201218
ENG-Premier League,2627,Ipswich,Jaden Philogene-Bidace,1,2026,285,9415,S,2,46,0,0.029194907285273075,0,0.029194907285273075,0,0.0,2,0,0,0,0.06379224546253681,0.03459733724594116
ENG-Premier League,2627,Ipswich,Julio Enciso,1,2026,285,11058,M,5,418,0,1.3406626507639885,0,1.3406626507639885,2,1.1283133700489998,17,6,1,0,4.219414532184601,1.7504383772611618
ENG-Premier League,2627,Ipswich,Kasey McAteer,1,2026,285,10166,S,3,36,0,0.02153969183564186,0,0.02153969183564186,0,0.0,1,0,0,0,0.07830766588449478,0.05676797404885292
ENG-Premier League,2627,Ipswich,Kjell Scherpen,1,2026,285,9960,GK,4,360,0,0.0,0,0.0,0,0.0,0,0,0,0,1.1611180333420634,1.1611180333420634
ENG-Premier League,2627,Ipswich,Leif Davis,1,2026,285,8919,D,5,450,2,1.7481177002191544,2,1.7481177002191544,1,0.6700423881411552,6,4,0,0,3.3972990438342094,1.432579517364502
ENG-Premier League,2627,Ipswich,Marcelino Núñez,1,2026,285,14771,M,2,146,0,0.055459536612033844,0,0.055459536612033844,0,0.03799659386277199,1,1,0,0,1.5013093948364258,1.5013093948364258
ENG-Premier League,2627,Ipswich,Sasa Lukic,1,2026,285,1537,M,5,411,0,0.03799659386277199,0,0.03799659386277199,1,0.4162421263754368,1,6,2,0,2.7598775774240494,2.378874570131302
ENG-Premier League,2627,Ipswich,Sindre Egeli,1,2026,285,14773,S,1,8,0,0.0,0,0.0,0,0.0,0,0,0,0,0.0,0.0
ENG-Premier League,2627,Ipswich,Zian Flemming,1,2026,285,13729,S,3,52,1,0.8689452726393938,1,0.8689452726393938,0,0.01888122223317623,5,1,1,0,0.7857956197112799,0.0
ENG-Premier League,2627,Leeds,Anton Stach,1,2026,245,9910,M,5,450,1,1.1217019446194172,1,1.1217019446194172,0,0.28564581274986267,7,6,0,0,1.3702575992792845,0.30744396708905697
ENG-Premier League,2627,Leeds,Ao Tanaka,1,2026,245,13834,M S,4,257,0,0.7995230369269848,0,0.7995230369269848,1,0.9668696522712708,5,1,1,0,0.4723164662718773,0.28107384592294693
ENG-Premier League,2627,Leeds,Brenden Aaronson,1,2026,245,10751,M S,5,198,0,0.018504053354263306,0,0.018504053354263306,0,0.0,1,0,0,0,0.22485800087451935,0.20635394752025604
ENG-Premier League,2627,Leeds,Daniel James,1,2026,245,5595,S,3,46,0,0.2652605324983597,0,0.2652605324983597,0,0.0,6,0,0,0,0.27958549559116364,0.039398178458213806
ENG-Premier League,2627,Leeds,Dominic Calvert-Lewin,1,2026,245,5555,F,5,424,2,3.3394249826669693,2,3.3394249826669693,1,0.16365769505500793,11,2,3,0,3.3232451528310776,0.18567419610917568
ENG-Premier League,2627,Leeds,Ethan Ampadu,1,2026,245,6369,M,5,450,0,0.044076054356992245,0,0.044076054356992245,0,0.24666166305541992,2,5,0,0,0.7195305377244949,0.4681910127401352
ENG-Premier League,2627,Leeds,Gabriel Gudmundsson,1,2026,245,9944,D,3,255,0,0.0,0,0.0,0,0.0400099940598011,0,1,0,0,0.5887760110199451,0.548766016960144
ENG-Premier League,2627,Leeds,Harry Wilson,1,2026,245,5596,M S,4,141,0,0.012687337584793568,0,0.012687337584793568,0,0.2121756598353386,1,4,1,0,0.2423584908246994,0.03599954582750797
ENG-Premier League,2627,Leeds,Jaka Bijol,1,2026,245,6807,D S,3,167,0,0.0831441581249237,0,0.0831441581249237,0,0.0,2,0,0,0,0.1994854211807251,0.1163412556052208
ENG-Premier League,2627,Leeds,James Justin,1,2026,245,7753,D,5,450,0,0.15903599746525288,0,0.15903599746525288,0,0.6312604583799839,4,4,0,0,0.8710468262434006,0.10016467794775963
ENG-Premier League,2627,Leeds,James Trafford,1,2026,245,9077,GK,5,450,0,0.0,0,0.0,0,0.0,0,0,0,0,0.1601911038160324,0.1601911038160324
ENG-Premier League,2627,Leeds,Jayden Bogle,1,2026,245,9205,D,5,376,2,1.2523942552506924,2,1.2523942552506924,0,0.046497007831931114,6,2,2,0,1.257822135463357,0.9619607031345367
ENG-Premier League,2627,Leeds,Jean Négoce,1,2026,245,10830,S,1,1,0,0.0,0,0.0,0,0.0,0,0,0,0,0.0,0.0
ENG-Premier League,2627,Leeds,Joe Rodon,1,2026,245,6377,D,2,123,0,0.033589523285627365,0,0.033589523285627365,0,0.09783720225095749,1,1,0,0,0.14993077516555786,0.018504053354263306
ENG-Premier League,2627,Leeds,Lukas Nmecha,1,2026,245,6544,S,4,57,0,0.20160260796546936,0,0.20160260796546936,1,0.8600444793701172,3,2,0,0,1.0931142419576645,0.03146717697381973
ENG-Premier League,2627,Leeds,Melvin Bard,1,2026,245,8190,S,1,15,0,0.0,0,0.0,0,0.04158976674079895,0,1,0,0,0.04158976674079895,0.0
ENG-Premier League,2627,Leeds,Nico Elvedi,1,2026,245,212,D S,4,327,0,0.15754225850105286,0,0.15754225850105286,0,0.7818162441253662,2,2,0,0,1.1282214000821114,0.5640117339789867
ENG-Premier League,2627,Leeds,Noah Okafor,1,2026,245,11966,F M S,5,308,1,0.20405089855194092,1,0.20405089855194092,0,0.12063758447766304,5,2,0,0,0.891937755048275,0.5672492757439613
ENG-Premier League,2627,Leeds,Sean Longstaff,1,2026,245,7078,S,2,7,0,0.0,0,0.0,0,0.0,0,0,0,0,0.09783720225095749,0.09783720225095749
ENG-Premier League,2627,Leeds,Tarik Muharemovic,1,2026,245,13879,D,5,450,0,0.37528610974550247,0,0.37528610974550247,1,0.4843495786190033,5,1,0,0,1.4622139055281878,0.7104727122932673
ENG-Premier League,2627,Liverpool,Alexander Isak,1,2026,87,5232,F,5,417,4,3.7344994843006134,4,3.7344994843006134,0,0.15023895353078842,15,3,1,0,2.389996752142906,0.44721717201173306
ENG-Premier League,2627,Liverpool,Alexis Mac Allister,1,2026,87,8379,M S,5,311,0,0.09468719270080328,0,0.09468719270080328,0,0.18993616849184036,3,3,1,0,1.535441242158413,1.3848284408450127
ENG-Premier League,2627,Liverpool,Alisson,1,2026,87,1257,GK,5,450,0,0.0,0,0.0,0,0.0,0,0,1,0,1.2902906648814678,1.2902906648814678
ENG-Premier League,2627,Liverpool,Bradley Barcola,1,2026,87,10016,M S,3,169,0,0.36527144536376,0,0.36527144536376,0,0.17886614054441452,2,2,0,0,0.6835663467645645,0.2582314759492874
ENG-Premier League,2627,Liverpool,Cody Gakpo,1,2026,87,11296,M S,5,373,1,0.5316769182682037,1,0.5316769182682037,3,1.6420192569494247,10,11,0,0,2.57442793995142,1.4476697370409966
ENG-Premier League,2627,Liverpool,Dominik Szoboszlai,1,2026,87,9788,M,5,441,1,1.2616926208138466,0,0.5005238056182861,0,1.418816328048706,13,11,1,0,2.164847582578659,1.8352826833724976
ENG-Premier League,2627,Liverpool,Florian Wirtz,1,2026,87,8397,M,5,405,0,0.9623080939054489,0,0.9623080939054489,1,0.4311150051653385,12,9,1,0,2.9187014997005463,2.1324644684791565
ENG-Premier League,2627,Liverpool,Jeremie Frimpong,1,2026,87,9328,D S,3,181,0,0.013493696227669716,0,0.013493696227669716,0,0.5577860251069069,1,6,1,0,1.5616052150726318,1.0977389067411423
ENG-Premier League,2627,Liverpool,Jérémy Jacquet,1,2026,87,11545,D,5,421,0,0.0,0,0.0,0,0.055985117331147194,0,3,1,0,2.5803601890802383,2.550957515835762
ENG-Premier League,2627,Liverpool,Konstantinos Tsimikas,1,2026,87,8852,D S,2,63,0,0.04438825324177742,0,0.04438825324177742,0,0.0,1,0,0,0,0.5579924583435059,0.5136042088270187
ENG-Premier League,2627,Liverpool,Lewis Koumas,1,2026,87,12434,S,3,21,0,0.1653798706829548,0,0.1653798706829548,0,0.0,2,0,0,0,0.1653798706829548,0.0
ENG-Premier League,2627,Liverpool,Milos Kerkez,1,2026,87,11709,D S,5,387,0,0.0801110751926899,0,0.0801110751926899,0,0.040309472009539604,3,2,2,0,1.0768851190805435,0.9949489533901215
ENG-Premier League,2627,Liverpool,Rio Ngumoha,1,2026,87,13692,M S,3,97,0,0.38646481931209564,0,0.38646481931209564,0,0.0,2,0,0,0,0.5874816626310349,0.2010168470442295
ENG-Premier League,2627,Liverpool,Ronald Araújo,1,2026,87,8091,D S,5,282,0,0.0,0,0.0,0,0.0,0,0,1,0,1.0291796550154686,1.0291796550154686
ENG-Premier League,2627,Liverpool,Ryan Gravenberch,1,2026,87,10697,M S,5,189,0,0.0744986031204462,0,0.0744986031204462,1,0.11003448814153671,3,3,0,0,0.9468704760074615,0.762337401509285
ENG-Premier League,2627,Liverpool,Treymaurice Nyoni,1,2026,87,12203,S,3,33,0,0.0,0,0.0,0,0.0,0,0,0,0,0.2973485589027405,0.2973485589027405
ENG-Premier League,2627,Liverpool,Virgil van Dijk,1,2026,87,833,D,5,450,0,0.122930608689785,0,0.122930608689785,0,0.011301449500024319,2,1,1,0,2.6324381977319717,2.6211367398500443
ENG-Premier League,2627,Liverpool,Víctor Muñoz,1,2026,87,13279,M S,5,261,1,0.4772009328007698,1,0.4772009328007698,0,0.2158210128545761,7,2,1,0,0.9550330899655819,0.5722725950181484
ENG-Premier League,2627,Manchester City,Abduqodir Khusanov,1,2026,88,11763,D,3,270,0,0.0,0,0.0,0,0.0,0,0,1,0,2.533252000808716,2.533252000808716
ENG-Premier League,2627,Manchester City,Antoine Semenyo,1,2026,88,11363,M,5,450,2,0.3976367637515068,2,0.3976367637515068,3,1.4251534789800644,7,10,0,0,5.27187816798687,3.86921726167202
ENG-Premier League,2627,Manchester City,Ayyoub Bouaddi,1,2026,88,12162,S,2,20,0,0.0,0,0.0,0,0.0,0,0,0,0,0.0,0.0
ENG-Premier League,2627,Manchester City,Elliot Anderson,1,2026,88,9154,M,5,418,0,0.08386464603245258,0,0.08386464603245258,0,0.9072193503379822,4,3,1,0,3.994480676949024,3.9769672825932503
ENG-Premier League,2627,Manchester City,Erling Haaland,1,2026,88,8260,F,5,450,5,4.760757207870483,5,4.760757207870483,0,0.6280249953269958,20,1,0,0,5.657658219337463,0.990496426820755
ENG-Premier League,2627,Manchester City,Gianluigi Donnarumma,1,2026,88,1116,GK,5,450,0,0.0,0,0.0,0,0.0,0,0,0,0,0.22147871367633343,0.22147871367633343
ENG-Premier League,2627,Manchester City,Josko Gvardiol,1,2026,88,9790,D,5,436,1,0.43315825425088406,1,0.43315825425088406,2,0.8218707293272018,3,3,1,0,3.858068108558655,3.4055190086364746
ENG-Premier League,2627,Manchester City,Jéremy Doku,1,2026,88,8981,S,1,10,0,0.11682571470737457,0,0.11682571470737457,0,0.5500059723854065,1,1,0,0,1.4166337251663208,0.7498021125793457
ENG-Premier League,2627,Manchester City,Kaden Braithwaite,1,2026,88,14935,S,1,1,0,0.0,0,0.0,0,0.0,0,0,0,0,0.0,0.0
ENG-Premier League,2627,Manchester City,Marc Guehi,1,2026,88,7603,D M,5,450,1,0.7117164582014084,1,0.7117164582014084,1,0.5821347422897816,3,3,0,0,5.129593670368195,5.129593670368195
ENG-Premier League,2627,Manchester City,Mateo Kovacic,1,2026,88,2254,S,2,39,0,0.0,0,0.0,0,0.0,0,0,0,0,1.0220698118209839,1.0220698118209839
ENG-Premier League,2627,Manchester City,Matheus Nunes,1,2026,88,11000,D S,3,211,0,0.0,0,0.0,0,0.0,0,0,0,0,1.9549574628472328,1.9549574628472328
ENG-Premier League,2627,Manchester City,Mathis Cherki,1,2026,88,8094,M S,5,313,3,1.058727128431201,3,1.058727128431201,2,1.856302186846733,9,12,1,0,4.495353020727634,2.8917939737439156
ENG-Premier League,2627,Manchester City,Nico O'Reilly,1,2026,88,11592,M S,4,162,0,0.7226127600297332,0,0.7226127600297332,0,0.05560465529561043,3,1,0,0,1.8265763707458973,1.2669845409691334
ENG-Premier League,2627,Manchester City,Phil Foden,1,2026,88,6055,M S,4,219,0,1.562865175306797,0,1.562865175306797,2,1.2920979335904121,6,7,1,1,3.519607402384281,1.261883020401001
ENG-Premier League,2627,Manchester City,Rico Lewis,1,2026,88,10847,D,1,59,0,0.3493589162826538,0,0.3493589162826538,0,0.0,1,0,0,0,0.40496358275413513,0.05560465529561043
ENG-Premier League,2627,Manchester City,Ryan McAidoo,1,2026,88,14097,S,2,9,0,0.18103788793087006,0,0.18103788793087006,0,0.0,1,0,0,0,0.18103788793087006,0.0
ENG-Premier League,2627,Manchester City,Rúben Dias,1,2026,88,8961,D,5,450,0,0.1631077080965042,0,0.1631077080965042,0,0.2958108764141798,2,3,0,0,4.27147501707077,4.090437173843384
ENG-Premier League,2627,Manchester City,Vitor Reis,1,2026,88,13380,S,1,1,0,0.0,0,0.0,0,0.0,0,0,0,0,0.0,0.0
ENG-Premier League,2627,Manchester United,Andrey Santos,1,2026,89,11808,M S,3,80,0,0.0,0,0.0,0,0.0,0,0,0,0,1.2654043026268482,1.2654043026268482
ENG-Premier League,2627,Manchester United,Ayden Heaven,1,2026,89,13080,D,1,90,0,0.1321679949760437,0,0.1321679949760437,0,0.0,2,0,0,0,0.20019350945949554,0.18039169907569885
ENG-Premier League,2627,Manchester United,Benjamin Sesko,1,2026,89,11974,S,4,67,1,0.5099981389939785,1,0.5099981389939785,0,0.0985427126288414,4,1,0,0,1.0367052592337132,0.42816442251205444
ENG-Premier League,2627,Manchester United,Bruno Fernandes,1,2026,89,1228,M,5,450,3,3.054240271449089,2,2.293071433901787,1,0.8571310415863991,19,13,0,0,4.767141938209534,2.4167455509305
ENG-Premier League,2627,Manchester United,Bryan Mbeumo,1,2026,89,6552,M,5,450,2,2.8686716854572296,2,2.8686716854572296,0,1.2157072350382805,19,10,1,0,5.811429470777512,2.19177614338696
ENG-Premier League,2627,Manchester United,Diogo Dalot,1,2026,89,7281,D S,5,351,0,0.3334149634465575,0,0.3334149634465575,0,0.553809130564332,8,8,1,0,1.4451206997036934,1.0950439609587193
ENG-Premier League,2627,Manchester United,Harry Maguire,1,2026,89,1687,D,5,450,0,0.16041173599660397,0,0.16041173599660397,0,0.5488212071359158,6,3,2,0,2.323545940220356,2.222704604268074
ENG-Premier League,2627,Manchester United,Joshua Zirkzee,1,2026,89,8044,S,2,18,0,0.0,0,0.0,0,0.06738801300525665,0,1,0,0,0.06738801300525665,0.0
ENG-Premier League,2627,Manchester United,Kobbie Mainoo,1,2026,89,11174,M S,5,360,0,0.23591413162648678,0,0.23591413162648678,1,0.2353285737335682,6,6,0,0,2.315055787563324,2.091449685394764
ENG-Premier League,2627,Manchester United,Leny Yoro,1,2026,89,10564,S,2,17,0,0.0,0,0.0,0,0.0,0,0,0,0,0.022643525153398514,0.022643525153398514
ENG-Premier League,2627,Manchester United,Lisandro Martínez,1,2026,89,10802,D,4,360,0,0.16148275136947632,0,0.16148275136947632,0,0.016441117972135544,6,1,0,0,1.3609998915344477,1.3460986111313105
ENG-Premier League,2627,Manchester United,Luke Shaw,1,2026,89,1006,D,4,339,0,0.0528936292976141,0,0.0528936292976141,1,0.6392222791910172,2,5,1,0,2.026820331811905,1.5441753715276718
ENG-Premier League,2627,Manchester United,Marcus Rashford,1,2026,89,556,M S,5,359,0,1.31516495347023,0,1.31516495347023,0,0.45503295958042145,13,13,0,0,2.1744974553585052,0.6078035831451416
ENG-Premier League,2627,Manchester United,Mason Mount,1,2026,89,7768,S,1,10,0,0.04348843917250633,0,0.04348843917250633,0,0.0,1,0,0,0,0.04348843917250633,0.0
ENG-Premier League,2627,Manchester United,Matheus Cunha,1,2026,89,7080,F,5,417,1,0.5601261369884014,1,0.5601261369884014,1,1.759502187371254,13,8,0,0,3.5736555606126785,1.317332848906517
ENG-Premier League,2627,Manchester United,Noussair Mazraoui,1,2026,89,10696,D S,3,98,0,0.09059377759695053,0,0.09059377759695053,0,0.10549098253250122,1,2,0,0,1.3720625638961792,1.2247279286384583
ENG-Premier League,2627,Manchester United,Patrick Dorgu,1,2026,89,11944,D M S,5,169,0,0.9733668267726898,0,0.9733668267726898,1,0.12605641037225723,6,3,1,0,1.4996729083359241,0.48900542221963406
ENG-Premier League,2627,Manchester United,Senne Lammens,1,2026,89,14056,GK,5,450,0,0.0,0,0.0,0,0.0,0,0,0,0,0.6359608024358749,0.6359608024358749
ENG-Premier League,2627,Manchester United,Shea Lacey,1,2026,89,14198,S,1,8,0,0.0,0,0.0,0,0.0,0,0,0,0,0.0,0.0
ENG-Premier League,2627,Manchester United,Youri Tielemans,1,2026,89,5956,M,5,408,0,0.3632175512611866,0,0.3632175512611866,0,0.3321077339351177,7,7,0,0,2.812755435705185,2.168562911450863
ENG-Premier League,2627,Newcastle United,Aladji Bamba,1,2026,86,13214,S,3,22,0,0.0,0,0.0,0,0.0,0,0,0,0,0.0,0.0
ENG-Premier League,2627,Newcastle United,Amar Dedic,1,2026,86,13456,D,4,330,0,0.21753118559718132,0,0.21753118559718132,1,0.14115659892559052,3,2,0,0,1.5142665999010205,1.2006105752661824
ENG-Premier League,2627,Newcastle United,Anthony Elanga,1,2026,86,9524,M,3,241,2,0.42241890728473663,2,0.42241890728473663,0,0.6791225373744965,4,4,1,0,1.60206700861454,0.6694696191698313
ENG-Premier League,2627,Newcastle United,Bazoumana Touré,1,2026,86,13427,S,3,43,1,0.08536180853843689,1,0.08536180853843689,0,0.0,1,0,0,0,0.13863065838813782,0.05326884984970093
ENG-Premier League,2627,Newcastle United,Fabian Schär,1,2026,86,76,S,2,20,0,0.0,0,0.0,0,0.0446467325091362,0,1,0,0,0.0,0.0
ENG-Premier League,2627,Newcastle United,Harvey Barnes,1,2026,86,6681,M,5,450,1,0.8555664122104645,1,0.8555664122104645,2,0.39037322998046875,8,6,0,0,1.7876548748463392,0.6539087686687708
ENG-Premier League,2627,Newcastle United,Jacob Murphy,1,2026,86,6063,M S,5,178,0,0.03814785182476044,0,0.03814785182476044,0,0.12469059973955154,2,1,3,0,0.16283845901489258,0.0
ENG-Premier League,2627,Newcastle United,Jacob Ramsey,1,2026,86,8941,S,3,64,1,0.14963432401418686,1,0.14963432401418686,0,0.0,2,0,1,0,0.7209044694900513,0.6304523944854736
ENG-Premier League,2627,Newcastle United,Joe Willock,1,2026,86,6630,M S,5,292,2,0.864694744348526,2,0.864694744348526,0,0.3159610256552696,10,2,0,0,2.090573124587536,0.9543050788342953
ENG-Premier League,2627,Newcastle United,Lewis Hall,1,2026,86,10216,D,5,450,1,0.3191283727064729,1,0.3191283727064729,1,0.7595338206738234,5,5,0,0,1.643626980483532,1.329808585345745
ENG-Premier League,2627,Newcastle United,Lewis Miley,1,2026,86,11386,D M,5,405,0,0.049853045493364334,0,0.049853045493364334,0,0.14608576335012913,1,4,1,0,1.9307107292115688,1.8162116818130016
ENG-Premier League,2627,Newcastle United,Lukás Hornícek,1,2026,86,14874,GK,5,450,0,0.0,0,0.0,0,0.0,0,0,1,0,0.20512499660253525,0.20512499660253525
ENG-Premier League,2627,Newcastle United,Malick Thiaw,1,2026,86,8378,D,5,450,0,0.0,0,0.0,0,0.0675467774271965,0,1,0,0,0.8866446139290929,0.8866446139290929
ENG-Premier League,2627,Newcastle United,Matias Fernandez-Pardo,1,2026,86,13051,M S,3,162,0,0.05241232365369797,0,0.05241232365369797,0,0.012635965831577778,1,1,0,0,0.7345665097236633,0.6695182397961617
ENG-Premier League,2627,Newcastle United,Nick Woltemade,1,2026,86,8117,S,1,18,0,0.018908239901065826,0,0.018908239901065826,1,0.5074549913406372,1,1,0,0,0.0,0.0
ENG-Premier League,2627,Newcastle United,Nico González,1,2026,86,9802,M,3,170,0,0.0,0,0.0,0,0.04393632709980011,0,3,1,0,0.7810100317001343,0.7653721868991852
ENG-Premier League,2627,Newcastle United,Sean Steur,1,2026,86,14875,M S,5,228,0,0.0,0,0.0,0,0.1157017033547163,0,3,0,0,0.40286747738718987,0.30650095269083977
ENG-Premier League,2627,Newcastle United,Sven Botman,1,2026,86,8635,D,5,450,0,0.04953961633145809,0,0.04953961633145809,0,0.0,2,0,1,0,0.4536776766180992,0.43899839371442795
ENG-Premier League,2627,Newcastle United,Valentino Livramento,1,2026,86,9512,S,2,31,0,0.0,0,0.0,0,0.0,0,0,1,0,0.05326884984970093,0.05326884984970093
ENG-Premier League,2627,Newcastle United,William Osula,1,2026,86,9556,F,1,57,0,0.05895792320370674,0,0.05895792320370674,1,0.2569243609905243,2,1,0,0,0.2569243609905243,0.0
ENG-Premier League,2627,Newcastle United,Yoane Wissa,1,2026,86,5786,F M,5,443,1,2.425379753112793,1,1.6642108801752329,1,0.7382008507847786,9,4,2,0,2.514782950282097,0.7349181771278381
ENG-Premier League,2627,Nottingham Forest,Arnaud Kalimuendo Muinga,1,2026,249,8056,S,1,1,0,0.0,0,0.0,0,0.0,0,0,0,0,0.0,0.0
ENG-Premier League,2627,Nottingham Forest,Callum Hudson-Odoi,1,2026,249,6456,S,1,1,0,0.0,0,0.0,0,0.0,0,0,0,0,0.0,0.0
ENG-Premier League,2627,Nottingham Forest,Chris Wood,1,2026,249,4456,S,4,58,0,0.058869559317827225,0,0.058869559317827225,0,0.0,1,0,0,0,0.058869559317827225,0.0
ENG-Premier League,2627,Nottingham Forest,Dan Ndoye,1,2026,249,8662,M,5,332,1,1.7308399975299835,1,1.7308399975299835,0,1.6962198615074158,11,5,1,0,3.6271088141947985,1.26824782602489
ENG-Premier League,2627,Nottingham Forest,Ibrahim Sangare,1,2026,249,5722,M S,3,100,0,0.022970653139054775,0,0.022970653139054775,0,0.01766836829483509,2,1,0,0,0.269901093095541,0.2292620688676834
ENG-Premier League,2627,Nottingham Forest,Igor Jesus,1,2026,249,13778,F S,5,251,1,2.243614614009857,1,2.243614614009857,0,0.16903787851333618,9,2,1,0,3.0242712572216988,0.9241030467674136
ENG-Premier League,2627,Nottingham Forest,Jair,1,2026,249,13779,D,4,360,0,0.03736334014683962,0,0.03736334014683962,0,0.012652511708438396,2,1,2,0,1.597619197331369,1.5602558553218842
ENG-Premier League,2627,Nottingham Forest,James McAtee,1,2026,249,10126,M,5,426,0,0.3188868798315525,0,0.3188868798315525,0,1.1392769422382116,9,12,2,0,2.71364832110703,2.079294355586171
ENG-Premier League,2627,Nottingham Forest,Liam Delap,1,2026,249,8868,F S,4,276,1,1.1201075501739979,1,1.1201075501739979,0,0.6601310446858406,12,6,2,0,2.112693876028061,0.44934430345892906
ENG-Premier League,2627,Nottingham Forest,Luca Netz,1,2026,249,8401,S,3,21,0,0.0,0,0.0,0,0.010637900792062283,0,1,0,0,0.010637900792062283,0.0
ENG-Premier League,2627,Nottingham Forest,Matz Sels,1,2026,249,6903,GK,5,450,0,0.0,0,0.0,0,0.0,0,0,0,0,0.5750250518321991,0.5750250518321991
ENG-Premier League,2627,Nottingham Forest,Morgan Gibbs-White,1,2026,249,6857,M,5,450,1,1.453150950372219,0,0.6919821128249168,2,2.083746552467346,9,14,0,0,3.32504940032959,1.7768863774836063
ENG-Premier League,2627,Nottingham Forest,Murillo,1,2026,249,12123,D,5,450,0,0.34645114094018936,0,0.34645114094018936,1,0.18448807951062918,5,5,1,0,1.191924013197422,1.0407838691025972
ENG-Premier League,2627,Nottingham Forest,Neco Williams,1,2026,249,8204,D,5,450,0,0.45499150454998016,0,0.45499150454998016,0,0.6145083382725716,6,8,0,0,3.6755644474178553,3.144631514325738
ENG-Premier League,2627,Nottingham Forest,Nicolás Domínguez,1,2026,249,8252,S,1,1,0,0.0,0,0.0,0,0.0,0,0,0,0,0.0,0.0
ENG-Premier League,2627,Nottingham Forest,Nikola Milenkovic,1,2026,249,6174,D,3,270,0,0.12386373430490494,0,0.12386373430490494,0,0.0,2,0,1,0,1.2843571975827217,1.2379908561706543
ENG-Premier League,2627,Nottingham Forest,Ola Aina,1,2026,249,725,D,4,315,0,0.03746363893151283,0,0.03746363893151283,0,0.3177260756492615,2,4,2,0,2.4881251826882362,2.376091718673706
ENG-Premier League,2627,Nottingham Forest,Ousmane Diomande,1,2026,249,14775,D S,3,165,0,0.07251891680061817,0,0.07251891680061817,0,0.0,2,0,0,0,0.2292620688676834,0.2292620688676834
ENG-Premier League,2627,Nottingham Forest,Xaver Schlager,1,2026,249,7783,M S,5,374,0,0.17293927818536758,0,0.17293927818536758,0,0.020315295085310936,6,1,1,0,3.134145140647888,3.0166331827640533
ENG-Premier League,2627,Sunderland,Brian Brobbey,1,2026,77,9789,F,5,404,3,2.9173444770276546,3,2.9173444770276546,0,0.6051481859758496,11,5,1,0,4.182296063750982,0.6735323630273342
ENG-Premier League,2627,Sunderland,Chemsdine Talbi,1,2026,77,13717,S,1,29,0,0.0,0,0.0,0,0.0,0,0,0,0,0.0,0.0
ENG-Premier League,2627,Sunderland,Chris Rigg,1,2026,77,13719,S,2,14,0,0.0,0,0.0,0,0.0,0,0,0,0,0.0,0.0
ENG-Premier League,2627,Sunderland,Dan Ballard,1,2026,77,13715,D,5,450,0,0.17874381318688393,0,0.17874381318688393,0,0.151408389210701,5,2,2,0,1.924305286258459,1.7230570744723082
ENG-Premier League,2627,Sunderland,Dayann Methalie,1,2026,77,12841,D,1,90,0,0.014556873589754105,0,0.014556873589754105,0,0.0,1,0,1,0,1.1143755912780762,1.0998187065124512
ENG-Premier League,2627,Sunderland,Enzo Le Fée,1,2026,77,8651,M,5,442,1,1.8244210332632065,0,0.3020833544433117,1,1.9849609732627869,10,8,0,0,3.407839983701706,1.8106865361332893
ENG-Premier League,2627,Sunderland,Granit Xhaka,1,2026,77,204,M,5,450,0,0.0633862242102623,0,0.0633862242102623,0,1.3990975059568882,1,14,2,0,2.818359035998583,2.370546270161867
ENG-Premier League,2627,Sunderland,Habib Diarra,1,2026,77,9767,S,2,26,0,0.015362401492893696,0,0.015362401492893696,1,0.4507821798324585,1,1,0,0,0.5479860501363873,0.08184147626161575
ENG-Premier League,2627,Sunderland,Kevin Danso,1,2026,77,5261,D,3,270,0,0.05250917747616768,0,0.05250917747616768,0,0.08450170792639256,1,3,0,0,1.2709564361721277,1.20655975677073
ENG-Premier League,2627,Sunderland,Luke O'Nien,1,2026,77,14099,D,1,69,0,0.021169524639844894,0,0.021169524639844894,0,0.0,1,0,1,0,0.8553716540336609,0.8553716540336609
ENG-Premier League,2627,Sunderland,Malick Fofana,1,2026,77,12336,S,3,46,0,0.43154117465019226,0,0.43154117465019226,0,0.0,3,0,0,0,0.43154117465019226,0.0
ENG-Premier League,2627,Sunderland,Nilson Angulo,1,2026,77,14424,M,5,335,1,0.6982195675373077,1,0.6982195675373077,1,0.978974848985672,4,2,1,0,2.7113520316779613,1.1511233560740948
ENG-Premier League,2627,Sunderland,Noah Sadiki,1,2026,77,13716,M,5,425,0,0.9139449167996645,0,0.9139449167996645,0,0.4065665788948536,7,3,1,0,2.2449031621217728,1.314534991979599
ENG-Premier League,2627,Sunderland,Nordi Mukiele,1,2026,77,5659,D,4,360,0,1.130737528204918,0,1.130737528204918,0,0.3719659447669983,5,2,1,0,3.0156310200691223,2.4604992121458054
ENG-Premier League,2627,Sunderland,Omar Alderete,1,2026,77,8986,S,1,21,0,0.0,0,0.0,0,0.0,0,0,0,0,0.0,0.0
ENG-Premier League,2627,Sunderland,Reinildo,1,2026,77,7432,D,4,360,0,0.0,0,0.0,0,0.17186172306537628,0,2,0,1,1.4481492098420858,1.4143945034593344
ENG-Premier League,2627,Sunderland,Robin Roefs,1,2026,77,13712,GK,5,450,0,0.0,0,0.0,0,0.0,0,0,0,0,1.640747344121337,1.640747344121337
ENG-Premier League,2627,Sunderland,Romaine Mundle,1,2026,77,11461,S,1,1,0,0.2634761333465576,0,0.2634761333465576,0,0.0,1,0,0,0,0.0,0.0
ENG-Premier League,2627,Sunderland,Thomas Meunier,1,2026,77,5680,D M,5,413,0,0.5553960166871548,0,0.5553960166871548,1,0.5282210577279329,7,2,0,0,2.494141399860382,1.4648783849552274
ENG-Premier League,2627,Sunderland,Trai Hume,1,2026,77,13713,M S,4,196,0,0.15102672576904297,0,0.15102672576904297,0,0.820563267916441,3,4,0,0,2.3622653484344482,1.8171843588352203
ENG-Premier League,2627,Sunderland,Wilson Isidor,1,2026,77,7148,S,5,100,1,1.1115214824676514,1,1.1115214824676514,0,0.0,5,0,0,0,1.0120541900396347,0.0
ENG-Premier League,2627,Tottenham,Andrew Robertson,1,2026,82,1688,D S,5,367,0,0.10143017023801804,0,0.10143017023801804,1,1.0729973539710045,2,8,0,0,1.0077016428112984,0.5973088592290878
ENG-Premier League,2627,Tottenham,Antonín Kinsky,1,2026,82,13348,GK,5,450,0,0.0,0,0.0,0,0.04612572118639946,0,1,0,0,0.48384691402316093,0.4377211928367615
ENG-Premier League,2627,Tottenham,Archie Gray,1,2026,82,10184,D S,4,315,0,0.32665393501520157,0,0.32665393501520157,0,0.0,3,0,0,0,1.1794874519109726,0.852833516895771
ENG-Premier League,2627,Tottenham,Conor Gallagher,1,2026,82,9040,M S,3,133,1,0.39525438845157623,1,0.39525438845157623,0,0.0,2,0,1,0,0.43432726338505745,0.039072874933481216
ENG-Premier League,2627,Tottenham,Dominic Solanke,1,2026,82,1679,F S,5,179,0,0.37181855365633965,0,0.37181855365633965,0,0.10445120930671692,5,1,0,0,0.7045795284211636,0.2991728261113167
ENG-Premier League,2627,Tottenham,Iyenoma Destiny Udogie,1,2026,82,8831,D S,3,86,0,0.0,0,0.0,0,0.1275281012058258,0,1,1,0,0.25937093794345856,0.25937093794345856
ENG-Premier League,2627,Tottenham,James Maddison,1,2026,82,6818,S,3,48,0,0.09006530046463013,0,0.09006530046463013,0,0.0,2,0,0,0,0.2336259726434946,0.20278054662048817
ENG-Premier League,2627,Tottenham,Jan Paul van Hecke,1,2026,82,10807,D,5,450,1,1.0393902733922005,1,1.0393902733922005,0,0.10782617563381791,5,4,1,0,0.9656528457999229,0.8886720947921276
ENG-Premier League,2627,Tottenham,Lucas Bergvall,1,2026,82,12912,M S,3,73,0,0.037219829857349396,0,0.037219829857349396,0,0.0,1,0,0,0,0.08167611807584763,0.04445628821849823
ENG-Premier League,2627,Tottenham,Marcos Senesi,1,2026,82,10864,D,1,90,0,0.0,0,0.0,0,0.0,0,0,0,0,0.570436418056488,0.570436418056488
ENG-Premier League,2627,Tottenham,Mateus Fernandes,1,2026,82,12948,M S,5,257,0,0.17303804866969585,0,0.17303804866969585,0,0.7410605251789093,6,5,1,0,1.0930125713348389,0.7894339468330145
ENG-Premier League,2627,Tottenham,Mathys Tel,1,2026,82,9780,M S,4,259,0,0.2538659814745188,0,0.2538659814745188,0,0.07422562129795551,6,3,0,0,0.9492788724601269,0.8303732387721539
ENG-Premier League,2627,Tottenham,Micky van de Ven,1,2026,82,10050,D,4,360,0,0.7289388813078403,0,0.7289388813078403,0,0.0,3,0,1,0,0.6268856376409531,0.5668285042047501
ENG-Premier League,2627,Tottenham,Mikey Moore,1,2026,82,12603,M S,2,90,0,0.6267714742571115,0,0.6267714742571115,0,0.017000919207930565,4,1,0,0,0.6983903795480728,0.07161890901625156
ENG-Premier League,2627,Tottenham,Mohammed Kudus,1,2026,82,12027,S,4,110,0,0.13467853888869286,0,0.13467853888869286,1,0.5546379387378693,3,3,0,0,0.7345506139099598,0.5482371896505356
ENG-Premier League,2627,Tottenham,Mykhailo Mudryk,1,2026,82,11305,S,1,15,0,0.0,0,0.0,0,0.0,0,0,0,0,0.0,0.0
ENG-Premier League,2627,Tottenham,Omar Marmoush,1,2026,82,8393,F M,4,344,0,0.649056937545538,0,0.649056937545538,0,0.19813790172338486,8,4,0,0,1.5599806122481823,0.9098460823297501
ENG-Premier League,2627,Tottenham,Pedro Porro,1,2026,82,6912,D M,3,198,0,0.2397700110450387,0,0.2397700110450387,0,0.41631805896759033,7,3,0,0,0.6740134507417679,0.1316954344511032
ENG-Premier League,2627,Tottenham,Richarlison,1,2026,82,6026,F,1,69,0,0.0,0,0.0,0,0.0,0,0,0,0,0.10466448217630386,0.10466448217630386
ENG-Premier League,2627,Tottenham,Rodrigo Bentancur,1,2026,82,6108,M S,5,378,0,0.03458724915981293,0,0.03458724915981293,0,0.022197911515831947,1,1,0,0,1.3619062565267086,1.3397083543241024
ENG-Premier League,2627,Tottenham,Sandro Tonali,1,2026,82,7958,M,5,436,0,0.24877306446433067,0,0.24877306446433067,0,0.1999102085828781,8,4,0,0,1.206602618098259,0.8828888982534409
ENG-Premier League,2627,Tottenham,Sávio,1,2026,82,11735,M,3,242,0,0.3957698605954647,0,0.3957698605954647,0,1.144650012254715,6,9,0,0,1.2712439000606537,0.47926633059978485
ENG-Premier League,2627,Tottenham,Tosin Adarabioyo,1,2026,82,5590,S,1,3,0,0.0,0,0.0,0,0.0,0,0,0,0,0.0,0.0
ESP-La Liga,2627,Alaves,Abderrahmane Rebbach,4,2026,158,11825,D,7,570,0,0.15975156985223293,0,0.15975156985223293,0,0.0,5,0,3,0,1.2912773955613375,1.1315258336253464
ESP-La Liga,2627,Alaves,Aitor Mañas,4,2026,158,14222,F S,4,85,0,0.0,0,0.0,0,0.07876139879226685,0,1,0,0,0.10242401994764805,0.023662621155381203
ESP-La Liga,2627,Alaves,Ander Guevara,4,2026,158,6126,M S,3,94,0,0.0,0,0.0,0,0.015313844196498394,0,1,0,0,0.09131512604653835,0.09131512604653835
ESP-La Liga,2627,Alaves,Antonio Blanco,4,2026,158,9280,M S,7,530,0,0.24469502456486225,0,0.24469502456486225,0,0.0674033835530281,7,2,3,0,3.102485191076994,2.9918693751096725
ESP-La Liga,2627,Alaves,Antonio Martínez,4,2026,158,6400,F S,6,351,0,2.0672060176730156,0,2.0672060176730156,0,1.272668719291687,11,5,0,0,3.371043100953102,0.19651546701788902
ESP-La Liga,2627,Alaves,Antonio Sivera,4,2026,158,6075,GK,7,630,0,0.0,0,0.0,1,0.17138788104057312,0,1,1,0,1.3419620115309954,1.3419620115309954
ESP-La Liga,2627,Alaves,Carles Aleñá,4,2026,158,5058,M S,6,113,0,0.09709246642887592,0,0.09709246642887592,1,0.4841231741011143,2,2,0,0,1.1747277099639177,1.1526055410504341
ESP-La Liga,2627,Alaves,Carlos Benavídez,4,2026,158,11826,M S,3,136,0,0.12353791669011116,0,0.12353791669011116,0,0.023662621155381203,3,1,0,0,0.1985777672380209,0.1524143759161234
ESP-La Liga,2627,Alaves,Denis Suárez,4,2026,158,2308,M S,6,277,0,0.6445108875632286,0,0.6445108875632286,0,0.4360318183898926,2,10,1,0,1.5435897819697857,0.7935939319431782
ESP-La Liga,2627,Alaves,Jonny,4,2026,158,2280,D,6,517,0,0.06788504309952259,0,0.06788504309952259,0,0.08421711483970284,2,2,0,0,1.4097236995585263,1.3492430616170168
ESP-La Liga,2627,Alaves,Lucas Boyé,4,2026,158,1189,F,6,492,4,1.6901421546936035,4,1.6901421546936035,0,0.6235124319791794,16,4,0,0,2.5440324433147907,1.0314378142356873
ESP-La Liga,2627,Alaves,Mariano,4,2026,158,5110,F S,7,319,3,1.5857496112585068,3,1.5857496112585068,3,0.5904206000268459,9,3,2,0,3.1907677743583918,1.099570682272315
ESP-La Liga,2627,Alaves,Miguel Rodriguez,4,2026,158,8712,S,3,5,0,0.0,0,0.0,0,0.0693579912185669,0,2,0,0,0.0693579912185669,0.0
ESP-La Liga,2627,Alaves,Mikel Rodríguez,4,2026,158,14681,M S,3,150,1,0.6545253396034241,1,0.6545253396034241,0,0.06684619374573231,2,3,0,0,1.3314264304935932,0.6100548976100981
ESP-La Liga,2627,Alaves,Nahuel Tenaglia,4,2026,158,10364,D,7,587,1,0.5539715811610222,1,0.5539715811610222,0,0.48576731234788895,6,2,2,0,2.3364844005554914,1.360925728455186
ESP-La Liga,2627,Alaves,Nicolás Valentini,4,2026,158,13313,D S,4,230,0,0.018492117524147034,0,0.018492117524147034,0,0.023203786462545395,1,1,1,0,0.7937629818916321,0.7937629818916321
ESP-La Liga,2627,Alaves,Pablo Ibáñez,4,2026,158,10857,M,7,582,1,1.140210647135973,1,1.140210647135973,0,0.09610996954143047,9,2,1,0,3.724816795438528,3.1162415705621243
ESP-La Liga,2627,Alaves,Ville Koski,4,2026,158,14519,D,7,623,1,0.9187273383140564,1,0.9187273383140564,0,0.0,2,0,0,0,1.3379954472184181,1.3379954472184181
ESP-La Liga,2627,Alaves,Xanet Oláiz,4,2026,158,14260,S,1,6,0,0.0,0,0.0,0,0.0,0,0,0,0,0.5497019290924072,0.5497019290924072
ESP-La Liga,2627,Alaves,Youssef Lekhedim,4,2026,158,13278,S,6,134,0,0.015313844196498394,0,0.015313844196498394,0,0.11009148508310318,1,3,0,0,1.2277325317263603,1.1394919399172068
ESP-La Liga,2627,Alaves,Ángel Pérez,4,2026,158,14392,D S,7,502,0,1.0636142380535603,0,1.0636142380535603,3,2.8394444920122623,9,10,0,0,4.081670746207237,2.2032801881432533
ESP-La Liga,2627,Athletic Club,Adama Boiro,4,2026,147,12724,S,1,16,0,0.0,0,0.0,0,0.0,0,0,0,0,0.10718711465597153,0.10718711465597153
ESP-La Liga,2627,Athletic Club,Aitor Paredes,4,2026,147,8948,D S,4,296,1,0.5328558087348938,1,0.5328558087348938,0,0.0592959625646472,1,2,0,0,0.671281810849905,0.6119858585298061
ESP-La Liga,2627,Athletic Club,Alex Berenguer,4,2026,147,5091,M S,6,271,1,0.2553792344406247,1,0.2553792344406247,1,1.723415318876505,6,11,1,0,2.4861198738217354,1.4326220788061619
ESP-La Liga,2627,Athletic Club,Aymeric Laporte,4,2026,147,2498,D S,6,479,0,0.5960469245910645,0,0.5960469245910645,0,0.0,2,0,0,0,1.8567175175994635,1.8567175175994635
ESP-La Liga,2627,Athletic Club,Beñat Gerenabarrena,4,2026,147,14777,M S,5,372,0,0.03235821798443794,0,0.03235821798443794,0,0.05691163241863251,1,1,2,0,1.1803046576678753,1.091034796088934
ESP-La Liga,2627,Athletic Club,Gorka Guruzeta,4,2026,147,7020,F S,4,178,0,0.0630546435713768,0,0.0630546435713768,0,0.44753479957580566,2,1,2,0,0.5773334205150604,0.10994546860456467
ESP-La Liga,2627,Athletic Club,Hugo Rincón,4,2026,147,12189,D S,2,103,0,0.0,0,0.0,0,0.0,0,0,0,0,0.05691163241863251,0.05691163241863251
ESP-La Liga,2627,Athletic Club,Inigo Ruiz de Galarreta,4,2026,147,9755,M S,5,291,0,0.10446630790829659,0,0.10446630790829659,1,0.6924175079911947,5,6,2,0,1.3374566361308098,1.1862265951931477
ESP-La Liga,2627,Athletic Club,Iñaki Williams,4,2026,147,2399,F M,6,406,1,2.432776466012001,1,2.432776466012001,2,0.639490433037281,13,5,0,0,3.3877470940351486,0.5072083696722984
ESP-La Liga,2627,Athletic Club,Jesús Areso,4,2026,147,9768,D S,5,348,0,0.09155772905796766,0,0.09155772905796766,0,0.3390603084117174,2,6,1,0,1.4369648601859808,1.0288090873509645
ESP-La Liga,2627,Athletic Club,Johaneko Louis Jean,4,2026,147,10352,D S,5,166,0,0.012996177189052105,0,0.012996177189052105,0,0.0,1,0,1,0,0.14813295006752014,0.13513677194714546
ESP-La Liga,2627,Athletic Club,Maroan Sannadi,4,2026,147,13417,S,3,66,0,0.632702648639679,0,0.632702648639679,0,0.0,2,0,0,0,0.632702648639679,0.0
ESP-La Liga,2627,Athletic Club,Mikel Jauregizar,4,2026,147,12263,M S,5,209,0,0.06133854016661644,0,0.06133854016661644,0,0.014735640957951546,2,1,0,0,0.8989997357130051,0.8229255601763725
ESP-La Liga,2627,Athletic Club,Nico Williams,4,2026,147,9211,M S,6,368,1,1.4253652691841125,1,1.4253652691841125,0,0.7773501612246037,12,7,0,0,3.3154277354478836,1.8456426672637463
ESP-La Liga,2627,Athletic Club,Nicolás Serrano,4,2026,147,9825,S,1,4,0,0.06999541819095612,0,0.06999541819095612,0,0.0,1,0,0,0,0.06999541819095612,0.0
ESP-La Liga,2627,Athletic Club,Oihan Sancet,4,2026,147,7779,M,6,517,1,2.650330051779747,1,1.9070524126291275,0,1.056620853021741,17,9,0,0,3.07255120575428,0.7770865969359875
ESP-La Liga,2627,Athletic Club,Peio Canales,4,2026,147,13123,M S,4,218,0,0.1565263494849205,0,0.1565263494849205,0,0.3099036365747452,4,5,0,0,0.6546947211027145,0.4595411568880081
ESP-La Liga,2627,Athletic Club,Roberto Navarro,4,2026,147,8765,M S,5,320,2,1.7620166093111038,2,1.7620166093111038,0,0.2241111770272255,9,6,1,0,1.8968825936317444,0.15941629000008106
ESP-La Liga,2627,Athletic Club,Unai Simón,4,2026,147,5185,GK,6,540,0,0.0,0,0.0,0,0.0,0,0,0,0,0.9198719393461943,0.9198719393461943
ESP-La Liga,2627,Athletic Club,Yeray Álvarez,4,2026,147,5062,D,4,321,0,0.1902664601802826,0,0.1902664601802826,1,0.5935595631599426,3,2,0,0,1.7929493840783834,1.732245659455657
ESP-La Liga,2627,Athletic Club,Yuri,4,2026,147,2229,D,5,366,0,0.29086069017648697,0,0.29086069017648697,0,0.6761321872472763,11,6,2,1,2.8337938711047173,2.6018393747508526
ESP-La Liga,2627,Athletic Club,Álvaro Djaló,4,2026,147,13001,S,1,5,0,0.0,0,0.0,0,0.0,0,0,0,0,0.0,0.0
ESP-La Liga,2627,Atletico Madrid,Ademola Lookman,4,2026,143,5556,F M S,7,477,1,1.785831332206726,1,1.785831332206726,0,1.0631543695926666,10,12,1,0,3.4073842763900757,0.5583985447883606
ESP-La Liga,2627,Atletico Madrid,Arnau Ortiz,4,2026,143,14722,M S,5,139,0,0.5260943025350571,0,0.5260943025350571,0,0.24554836750030518,2,5,0,0,0.26760922372341156,0.0
ESP-La Liga,2627,Atletico Madrid,Carlos Martín,4,2026,143,10101,M,1,61,0,0.12104195356369019,0,0.12104195356369019,0,0.0,2,0,0,0,0.12104195356369019,0.0
ESP-La Liga,2627,Atletico Madrid,Cristian Romero,4,2026,143,7218,D S,4,275,0,0.26996756345033646,0,0.26996756345033646,0,0.0,4,0,1,0,1.8317191787064075,1.8110972829163074
ESP-La Liga,2627,Atletico Madrid,Dani Martinez,4,2026,143,14233,D,1,90,0,0.4704098701477051,0,0.4704098701477051,0,0.0,1,0,0,0,0.1483689695596695,0.1483689695596695
ESP-La Liga,2627,Atletico Madrid,David Hancko,4,2026,143,7086,D S,7,544,0,0.40170057862997055,0,0.40170057862997055,2,0.36368346586823463,8,3,1,0,1.9564402848482132,1.5571150854229927
ESP-La Liga,2627,Atletico Madrid,Giménez,4,2026,143,2278,D S,7,423,0,0.25205812603235245,0,0.25205812603235245,0,0.4366221912205219,5,3,1,0,2.4265777729451656,2.4265777729451656
ESP-La Liga,2627,Atletico Madrid,Giuliano Simeone,4,2026,143,9796,D M S,7,474,2,0.6234005875885487,2,0.6234005875885487,2,0.5562696401029825,9,5,0,0,2.555682560428977,1.9414612259715796
ESP-La Liga,2627,Atletico Madrid,Jan Oblak,4,2026,143,2261,GK,7,630,0,0.0,0,0.0,0,0.0,0,0,0,0,0.93736607208848,0.93736607208848
ESP-La Liga,2627,Atletico Madrid,Johnny Cardoso,4,2026,143,12323,M S,5,217,0,0.12594646960496902,0,0.12594646960496902,1,0.4698733687400818,3,1,1,0,2.503108534961939,1.9453848339617252
ESP-La Liga,2627,Atletico Madrid,Jonathan Christian David,4,2026,143,8636,F S,3,163,3,3.1835193037986755,3,3.1835193037986755,1,1.032787948846817,10,6,0,0,4.26876837015152,0.4792521484196186
ESP-La Liga,2627,Atletico Madrid,Jorge Domínguez,4,2026,143,14721,D,1,50,0,0.0,0,0.0,0,0.0,0,0,1,0,0.0,0.0
ESP-La Liga,2627,Atletico Madrid,Julián Álvarez,4,2026,143,10846,S,3,71,0,0.7099707163870335,0,0.7099707163870335,0,0.03895995207130909,5,2,0,0,0.4879400506615639,0.14204894192516804
ESP-La Liga,2627,Atletico Madrid,Koke,4,2026,143,2269,M S,7,353,0,0.17125144600868225,0,0.17125144600868225,0,0.7286523394286633,2,8,0,0,2.8763093650341034,2.6064990758895874
ESP-La Liga,2627,Atletico Madrid,Lee Kang-In,4,2026,143,7313,F M S,7,482,2,1.4858759678900242,2,1.4858759678900242,1,1.582297619432211,20,10,1,0,4.70286537706852,1.9327285401523113
ESP-La Liga,2627,Atletico Madrid,Marc Pubill,4,2026,143,10189,D S,6,410,1,0.15240725502371788,1,0.15240725502371788,0,0.0,3,0,2,0,1.0714542753994465,1.0394992642104626
ESP-La Liga,2627,Atletico Madrid,Marcos Llorente,4,2026,143,2518,D M S,7,461,0,0.09153169393539429,0,0.09153169393539429,1,0.42259202152490616,3,9,1,0,3.974216539412737,3.6259600538760424
ESP-La Liga,2627,Atletico Madrid,Morten Hjulmand,4,2026,143,10903,M S,7,347,0,0.14333747141063213,0,0.14333747141063213,0,0.2753598466515541,3,8,1,0,0.7233338877558708,0.5408610105514526
ESP-La Liga,2627,Atletico Madrid,Pablo Barrios Rivas,4,2026,143,10494,M S,4,289,0,0.13184509426355362,0,0.13184509426355362,1,0.37710830569267273,3,6,0,0,1.1854697093367577,0.9658879991620779
ESP-La Liga,2627,Atletico Madrid,Robin Le Normand,4,2026,143,7276,D S,4,262,1,0.04701383411884308,1,0.04701383411884308,0,0.0,1,0,0,1,1.1760623082518578,1.1760623082518578
ESP-La Liga,2627,Atletico Madrid,Rodrigo Mendoza,4,2026,143,11216,M S,3,113,0,0.28389663994312286,0,0.28389663994312286,0,0.0,5,0,0,0,0.2298932895064354,0.0
ESP-La Liga,2627,Atletico Madrid,Álex Baena,4,2026,143,8417,F M S,7,457,4,1.4014368802309036,4,1.4014368802309036,1,1.3584229685366154,15,15,1,0,4.982717879116535,3.157174274325371
ESP-La Liga,2627,Atletico Madrid,Álex Grimaldo,4,2026,143,11866,D,6,536,2,2.174411326646805,0,0.688241496682167,1,0.7862814664840698,10,4,0,0,2.861076697707176,1.8935900069773197
ESP-La Liga,2627,Barcelona,Andreas Christensen,4,2026,148,200,D S,6,392,0,0.8804607316851616,0,0.8804607316851616,1,0.07036686688661575,4,1,0,0,4.874849751591682,4.736601546406746
ESP-La Liga,2627,Barcelona,Anthony Gordon,4,2026,148,8150,F M S,6,417,0,2.357400342822075,0,2.357400342822075,4,1.650351818650961,12,7,0,0,5.049033910036087,1.1290897950530052
ESP-La Liga,2627,Barcelona,Dani Olmo,4,2026,148,8292,M S,7,237,0,0.9023389015346766,0,0.9023389015346766,3,2.9468913078308105,10,12,0,0,6.554781913757324,3.2869804948568344
ESP-La Liga,2627,Barcelona,Dominik Livakovic,4,2026,148,14042,GK,1,90,0,0.0,0,0.0,0,0.0,0,0,0,0,0.2673935294151306,0.2673935294151306
ESP-La Liga,2627,Barcelona,Eric Garcia,4,2026,148,8045,D,6,472,0,0.17929628863930702,0,0.17929628863930702,0,0.5898402631282806,4,5,0,0,5.348868787288666,4.805562317371368
ESP-La Liga,2627,Barcelona,Fermín López,4,2026,148,11822,M S,6,454,4,2.7873381413519382,4,2.7873381413519382,2,2.0857397988438606,11,11,1,0,7.2432868629693985,2.560778930783272
ESP-La Liga,2627,Barcelona,Gabriel Jesus,4,2026,148,5543,S,3,19,1,0.35672055929899216,1,0.35672055929899216,0,0.10862555354833603,3,1,0,0,0.265821885317564,0.0
ESP-La Liga,2627,Barcelona,Gavi,4,2026,148,9804,M S,2,68,0,0.0,0,0.0,0,0.08085759729146957,0,1,0,0,0.6049848794937134,0.5241272896528244
ESP-La Liga,2627,Barcelona,Gerard Martín,4,2026,148,12821,D S,6,439,0,0.08745565265417099,0,0.08745565265417099,0,0.0,1,0,1,0,5.963210396468639,5.963210396468639
ESP-La Liga,2627,Barcelona,Hamza Abdelkarim,4,2026,148,14907,S,1,1,0,0.0,0,0.0,0,0.0,0,0,0,0,0.07054612040519714,0.07054612040519714
ESP-La Liga,2627,Barcelona,Joan García,4,2026,148,9773,GK,6,501,0,0.0,0,0.0,0,0.0,0,0,0,0,3.809680864214897,3.809680864214897
ESP-La Liga,2627,Barcelona,João Cancelo,4,2026,148,2379,D S,6,192,1,0.13929817453026772,1,0.13929817453026772,0,0.10503558069467545,5,1,1,0,2.3581711128354073,2.1264258921146393
ESP-La Liga,2627,Barcelona,Jules Koundé,4,2026,148,6433,D S,4,163,0,0.0,0,0.0,0,0.048295265063643456,0,2,0,0,2.954808548092842,2.934723451733589
ESP-La Liga,2627,Barcelona,Karim Adeyemi,4,2026,148,10772,F M S,7,222,2,4.287973910570145,2,4.287973910570145,2,1.3813532069325447,16,6,1,0,5.571585774421692,0.9642313979566097
ESP-La Liga,2627,Barcelona,Lamine Yamal,4,2026,148,11527,F M,7,592,7,6.0806483924388885,6,4.5940931141376495,4,4.077104330062866,38,27,1,0,12.124042093753815,4.7864792458713055
ESP-La Liga,2627,Barcelona,Marc Bernal,4,2026,148,12820,M S,7,284,0,0.5581030286848545,0,0.5581030286848545,2,1.2117825001478195,4,7,0,0,4.012941151857376,2.8425848446786404
ESP-La Liga,2627,Barcelona,Pau Cubarsí,4,2026,148,12005,D,5,429,0,0.23547856509685516,0,0.23547856509685516,0,0.0,3,0,1,0,4.706533133983612,4.690048724412918
ESP-La Liga,2627,Barcelona,Pedri,4,2026,148,8935,M S,7,532,1,0.5911225453019142,1,0.5911225453019142,1,1.234484277665615,6,14,0,0,7.502035230398178,6.379338711500168
ESP-La Liga,2627,Barcelona,Raphinha,4,2026,148,8026,F,7,577,12,9.057607993483543,9,6.827774986624718,3,2.6452580094337463,25,14,0,0,10.27310198545456,1.980008240789175
ESP-La Liga,2627,Barcelona,Rodri,4,2026,148,2496,M S,6,360,0,0.8228511735796928,0,0.8228511735796928,0,1.5227382592856884,4,5,1,0,5.6065689623355865,5.494570165872574
ESP-La Liga,2627,Barcelona,Wojciech Szczesny,4,2026,148,1244,S,1,39,0,0.0,0,0.0,0,0.0,0,0,0,0,0.318548321723938,0.318548321723938
ESP-La Liga,2627,Barcelona,Xavi Espart,4,2026,148,14129,D,5,446,1,0.17486130259931087,1,0.17486130259931087,2,1.1975302249193192,4,4,1,0,4.257456466555595,3.72443650662899
ESP-La Liga,2627,Barcelona,Álex Balde,4,2026,148,9805,S,1,7,0,0.0,0,0.0,0,0.2244419902563095,0,1,0,0,0.47062304615974426,0.24618105590343475
ESP-La Liga,2627,Celta Vigo,Abdoulaye Faye,4,2026,152,13904,D,1,48,0,0.0,0,0.0,0,0.0,0,0,0,0,0.0,0.0
ESP-La Liga,2627,Celta Vigo,Aleix Febas,4,2026,152,7842,M,2,170,0,0.01633840799331665,0,0.01633840799331665,0,0.0,1,0,0,0,0.12779434025287628,0.12779434025287628
ESP-La Liga,2627,Celta Vigo,Andrés Antañón,4,2026,152,14500,F,1,65,0,0.13332010805606842,0,0.13332010805606842,0,0.0,1,0,0,0,0.13332010805606842,0.0
ESP-La Liga,2627,Celta Vigo,Borja Iglesias,4,2026,152,2543,S,2,38,0,0.24241866171360016,0,0.24241866171360016,0,0.04507260397076607,2,1,0,0,1.266569271683693,0.9790779948234558
ESP-La Liga,2627,Celta Vigo,Carl Starfelt,4,2026,152,7655,D S,3,216,1,0.7867014706134796,1,0.7867014706134796,0,0.011858268640935421,4,1,1,0,0.3489735275506973,0.31268249452114105
ESP-La Liga,2627,Celta Vigo,Couhaib Driouech,4,2026,152,15033,S,3,53,0,0.06037004478275776,0,0.06037004478275776,0,0.1429620385169983,2,2,1,0,0.6469245161861181,0.4578896537423134
ESP-La Liga,2627,Celta Vigo,Ferrán Jutglà,4,2026,152,8549,F S,7,391,1,0.33332744613289833,1,0.33332744613289833,0,0.5815059058368206,6,3,0,0,0.9392763748764992,0.056804344058036804
ESP-La Liga,2627,Celta Vigo,Hugo Burcio,4,2026,152,14362,S,2,16,0,0.25000230967998505,0,0.25000230967998505,0,0.0608019083738327,2,1,0,0,0.8070098608732224,0.4962056279182434
ESP-La Liga,2627,Celta Vigo,Hugo Gonzalez,4,2026,152,10082,F,4,251,1,1.3752374723553658,0,0.6319598630070686,2,0.7593299113214016,8,9,0,0,0.8804520778357983,0.1236637569963932
ESP-La Liga,2627,Celta Vigo,Hugo Álvarez,4,2026,152,10078,D F S,5,280,0,0.10637887567281723,0,0.10637887567281723,2,1.3795671239495277,1,5,0,0,1.8907156586647034,0.9239329844713211
ESP-La Liga,2627,Celta Vigo,Iago Aspas,4,2026,152,2290,F S,6,218,1,0.5752790225669742,1,0.5752790225669742,0,0.0943438708782196,6,2,0,0,0.7865691110491753,0.16316211968660355
ESP-La Liga,2627,Celta Vigo,Ilaix Moriba,4,2026,152,9243,M S,7,494,1,0.1605392163619399,1,0.1605392163619399,0,0.26712653040885925,5,1,0,0,1.9560623094439507,1.5842242166399956
ESP-La Liga,2627,Celta Vigo,Ionut Radu,4,2026,152,1830,GK,7,630,0,0.0,0,0.0,0,0.0,0,0,1,0,1.2099692523479462,1.2099692523479462
ESP-La Liga,2627,Celta Vigo,Javi Galán,4,2026,152,7385,D S,6,234,0,0.0,0,0.0,0,0.21233616396784782,0,4,0,0,0.3573063015937805,0.27873531728982925
ESP-La Liga,2627,Celta Vigo,Javier Rodríguez,4,2026,152,12180,D S,4,232,0,0.023060515522956848,0,0.023060515522956848,0,0.0,1,0,0,0,0.5973767191171646,0.5743162035942078
ESP-La Liga,2627,Celta Vigo,Javier Rueda,4,2026,152,12643,D S,7,374,0,0.09725748375058174,0,0.09725748375058174,0,0.7009110301733017,3,6,2,0,1.0664815790951252,0.3607487082481384
ESP-La Liga,2627,Celta Vigo,Jones El Abdellaoui,4,2026,152,13361,D F S,3,160,0,0.3061533635482192,0,0.3061533635482192,0,0.0,3,0,0,0,0.32249177154153585,0.01633840799331665
ESP-La Liga,2627,Celta Vigo,Marcos Alonso,4,2026,152,1621,D,5,413,0,0.23008346185088158,0,0.23008346185088158,0,0.0,3,0,2,1,1.4609661400318146,1.43320032954216
ESP-La Liga,2627,Celta Vigo,Miguel Román,4,2026,152,13620,M S,7,580,1,0.1587684415280819,1,0.1587684415280819,2,0.6660572625696659,7,7,0,0,1.4882779270410538,1.2152947187423706
ESP-La Liga,2627,Celta Vigo,Pablo Durán,4,2026,152,11154,F S,5,244,2,1.1414916887879372,2,1.1414916887879372,0,0.1033143550157547,5,3,0,0,1.6447096467018127,0.4162914678454399
ESP-La Liga,2627,Celta Vigo,Sebastián Cáceres,4,2026,152,15064,D,2,180,0,0.014711958356201649,0,0.014711958356201649,0,0.0,1,0,0,0,0.4010765254497528,0.38636456429958344
ESP-La Liga,2627,Celta Vigo,Sergio Carreira,4,2026,152,8122,D S,7,443,0,0.36316176131367683,0,0.36316176131367683,0,0.5876803882420063,4,4,1,0,1.5802503153681755,0.7952572554349899
ESP-La Liga,2627,Celta Vigo,Williot Swedberg,4,2026,152,10870,F S,6,315,0,1.1323687434196472,0,1.1323687434196472,0,0.18999053537845612,4,3,0,0,1.5347344148904085,0.23704919405281544
ESP-La Liga,2627,Celta Vigo,Yoel Lago,4,2026,152,12642,D S,7,582,0,0.05028828606009483,0,0.05028828606009483,0,0.026031536981463432,1,1,3,0,1.6001719534397125,1.5741404294967651
ESP-La Liga,2627,Celta Vigo,Álvaro Núñez,4,2026,152,13836,D,3,266,0,0.053841158747673035,0,0.053841158747673035,0,0.005417272448539734,2,1,0,0,0.2498743012547493,0.20956964790821075
ESP-La Liga,2627,Deportivo La Coruna,Adama Traoré,4,2026,139,900,S,5,123,0,0.045824386179447174,0,0.045824386179447174,0,0.0,1,0,0,0,0.7197955772280693,0.6739711984992027
ESP-La Liga,2627,Deportivo La Coruna,Adrià Alti,4,2026,139,11834,D M S,4,239,0,0.0,0,0.0,0,0.03046124242246151,0,1,0,1,0.2778579965233803,0.24739675223827362
ESP-La Liga,2627,Deportivo La Coruna,Angelino,4,2026,139,1040,D,1,59,0,0.0,0,0.0,0,0.0,0,0,0,1,0.06407540291547775,0.06407540291547775
ESP-La Liga,2627,Deportivo La Coruna,Bil Nsongo,4,2026,139,14708,F M S,8,487,0,0.686833213083446,0,0.686833213083446,0,0.3909434378147125,11,3,1,0,2.1039330698549747,1.1779148932546377
ESP-La Liga,2627,Deportivo La Coruna,Bright Ede,4,2026,139,14707,D S,4,285,0,0.15574215725064278,0,0.15574215725064278,0,0.0,2,0,1,0,0.9903265684843063,0.9903265684843063
ESP-La Liga,2627,Deportivo La Coruna,David Mella,4,2026,139,14710,M S,3,125,0,0.33406713604927063,0,0.33406713604927063,0,0.0651904046535492,2,1,0,0,0.4416319355368614,0.042374394834041595
ESP-La Liga,2627,Deportivo La Coruna,Diego Villares,4,2026,139,14712,S,3,113,1,0.27177664637565613,1,0.27177664637565613,0,0.05127239599823952,1,1,0,0,0.7619980350136757,0.43894902616739273
ESP-La Liga,2627,Deportivo La Coruna,Giacomo Quagliata,4,2026,139,10940,D S,8,659,0,0.41288061812520027,0,0.41288061812520027,0,0.7198422085493803,6,6,1,0,3.019640661776066,2.113032242283225
ESP-La Liga,2627,Deportivo La Coruna,Jonathan Asp Jensen,4,2026,139,12620,F M S,5,231,0,0.3493170216679573,0,0.3493170216679573,0,0.08326604962348938,8,2,0,0,0.35430608689785004,0.0
ESP-La Liga,2627,Deportivo La Coruna,Kevin Sánchez,4,2026,139,14711,S,1,4,0,0.0,0,0.0,0,0.0,0,0,0,0,0.0,0.0
ESP-La Liga,2627,Deportivo La Coruna,Leo Román,4,2026,139,9839,GK,8,720,0,0.0,0,0.0,0,0.0,0,0,0,0,2.863050442188978,2.863050442188978
ESP-La Liga,2627,Deportivo La Coruna,Lorenzo Amatucci,4,2026,139,11282,M,7,630,0,0.0,0,0.0,1,0.24932019412517548,0,5,4,0,2.863657273352146,2.863657273352146
ESP-La Liga,2627,Deportivo La Coruna,Lucas Noubi,4,2026,139,14706,D,6,540,0,0.0,0,0.0,0,0.02499312348663807,0,1,1,0,2.63560002297163,2.63560002297163
ESP-La Liga,2627,Deportivo La Coruna,Luismi Cruz,4,2026,139,10163,M S,8,481,2,0.896603656001389,2,0.896603656001389,1,1.7354060523211956,5,13,0,0,2.6598851457238197,0.4417837858200073
ESP-La Liga,2627,Deportivo La Coruna,Marc Casadó,4,2026,139,11151,M S,4,142,0,0.0,0,0.0,0,0.0,0,0,0,0,0.050406694412231445,0.050406694412231445
ESP-La Liga,2627,Deportivo La Coruna,Mario Soriano,4,2026,139,9247,M S,8,583,0,0.300111873075366,0,0.300111873075366,2,1.2606235146522522,7,7,1,0,5.052797086536884,4.343550555408001
ESP-La Liga,2627,Deportivo La Coruna,Miguel Loureiro,4,2026,139,14714,D S,5,213,0,0.0,0,0.0,0,0.0,0,0,0,0,1.2139139026403427,1.2139139026403427
ESP-La Liga,2627,Deportivo La Coruna,Pierre-Emerick Aubameyang,4,2026,139,318,F S,8,646,6,4.143434464931488,6,4.143434464931488,4,1.5796765610575676,20,11,0,0,5.994043409824371,0.3709862157702446
ESP-La Liga,2627,Deportivo La Coruna,Riki Rodríguez,4,2026,139,14715,M,5,306,0,0.0651904046535492,0,0.0651904046535492,0,0.012136134319007397,1,1,0,0,1.2318119183182716,1.1544853821396828
ESP-La Liga,2627,Deportivo La Coruna,Teun Gijselhart,4,2026,139,14713,S,1,23,0,0.0,0,0.0,0,0.08202280104160309,0,1,0,0,0.08202280104160309,0.0
ESP-La Liga,2627,Deportivo La Coruna,Ximo Navarro,4,2026,139,4052,D,7,626,0,0.13437078148126602,0,0.13437078148126602,0,0.03651656582951546,3,1,2,0,2.9642245918512344,2.9642245918512344
ESP-La Liga,2627,Deportivo La Coruna,Yeremay Hernández,4,2026,139,14924,M S,7,181,0,0.19006659090518951,0,0.19006659090518951,1,0.2936611771583557,2,1,2,0,0.8654041960835457,0.6753376051783562
ESP-La Liga,2627,Deportivo La Coruna,Zakaria Eddahchouri,4,2026,139,14709,S,5,74,2,0.15704945102334023,2,0.15704945102334023,0,0.19006659090518951,4,2,0,0,0.36180269345641136,0.014686644077301025
ESP-La Liga,2627,Elche,Abiel Osorio,4,2026,207,14931,F S,4,165,1,1.5414043366909027,1,1.5414043366909027,0,0.14668451249599457,9,2,2,0,1.7835893332958221,0.09550043568015099
ESP-La Liga,2627,Elche,Ali Houary,4,2026,207,13838,M,3,200,0,1.1243287082761526,0,1.1243287082761526,0,0.4434623420238495,5,3,1,0,0.9390429258346558,0.08342257887125015
ESP-La Liga,2627,Elche,Buba Sangaré,4,2026,207,12870,D,7,547,1,0.026869235560297966,1,0.026869235560297966,0,0.056320855394005775,1,2,0,0,1.2909344583749771,1.2077443972229958
ESP-La Liga,2627,Elche,David Affengruber,4,2026,207,13837,D,3,270,0,0.5557593554258347,0,0.5557593554258347,0,0.0490003265440464,5,1,0,0,1.313000500202179,1.2967220805585384
ESP-La Liga,2627,Elche,Ezequiel Ponce,4,2026,207,2057,F S,3,115,0,0.19454673491418362,0,0.19454673491418362,0,0.3189496695995331,3,1,0,0,0.8004068583250046,0.28691044449806213
ESP-La Liga,2627,Elche,Facundo Buonanotte,4,2026,207,11362,M S,4,220,1,1.2822771444916725,0,0.5389995351433754,0,0.02697356604039669,8,1,1,0,0.9783557951450348,0.5295365899801254
ESP-La Liga,2627,Elche,Federico Redondo,4,2026,207,13841,D,5,332,0,0.0909273698925972,0,0.0909273698925972,0,0.6702471785247326,1,2,1,1,1.1976436078548431,1.1465922594070435
ESP-La Liga,2627,Elche,Fernando Niño,4,2026,207,8271,F S,7,481,5,2.770048387348652,5,2.770048387348652,0,0.32359203696250916,11,2,1,0,3.3604379072785378,0.3467615619301796
ESP-La Liga,2627,Elche,German Valera,4,2026,207,8230,D F M,7,578,1,0.34479228779673576,1,0.34479228779673576,0,0.654657019302249,3,11,1,0,1.8600144013762474,1.3505252599716187
ESP-La Liga,2627,Elche,Gonzalo Villar,4,2026,207,6750,M,7,583,0,0.16616769134998322,0,0.16616769134998322,1,1.1528992159292102,4,8,2,0,1.8683394640684128,1.3483660221099854
ESP-La Liga,2627,Elche,Javier Morcillo,4,2026,207,14555,M S,5,303,0,0.014762381091713905,0,0.014762381091713905,0,0.0988563820719719,1,1,0,0,1.6653643231838942,1.5517455320805311
ESP-La Liga,2627,Elche,Josan,4,2026,207,8893,S,3,17,0,0.0,0,0.0,1,0.3529816307127476,0,5,1,0,0.2649879977107048,0.0560929998755455
ESP-La Liga,2627,Elche,Lucas Cepeda,4,2026,207,14400,F S,7,213,0,0.4044739827513695,0,0.4044739827513695,2,0.9007244873791933,9,5,2,0,2.293588623404503,1.1671176105737686
ESP-La Liga,2627,Elche,Marc Aguado,4,2026,207,13839,M,4,268,1,0.08927888423204422,1,0.08927888423204422,0,0.05361112952232361,1,1,1,0,0.8068914115428925,0.7532802820205688
ESP-La Liga,2627,Elche,Martim Neto,4,2026,207,13840,M S,4,159,0,0.12220177613198757,0,0.12220177613198757,0,0.1461656577885151,3,3,0,0,0.5862730145454407,0.36192822828888893
ESP-La Liga,2627,Elche,Matia Barzic,4,2026,207,14719,S,1,6,0,0.0,0,0.0,0,0.0,0,0,0,0,0.0,0.0
ESP-La Liga,2627,Elche,Matías Dituro,4,2026,207,9793,GK,7,630,0,0.0,0,0.0,0,0.0,0,0,0,0,1.0989788435399532,1.0989788435399532
ESP-La Liga,2627,Elche,Pedro Bigas,4,2026,207,2353,D S,4,182,0,0.018336676061153412,0,0.018336676061153412,0,0.0,1,0,0,0,1.1416017711162567,1.1232650578022003
ESP-La Liga,2627,Elche,Roy Revivo,4,2026,207,15066,D S,4,270,0,0.3938417434692383,0,0.3938417434692383,2,0.7776886522769928,1,3,0,0,1.5404300093650818,0.7323081344366074
ESP-La Liga,2627,Elche,Rubén Sánchez,4,2026,207,10067,S,3,88,0,0.009418859146535397,0,0.009418859146535397,0,0.0,1,0,1,0,0.10827524121850729,0.0988563820719719
ESP-La Liga,2627,Elche,Tete Morente,4,2026,207,8895,D M S,7,393,0,0.12185639888048172,0,0.12185639888048172,3,1.4299063608050346,5,5,1,0,2.514649420976639,0.9785666167736053
ESP-La Liga,2627,Elche,Thomas Lemar,4,2026,207,3425,M S,4,167,1,0.15652631223201752,1,0.15652631223201752,0,0.3257782571017742,3,2,1,0,1.2467247247695923,0.8842656016349792
ESP-La Liga,2627,Elche,Umaru,4,2026,207,14717,S,1,20,0,0.0,0,0.0,0,0.0,0,0,1,0,0.0,0.0
ESP-La Liga,2627,Elche,Victor Chust,4,2026,207,8972,D,7,630,0,0.4887095568701625,0,0.4887095568701625,1,0.14058732986450195,4,2,0,0,2.5236722603440285,2.2126943096518517
ESP-La Liga,2627,Elche,Álvaro Padilla,4,2026,207,14718,S,1,8,0,0.0,0,0.0,0,0.0,0,0,0,0,0.0,0.0
ESP-La Liga,2627,Espanyol,Bryan Zaragoza,4,2026,141,10143,M S,4,137,0,0.09738116711378098,0,0.09738116711378098,0,0.2035852074623108,4,3,0,0,0.9212348163127899,0.6294425837695599
ESP-La Liga,2627,Espanyol,Cala,4,2026,141,14700,M S,7,399,1,1.1958888694643974,1,1.1958888694643974,0,0.057535150088369846,11,3,3,0,1.539766103029251,0.3214140962809324
ESP-La Liga,2627,Espanyol,Clemens Riedel,4,2026,141,11924,D S,6,358,0,0.029281459748744965,0,0.029281459748744965,0,0.0,2,0,3,0,2.819306328892708,2.7900248616933823
ESP-La Liga,2627,Espanyol,Edu Expósito,4,2026,141,5081,M S,7,563,0,0.7786507122218609,0,0.7786507122218609,0,1.298945308662951,16,16,2,0,4.083911865949631,3.1456571631133556
ESP-La Liga,2627,Espanyol,Gabriel Moscardo,4,2026,141,12994,M S,4,173,0,0.08824318274855614,0,0.08824318274855614,0,0.0,2,0,1,0,0.32942257821559906,0.24117938429117203
ESP-La Liga,2627,Espanyol,Javi Hernández,4,2026,141,14074,F M,7,576,0,0.7302806079387665,0,0.7302806079387665,4,2.026864094659686,11,13,1,0,3.009432690218091,1.0890498775988817
ESP-La Liga,2627,Espanyol,Jofre Carreras,4,2026,141,10209,S,3,9,0,0.14641720429062843,0,0.14641720429062843,0,0.0,2,0,0,0,0.22282956913113594,0.0764123722910881
ESP-La Liga,2627,Espanyol,José Ángel López,4,2026,141,13455,D,1,90,0,0.022463129833340645,0,0.022463129833340645,0,0.09432169795036316,1,2,0,0,0.2520594000816345,0.13527455925941467
ESP-La Liga,2627,Espanyol,Leandro Cabrera,4,2026,141,6168,D,4,360,0,0.11014822125434875,0,0.11014822125434875,0,0.0,2,0,0,0,1.8799074217677116,1.8799074217677116
ESP-La Liga,2627,Espanyol,Marcos Fernández,4,2026,141,13601,M S,6,195,1,1.7172922939062119,1,1.7172922939062119,1,0.7342698760330677,13,5,2,0,2.5593751966953278,0.19897518306970596
ESP-La Liga,2627,Espanyol,Marko Dmitrovic,4,2026,141,6224,GK,7,630,0,0.0,0,0.0,0,0.0,0,0,0,0,2.556143432855606,2.556143432855606
ESP-La Liga,2627,Espanyol,Omar El Hilali,4,2026,141,10875,D,6,526,0,0.0,0,0.0,1,0.8930656462907791,0,3,1,1,2.9832697957754135,2.113786354660988
ESP-La Liga,2627,Espanyol,Pere Milla,4,2026,141,4175,S,5,50,0,0.08172411564737558,0,0.08172411564737558,0,0.0,3,0,1,0,0.17647933959960938,0.13496853411197662
ESP-La Liga,2627,Espanyol,Pol Lozano,4,2026,141,7916,S,3,28,0,0.028475292026996613,0,0.028475292026996613,0,0.11933315545320511,1,2,1,0,0.26923805475234985,0.19784197211265564
ESP-La Liga,2627,Espanyol,Quilindschy Hartman,4,2026,141,13727,M S,3,130,0,0.0,0,0.0,0,0.6019371449947357,0,4,0,0,1.2790771573781967,1.2656828612089157
ESP-La Liga,2627,Espanyol,Rafael Bauza,4,2026,141,12903,M S,4,101,0,0.013394296169281006,0,0.013394296169281006,1,0.12142959982156754,1,1,1,0,0.4711313471198082,0.33630744367837906
ESP-La Liga,2627,Espanyol,Roberto Fernández,4,2026,141,13350,F,7,617,6,4.336601883172989,6,4.336601883172989,0,0.2768584229052067,16,4,0,0,4.205634534358978,0.43401881121098995
ESP-La Liga,2627,Espanyol,Roger Hinojo,4,2026,141,13533,D,7,549,0,0.05341421812772751,0,0.05341421812772751,0,0.13661356829106808,1,2,2,0,2.3824266009032726,2.3059606477618217
ESP-La Liga,2627,Espanyol,Tyrhys Dolan,4,2026,141,13829,M S,6,436,1,0.31846607476472855,1,0.31846607476472855,0,0.08437497168779373,6,2,0,0,2.339291475713253,1.9364504516124725
ESP-La Liga,2627,Espanyol,Unai Núñez,4,2026,141,6149,D,5,431,0,0.055081360042095184,0,0.055081360042095184,0,0.16378045827150345,2,3,0,0,0.9720204640179873,0.8443207833915949
ESP-La Liga,2627,Espanyol,Urko Gonzalez,4,2026,141,8861,M S,7,463,0,0.015046052634716034,0,0.015046052634716034,0,0.06581640243530273,1,1,2,0,2.190762262791395,2.190762262791395
ESP-La Liga,2627,Espanyol,Vanja Drkusic,4,2026,141,10449,D S,3,112,0,0.0,0,0.0,0,0.0,0,0,0,0,0.11598796397447586,0.11598796397447586
ESP-La Liga,2627,Getafe,Abdelkabir Abqar,4,2026,142,9297,D S,2,91,0,0.0,0,0.0,0,0.0,0,0,0,0,0.0,0.0
ESP-La Liga,2627,Getafe,Alberto Risco,4,2026,142,12566,S,4,46,0,0.1295052645727992,0,0.1295052645727992,0,0.0,2,0,0,0,0.5924646332859993,0.47783881425857544
ESP-La Liga,2627,Getafe,Andrés García,4,2026,142,13392,D F M S,6,488,0,0.17515992000699043,0,0.17515992000699043,0,0.19125852547585964,6,5,0,0,0.7764416262507439,0.6074297726154327
ESP-La Liga,2627,Getafe,Borja Mayoral,4,2026,142,2252,S,2,2,0,0.0,0,0.0,0,0.0,0,0,0,0,0.0,0.0
ESP-La Liga,2627,Getafe,David Soria,4,2026,142,2415,GK,7,630,0,0.0,0,0.0,0,0.022136665880680084,0,1,0,0,0.5042392211034894,0.4821025552228093
ESP-La Liga,2627,Getafe,Davinchi,4,2026,142,13788,D S,4,100,0,0.018896551802754402,0,0.018896551802754402,0,0.04376436024904251,1,1,2,0,0.10236070863902569,0.039699796587228775
ESP-La Liga,2627,Getafe,Djené Dakonam,4,2026,142,6151,D,7,605,0,0.0,0,0.0,0,0.03825324401259422,0,1,2,0,1.2894373834133148,1.2894373834133148
ESP-La Liga,2627,Getafe,Enes Ünal,4,2026,142,6219,F S,7,532,1,1.169947799295187,1,1.169947799295187,0,0.15731357038021088,10,4,2,0,1.7307362034916878,0.6133204773068428
ESP-La Liga,2627,Getafe,Francho Serrano,4,2026,142,14893,M S,5,358,0,0.026730675250291824,0,0.026730675250291824,0,0.0,2,0,1,0,0.25669880770146847,0.22996813245117664
ESP-La Liga,2627,Getafe,Iván Azón,4,2026,142,13560,F M S,4,270,1,0.6449636854231358,1,0.6449636854231358,1,0.33530115336179733,7,4,1,0,1.0687728375196457,0.0885079950094223
ESP-La Liga,2627,Getafe,Jean Valou,4,2026,142,13696,S,1,14,0,0.0,0,0.0,0,0.0,0,0,0,0,0.0,0.0
ESP-La Liga,2627,Getafe,Johan Mojica,4,2026,142,6242,D S,6,491,0,0.2153709065169096,0,0.2153709065169096,0,0.3628051169216633,5,8,3,0,1.134210266172886,0.8948249872773886
ESP-La Liga,2627,Getafe,Joselu Pérez,4,2026,142,13790,S,1,3,0,0.0,0,0.0,0,0.0,0,0,0,0,0.0,0.0
ESP-La Liga,2627,Getafe,Kiko Femenía,4,2026,142,5043,D,3,138,0,0.0,0,0.0,0,0.42895469069480896,0,1,0,1,0.5738362669944763,0.14488154649734497
ESP-La Liga,2627,Getafe,Mario Martín,4,2026,142,11349,M,4,339,0,0.5231896787881851,0,0.5231896787881851,0,0.02622990310192108,6,1,2,1,0.47472717612981796,0.2678980380296707
ESP-La Liga,2627,Getafe,Martín Satriano,4,2026,142,9001,F M,7,564,1,1.6628420650959015,1,1.6628420650959015,1,0.7444793619215488,15,6,0,0,2.2187377847731113,0.5132805742323399
ESP-La Liga,2627,Getafe,Nemanja Gudelj,4,2026,142,7888,D M S,5,367,0,0.18463841639459133,0,0.18463841639459133,0,0.3923095427453518,5,2,2,0,0.4983369391411543,0.3968280553817749
ESP-La Liga,2627,Getafe,Orel Mangala,4,2026,142,6088,M S,7,553,0,0.1447181235998869,0,0.1447181235998869,0,0.01824610959738493,3,2,1,0,0.8155093342065811,0.7853844463825226
ESP-La Liga,2627,Getafe,Ramón Terrats,4,2026,142,10947,M,6,537,1,1.4643283151090145,1,1.4643283151090145,0,0.4521251395344734,17,10,2,0,1.7250436171889305,0.15430118702352047
ESP-La Liga,2627,Getafe,Saba Sazonov,4,2026,142,9381,D S,4,100,0,0.039699796587228775,0,0.039699796587228775,0,0.0,1,0,1,0,0.077953040599823,0.03825324401259422
ESP-La Liga,2627,Getafe,Sebastián Boselli,4,2026,142,14389,D S,5,115,0,0.0,0,0.0,0,0.0,0,0,1,0,0.1241917610168457,0.1241917610168457
ESP-La Liga,2627,Getafe,Zaid Romero,4,2026,142,14387,D,6,523,0,0.13658718764781952,0,0.13658718764781952,0,0.026492279022932053,1,1,0,1,1.3050616011023521,1.141982153058052
ESP-La Liga,2627,Getafe,Óscar López,4,2026,142,14895,S,2,7,0,0.0,0,0.0,0,0.0,0,0,0,0,0.0,0.0
ESP-La Liga,2627,Levante,Adrián De la Fuente,4,2026,151,10319,D,6,527,1,0.6757432892918587,1,0.6757432892918587,0,0.5486200302839279,7,2,1,0,0.8080321624875069,0.3052246421575546
ESP-La Liga,2627,Levante,Aissa Mandi,4,2026,151,3237,D,6,515,0,0.046253666281700134,0,0.046253666281700134,0,0.2485141009092331,1,2,2,0,1.098704732954502,0.8039369620382786
ESP-La Liga,2627,Levante,Carlos Álvarez,4,2026,151,11264,M,1,51,0,0.0,0,0.0,0,0.023771438747644424,0,1,0,0,0.023771438747644424,0.0
ESP-La Liga,2627,Levante,Daniel Requena,4,2026,151,13035,F S,3,107,0,0.0059044258669018745,0,0.0059044258669018745,0,0.0,1,0,0,0,0.048620560206472874,0.042716134339571
ESP-La Liga,2627,Levante,Enzo Bardeli,4,2026,151,14701,M S,6,380,1,0.050877791829407215,1,0.050877791829407215,1,0.6946400813758373,2,8,0,0,0.7869252264499664,0.264154277741909
ESP-La Liga,2627,Levante,Etta Eyong,4,2026,151,10930,S,3,52,0,0.0768621638417244,0,0.0768621638417244,1,0.4784444272518158,2,1,0,0,0.5553065948188305,0.0
ESP-La Liga,2627,Levante,Hugo Sotelo,4,2026,151,9520,M S,4,95,0,0.09435437619686127,0,0.09435437619686127,0,0.0,1,0,1,0,0.02242061123251915,0.02242061123251915
ESP-La Liga,2627,Levante,Ifeanyi Ndukwe,4,2026,151,14917,S,2,38,0,0.0,0,0.0,0,0.0,0,0,0,0,0.0,0.0
ESP-La Liga,2627,Levante,Iván Romero,4,2026,151,9275,F S,6,390,2,3.1616525687277317,2,3.1616525687277317,0,0.48009932041168213,16,3,1,0,3.9751841127872467,1.1252701990306377
ESP-La Liga,2627,Levante,Jeremy Toljan,4,2026,151,257,D S,6,248,0,0.09411726891994476,0,0.09411726891994476,1,0.06217539310455322,2,1,1,0,0.2123024333268404,0.11818517185747623
ESP-La Liga,2627,Levante,Jon Ander Olasagasti,4,2026,151,9466,M,6,515,1,0.6628731116652489,1,0.6628731116652489,1,2.368843726813793,6,10,0,0,2.2943751960992813,0.47380714677274227
ESP-La Liga,2627,Levante,Kareem Tunde,4,2026,151,14258,S,1,9,0,0.0,0,0.0,0,0.0,0,0,0,0,0.0,0.0
ESP-La Liga,2627,Levante,Manuel Sánchez,4,2026,151,7605,D,6,527,0,0.014767159707844257,0,0.014767159707844257,0,0.09552855789661407,1,1,0,0,1.3537711538374424,1.3537711538374424
ESP-La Liga,2627,Levante,Marc Santos,4,2026,151,14702,S,1,21,0,0.0,0,0.0,0,0.0,0,0,0,0,0.0,0.0
ESP-La Liga,2627,Levante,Mat Ryan,4,2026,151,2385,GK,6,540,0,0.0,0,0.0,0,0.0,0,0,0,0,0.6753049790859222,0.6753049790859222
ESP-La Liga,2627,Levante,Nacho Pérez,4,2026,151,13772,D S,5,305,0,0.39767053723335266,0,0.39767053723335266,0,0.10069522261619568,1,2,0,0,0.16677642613649368,0.066081203520298
ESP-La Liga,2627,Levante,Oriol Rey,4,2026,151,8764,M S,6,470,0,0.027974944561719894,0,0.027974944561719894,0,0.013106712140142918,1,1,0,0,1.0560147054493427,1.0429079867899418
ESP-La Liga,2627,Levante,Paco Cortés,4,2026,151,13770,M S,3,61,0,0.06517872214317322,0,0.06517872214317322,0,0.0,1,0,0,0,0.06517872214317322,0.0
ESP-La Liga,2627,Levante,Petar Ratkov,4,2026,151,14342,F S,2,70,0,0.10240906476974487,0,0.10240906476974487,0,0.0,1,0,0,0,0.10240906476974487,0.0
ESP-La Liga,2627,Levante,Roger Brugué,4,2026,151,13767,F M,5,450,3,3.12242890894413,3,3.12242890894413,0,0.13142486661672592,13,2,0,0,2.42912720143795,0.22204570472240448
ESP-La Liga,2627,Levante,Thiago Fernández,4,2026,151,14393,F M,4,302,0,0.7133502122014761,0,0.7133502122014761,0,0.16317126527428627,6,2,0,0,0.941479180008173,0.1268754694610834
ESP-La Liga,2627,Levante,Víctor García,4,2026,151,8500,M S,5,220,0,0.3969394564628601,0,0.3969394564628601,0,0.49396784976124763,1,2,0,0,0.8909072764217854,0.0
ESP-La Liga,2627,Levante,Yanis Musuayi,4,2026,151,14983,S,2,51,0,0.042716134339571,0,0.042716134339571,0,0.0,1,0,0,0,0.042716134339571,0.0
ESP-La Liga,2627,Malaga,Adrián Niño,4,2026,137,12115,S,3,83,1,0.4436628222465515,1,0.4436628222465515,0,0.012712208554148674,5,1,0,0,0.24363724887371063,0.13115756213665009
ESP-La Liga,2627,Malaga,Alfonso Herrero,4,2026,137,14724,GK,7,630,0,0.0,0,0.0,0,0.0,0,0,1,0,0.5751464478671551,0.5751464478671551
ESP-La Liga,2627,Malaga,Carlos Dotor,4,2026,137,11540,F M,6,481,1,0.2914519291371107,1,0.2914519291371107,0,0.29611722007393837,4,5,0,0,1.2675992846488953,0.7723864484578371
ESP-La Liga,2627,Malaga,Carlos Puga,4,2026,137,14725,D S,6,350,0,0.012768451124429703,0,0.012768451124429703,0,0.12327513471245766,1,2,2,0,0.43274255469441414,0.3094674348831177
ESP-La Liga,2627,Malaga,Chupe,4,2026,137,14732,F S,7,557,1,2.5625558868050575,0,1.0760006681084633,0,0.10546842962503433,15,3,1,0,1.1289006248116493,0.1100824298337102
ESP-La Liga,2627,Malaga,Dani Lorenzo,4,2026,137,14731,M S,6,422,0,0.5335064977407455,0,0.5335064977407455,0,0.19690237939357758,2,4,1,0,0.6726548187434673,0.5414972566068172
ESP-La Liga,2627,Malaga,David Larrubia,4,2026,137,14730,F M S,7,573,0,0.5764919854700565,0,0.5764919854700565,0,0.5296763069927692,12,10,3,0,1.4797939509153366,0.7433755379170179
ESP-La Liga,2627,Malaga,Einar Galilea,4,2026,137,14726,D,6,479,0,0.0,0,0.0,0,0.0,0,0,2,0,0.5164141990244389,0.5164141990244389
ESP-La Liga,2627,Malaga,Eneko Jauregi,4,2026,137,14733,F S,2,58,0,0.08216097205877304,0,0.08216097205877304,0,0.0,1,0,1,0,0.0,0.0
ESP-La Liga,2627,Malaga,Haitam Abaida,4,2026,137,14736,S,2,29,0,0.27477601543068886,0,0.27477601543068886,0,0.044093720614910126,3,1,0,0,0.10473600029945374,0.0
ESP-La Liga,2627,Malaga,Izan Merino,4,2026,137,14729,M S,6,428,0,0.0303817056119442,0,0.0303817056119442,0,0.11033938080072403,1,3,0,0,0.3578742742538452,0.3020505867898464
ESP-La Liga,2627,Malaga,Jens Cajuste,4,2026,137,10301,S,1,1,0,0.0,0,0.0,0,0.0,0,0,0,0,0.0,0.0
ESP-La Liga,2627,Malaga,Joaquín Muñoz,4,2026,137,7258,M S,7,396,0,0.19799220003187656,0,0.19799220003187656,0,0.2708955183625221,5,4,0,0,0.3390869274735451,0.06308476999402046
ESP-La Liga,2627,Malaga,José Salinas,4,2026,137,8902,D S,6,360,0,0.01737978868186474,0,0.01737978868186474,0,0.032359249889850616,1,1,1,0,0.5839907303452492,0.5342516899108887
ESP-La Liga,2627,Malaga,Juan Berrocal,4,2026,137,7186,D S,2,91,0,0.06929124891757965,0,0.06929124891757965,0,0.0,1,0,0,0,0.07527728378772736,0.07527728378772736
ESP-La Liga,2627,Malaga,Juan Cruz,4,2026,137,6759,F M S,7,244,0,0.08131494000554085,0,0.08131494000554085,1,0.12704592943191528,4,1,1,0,0.5530267730355263,0.37967656552791595
ESP-La Liga,2627,Malaga,Julen Lobete,4,2026,137,8284,S,1,4,0,0.0,0,0.0,0,0.0,0,0,0,0,0.032943423837423325,0.032943423837423325
ESP-La Liga,2627,Malaga,Pablo Martínez,4,2026,137,8183,M S,5,301,0,0.08291229978203773,0,0.08291229978203773,1,0.5297977644950151,3,8,1,0,0.6199106462299824,0.4920547492802143
ESP-La Liga,2627,Malaga,Rafa Rodríguez,4,2026,137,14735,M S,4,164,0,0.2104581892490387,0,0.2104581892490387,0,0.04641435481607914,7,2,0,0,0.40865601412951946,0.2530393972992897
ESP-La Liga,2627,Malaga,Rafita,4,2026,137,14728,D S,7,560,0,0.03569454327225685,0,0.03569454327225685,0,0.054785050451755524,1,1,1,0,0.8810675106942654,0.8810675106942654
ESP-La Liga,2627,Malaga,Ramón Enríquez,4,2026,137,14734,S,7,92,0,0.0,0,0.0,0,0.06880819983780384,0,2,3,0,0.35554787889122963,0.35554787889122963
ESP-La Liga,2627,Malaga,Ángel Recio,4,2026,137,14727,D,7,630,0,0.14108637999743223,0,0.14108637999743223,0,0.0206629429012537,4,1,0,0,1.0008526165038347,0.9708023238927126
ESP-La Liga,2627,Osasuna,Abel Bretones,4,2026,157,12790,D S,7,525,0,0.03493967931717634,0,0.03493967931717634,0,0.7271586880087852,2,3,2,0,1.0657401829957962,0.8005594108253717
ESP-La Liga,2627,Osasuna,Aimar Oroz,4,2026,157,8424,F M S,3,156,0,0.14060841500759125,0,0.14060841500759125,0,0.11864372715353966,2,3,0,0,1.0938428342342377,0.9532344043254852
ESP-La Liga,2627,Osasuna,Aitor Fernández,4,2026,157,4193,GK,2,180,0,0.0,0,0.0,0,0.0,0,0,0,0,0.0,0.0
ESP-La Liga,2627,Osasuna,Alejandro Catena,4,2026,157,7604,D,6,540,0,0.0,0,0.0,0,0.012071671895682812,0,1,0,0,0.9919650889933109,0.9798934198915958
ESP-La Liga,2627,Osasuna,Ante Budimir,4,2026,157,1235,F S,7,499,5,4.621416881680489,2,2.391584023833275,0,0.17657123506069183,18,2,0,0,2.718103379011154,0.39112279936671257
ESP-La Liga,2627,Osasuna,Asier Osambela,4,2026,157,12537,D M S,5,286,0,0.07247035205364227,0,0.07247035205364227,0,0.06506498903036118,2,1,1,0,0.4267212152481079,0.3376893363893032
ESP-La Liga,2627,Osasuna,Diego Rico,4,2026,157,5065,D,2,105,0,0.0,0,0.0,0,0.048503465950489044,0,1,0,0,0.10320033133029938,0.10320033133029938
ESP-La Liga,2627,Osasuna,Enzo Boyomo,4,2026,157,12893,D S,3,206,0,0.0,0,0.0,0,0.07004812359809875,0,1,0,0,0.17140166461467743,0.10135354101657867
ESP-La Liga,2627,Osasuna,Iker Muñoz,4,2026,157,11395,M S,6,480,0,0.15336985141038895,0,0.15336985141038895,0,0.08996770717203617,2,3,1,0,0.9333047531545162,0.8457196652889252
ESP-La Liga,2627,Osasuna,Iñigo Arguibide,4,2026,157,12472,D,7,573,0,0.121407900005579,0,0.121407900005579,0,0.5570967942476273,3,2,0,0,1.2111214501783252,0.6989652691408992
ESP-La Liga,2627,Osasuna,Jon Moncayola,4,2026,157,7857,M S,7,496,0,0.05540851131081581,0,0.05540851131081581,0,0.1312178671360016,2,1,3,0,1.0308596156537533,1.0000187568366528
ESP-La Liga,2627,Osasuna,Jonathan Dubasin,4,2026,157,14915,M S,7,241,0,1.061453938484192,0,1.061453938484192,0,0.1425231397151947,4,2,0,0,0.8505957014858723,0.302058320492506
ESP-La Liga,2627,Osasuna,Jorge Herrando,4,2026,157,10858,D,3,188,0,0.13086044788360596,0,0.13086044788360596,0,0.0,2,0,1,0,0.2533902022987604,0.2533902022987604
ESP-La Liga,2627,Osasuna,Kike Barja,4,2026,157,5140,M S,6,234,1,0.8258503377437592,1,0.8258503377437592,0,0.3015096187591553,5,4,3,0,1.187604546546936,0.11855625361204147
ESP-La Liga,2627,Osasuna,Lucas Torró,4,2026,157,7050,M S,5,221,0,0.058311693370342255,0,0.058311693370342255,0,0.02215198427438736,1,1,0,0,0.2965336740016937,0.27438168972730637
ESP-La Liga,2627,Osasuna,Moi Gómez,4,2026,157,2198,M S,4,249,0,0.0,0,0.0,1,0.6874298602342606,0,4,0,0,1.0204280391335487,0.3329981788992882
ESP-La Liga,2627,Osasuna,Raul García,4,2026,157,8042,F M S,7,354,0,1.0395515579730272,0,1.0395515579730272,1,0.5896504521369934,11,2,1,0,1.6246236804872751,0.18131627142429352
ESP-La Liga,2627,Osasuna,Raul Moro,4,2026,157,8584,M S,5,165,0,0.3003012537956238,0,0.3003012537956238,0,0.6888908073306084,4,3,0,0,0.7949065491557121,0.0
ESP-La Liga,2627,Osasuna,Rockson Yeboah,4,2026,157,15026,D S,3,206,0,0.0,0,0.0,0,0.014992546290159225,0,1,1,0,0.06289520114660263,0.06289520114660263
ESP-La Liga,2627,Osasuna,Romain Del Castillo,4,2026,157,3721,S,2,31,0,0.0,0,0.0,0,0.0,0,0,0,0,0.0,0.0
ESP-La Liga,2627,Osasuna,Rubén García,4,2026,157,2183,M S,7,381,0,0.27253780514001846,0,0.27253780514001846,0,0.5722754001617432,6,7,1,0,0.9260770119726658,0.7094158306717873
ESP-La Liga,2627,Osasuna,Sergio Herrera,4,2026,157,7859,GK,5,450,0,0.0,0,0.0,0,0.10135354101657867,0,1,2,0,0.25790140964090824,0.15654786862432957
ESP-La Liga,2627,Osasuna,Unai Santos,4,2026,157,14916,D,2,164,0,0.07449163496494293,0,0.07449163496494293,0,0.0,1,0,0,0,0.5733860731124878,0.5733860731124878
ESP-La Liga,2627,Racing Santander,Aarón Martín,4,2026,293,5133,D S,3,114,0,0.0,0,0.0,0,0.0738660916686058,0,3,0,0,0.3677724376320839,0.3677724376320839
ESP-La Liga,2627,Racing Santander,André Almeida,4,2026,293,11057,M S,3,120,0,0.0,0,0.0,0,0.07033360004425049,0,3,0,1,0.23504714854061604,0.23504714854061604
ESP-La Liga,2627,Racing Santander,Andrés Martín,4,2026,293,9814,M,3,242,1,2.145969867706299,0,0.6594145894050598,0,0.7234595865011215,9,6,0,0,1.7822408378124237,0.4921092092990875
ESP-La Liga,2627,Racing Santander,Asier Villalibre,4,2026,293,5173,F S,6,251,0,0.4898625835776329,0,0.4898625835776329,1,0.3514554798603058,3,1,0,0,0.7883651256561279,0.05610653758049011
ESP-La Liga,2627,Racing Santander,Diego Díaz,4,2026,293,14690,S,1,7,0,0.0,0,0.0,0,0.0,0,0,0,0,0.0,0.0
ESP-La Liga,2627,Racing Santander,Facu González,4,2026,293,14691,D S,5,249,0,0.0,0,0.0,0,0.0,0,0,1,0,0.5352151989936829,0.5352151989936829
ESP-La Liga,2627,Racing Santander,Giorgi Guliashvili,4,2026,293,14930,S,4,51,0,0.40573441982269287,0,0.40573441982269287,0,0.0,1,0,0,0,0.4220513701438904,0.016316957771778107
ESP-La Liga,2627,Racing Santander,Gustavo Puerta,4,2026,293,11869,M,3,270,0,0.07459449023008347,0,0.07459449023008347,0,0.5110450983047485,2,4,1,0,1.432128630578518,0.882454439997673
ESP-La Liga,2627,Racing Santander,Iker Luque,4,2026,293,14324,M S,3,131,0,0.06674898602068424,0,0.06674898602068424,0,0.023884018883109093,2,1,0,0,0.085513636469841,0.03248846158385277
ESP-La Liga,2627,Racing Santander,Iván Martín,4,2026,293,7529,M S,5,400,0,0.06872661411762238,0,0.06872661411762238,0,0.46337552182376385,1,3,0,0,1.547482430934906,1.462068647146225
ESP-La Liga,2627,Racing Santander,Iñigo Vicente,4,2026,293,8921,M S,7,543,0,0.2075433600693941,0,0.2075433600693941,2,1.908390812575817,4,16,2,0,1.9839065205305815,0.9796043075621128
ESP-La Liga,2627,Racing Santander,Jeanuël Belocian,4,2026,293,10300,D S,3,209,0,0.07068543881177902,0,0.07068543881177902,0,0.0,2,0,1,0,0.4303879514336586,0.4303879514336586
ESP-La Liga,2627,Racing Santander,Jorge Salinas,4,2026,293,14687,D S,7,541,0,0.13794842083007097,0,0.13794842083007097,0,0.2301352098584175,2,3,2,0,0.9821105897426605,0.7917649745941162
ESP-La Liga,2627,Racing Santander,Juan Carlos Arana,4,2026,293,10325,F S,3,66,0,0.21714568138122559,0,0.21714568138122559,0,0.0,1,0,0,0,0.21714568138122559,0.0
ESP-La Liga,2627,Racing Santander,Julen Agirrezabala,4,2026,293,9824,GK,7,630,0,0.0,0,0.0,0,0.0,0,0,0,0,0.7930730544030666,0.7930730544030666
ESP-La Liga,2627,Racing Santander,Maguette Gueye,4,2026,293,14689,M S,5,136,1,0.446624256670475,1,0.446624256670475,0,0.0,3,0,0,0,0.6209256425499916,0.568601131439209
ESP-La Liga,2627,Racing Santander,Manu Hernando,4,2026,293,14692,D S,5,406,0,0.11967340297996998,0,0.11967340297996998,0,0.0,3,0,1,0,0.38042910397052765,0.38042910397052765
ESP-La Liga,2627,Racing Santander,Matteo Prati,4,2026,293,11959,M S,4,264,0,0.0,0,0.0,0,0.09610957652330399,0,2,0,0,0.6706392914056778,0.6508167758584023
ESP-La Liga,2627,Racing Santander,Pablo García,4,2026,293,13376,M S,6,262,2,1.0177054293453693,2,1.0177054293453693,0,0.0994756929576397,10,2,1,0,1.2510440535843372,0.46753862500190735
ESP-La Liga,2627,Racing Santander,Pablo Ramón,4,2026,293,9477,D S,5,382,0,0.027332231402397156,0,0.027332231402397156,0,0.038966305553913116,2,1,2,0,0.7932925578206778,0.7659603301435709
ESP-La Liga,2627,Racing Santander,Pedro Felipe,4,2026,293,14122,D S,3,80,0,0.0,0,0.0,0,0.0,0,0,1,0,0.21714568138122559,0.21714568138122559
ESP-La Liga,2627,Racing Santander,Sergio Canales,4,2026,293,2571,M S,7,515,1,1.0624952167272568,1,1.0624952167272568,0,0.09953535534441471,13,2,1,0,2.2618477195501328,1.3008815497159958
ESP-La Liga,2627,Racing Santander,Sergio Martínez,4,2026,293,14688,M,2,123,1,0.03265717998147011,1,0.03265717998147011,0,0.0,1,0,0,0,0.20788925141096115,0.17523207515478134
ESP-La Liga,2627,Racing Santander,Yassir Zabiri,4,2026,293,14459,F S,7,381,6,3.273046473041177,6,3.273046473041177,0,0.06001592054963112,14,2,4,0,3.8681512884795666,0.5891972482204437
ESP-La Liga,2627,Racing Santander,Álvaro Mantilla,4,2026,293,14686,D,6,517,0,0.4277900159358978,0,0.4277900159358978,0,0.053025174885988235,2,1,2,0,1.2048914041370153,0.7240762021392584
ESP-La Liga,2627,Racing Santander,Íñigo Sainz-Maza,4,2026,293,14693,M S,2,85,0,0.0,0,0.0,0,0.21714568138122559,0,1,0,0,0.568601131439209,0.568601131439209
ESP-La Liga,2627,Rayo Vallecano,Adrià Pedrosa,4,2026,145,7174,D S,5,409,1,0.24407567828893661,1,0.24407567828893661,1,1.3818761967122555,4,9,1,0,1.9824284315109253,1.0198157727718353
ESP-La Liga,2627,Rayo Vallecano,Alemão,4,2026,145,14059,S,6,99,0,0.8351947739720345,0,0.8351947739720345,0,0.0,6,0,2,0,0.4405134953558445,0.06138226017355919
ESP-La Liga,2627,Rayo Vallecano,Andrei Ratiu,4,2026,145,7515,D,6,540,1,0.6204499937593937,1,0.6204499937593937,0,0.7383233606815338,7,4,0,0,2.0617981553077698,1.5800643861293793
ESP-La Liga,2627,Rayo Vallecano,Augusto Batalla,4,2026,145,12298,GK,2,153,0,0.0,0,0.0,0,0.0,0,0,0,0,0.025257134810090065,0.025257134810090065
ESP-La Liga,2627,Rayo Vallecano,Daniel Cárdenas,4,2026,145,8108,GK S,3,207,0,0.0,0,0.0,0,0.0,0,0,0,0,0.5345075726509094,0.5345075726509094
ESP-La Liga,2627,Rayo Vallecano,Emil Audero,4,2026,145,1302,GK,3,270,0,0.0,0,0.0,0,0.017228199169039726,0,1,0,0,0.1869741976261139,0.1869741976261139
ESP-La Liga,2627,Rayo Vallecano,Florian Lejeune,4,2026,145,5073,D,7,630,0,0.4857670096680522,0,0.4857670096680522,0,0.020578164607286453,13,1,1,0,1.4860627204179764,1.3975345864892006
ESP-La Liga,2627,Rayo Vallecano,Fran Pérez,4,2026,145,10944,M S,5,132,0,0.029280902817845345,0,0.029280902817845345,0,0.025257134810090065,1,1,1,1,0.09154721163213253,0.03700917214155197
ESP-La Liga,2627,Rayo Vallecano,Giorgi Tsitaishvili,4,2026,145,13809,M S,4,196,0,0.7389473766088486,0,0.7389473766088486,0,0.48382680863142014,6,2,1,0,1.4122035503387451,0.20648859441280365
ESP-La Liga,2627,Rayo Vallecano,Gnangoro,4,2026,145,15028,M S,5,186,0,0.024571361020207405,0,0.024571361020207405,0,0.06190207600593567,1,3,1,0,0.2363817747682333,0.17156022414565086
ESP-La Liga,2627,Rayo Vallecano,Isi Palazón,4,2026,145,9812,M,2,85,0,0.04719129949808121,0,0.04719129949808121,0,0.0,1,0,0,0,0.604228675365448,0.604228675365448
ESP-La Liga,2627,Rayo Vallecano,Iván Balliu,4,2026,145,5672,D S,6,195,0,0.0,0,0.0,0,0.0,0,0,0,0,0.1654858160763979,0.1654858160763979
ESP-La Liga,2627,Rayo Vallecano,Jorge De Frutos,4,2026,145,8107,F M,5,384,0,0.13098837435245514,0,0.13098837435245514,1,0.3263629227876663,2,3,0,1,1.0438874661922455,0.5865361541509628
ESP-La Liga,2627,Rayo Vallecano,Jozhua Vertrouwd,4,2026,145,13694,D,2,121,0,0.0,0,0.0,0,0.0,0,0,0,0,0.13786925375461578,0.13786925375461578
ESP-La Liga,2627,Rayo Vallecano,Mujaid Sadick,4,2026,145,6749,D S,3,166,0,0.0,0,0.0,0,0.0,0,0,0,0,0.3491973727941513,0.3491973727941513
ESP-La Liga,2627,Rayo Vallecano,Pathé Ciss,4,2026,145,9815,D M,7,630,0,0.2105635218322277,0,0.2105635218322277,0,0.0891597718000412,3,2,4,0,1.1841929629445076,1.1262030825018883
ESP-La Liga,2627,Rayo Vallecano,Pedro Díaz,4,2026,145,12863,M S,6,315,0,0.38010838255286217,0,0.38010838255286217,0,0.40073706209659576,12,10,0,0,1.2571111842989922,0.692133529111743
ESP-La Liga,2627,Rayo Vallecano,Pelayo Fernández,4,2026,145,12864,D S,2,65,0,0.0,0,0.0,0,0.0,0,0,0,0,0.0,0.0
ESP-La Liga,2627,Rayo Vallecano,Randy Nteka,4,2026,145,9813,F S,3,155,0,0.6639002822339535,0,0.6639002822339535,0,0.0,3,0,0,0,0.637382984161377,0.09293955564498901
ESP-La Liga,2627,Rayo Vallecano,Rayane Belaid,4,2026,145,12257,S,1,20,0,0.0,0,0.0,0,0.0,0,0,0,0,0.0838077962398529,0.0838077962398529
ESP-La Liga,2627,Rayo Vallecano,Sergio Camello,4,2026,145,7528,F S,7,482,7,2.826850488781929,7,2.826850488781929,1,0.4708410147577524,19,8,2,0,3.3098482936620712,0.1355514321476221
ESP-La Liga,2627,Rayo Vallecano,Unai López,4,2026,145,4091,M,7,572,0,0.2244267500936985,0,0.2244267500936985,3,1.0782695738598704,5,16,2,0,2.914269868284464,2.8436341658234596
ESP-La Liga,2627,Rayo Vallecano,Álvaro García,4,2026,145,7071,F M S,7,543,2,1.7091400567442179,2,1.7091400567442179,2,0.7791093438863754,11,3,1,0,3.469180554151535,1.0871980488300323
ESP-La Liga,2627,Rayo Vallecano,Óscar Valentín,4,2026,145,9811,M S,7,375,0,0.0,0,0.0,0,0.15818258002400398,0,2,1,0,1.881847009062767,1.8645788803696632
ESP-La Liga,2627,Real Betis,Abdessamad Ezzalzouli,4,2026,153,10095,F M S,4,245,1,1.037250280380249,1,1.037250280380249,0,0.8916659094393253,7,6,0,0,1.952962040901184,0.3045179657638073
ESP-La Liga,2627,Real Betis,Antony,4,2026,153,11094,F M S,7,530,0,2.8045675083994865,0,2.8045675083994865,0,0.466875278390944,32,8,0,0,4.73432885017246,2.2196885906159878
ESP-La Liga,2627,Real Betis,Dani Ceballos,4,2026,153,2446,S,3,61,0,0.04470955207943916,0,0.04470955207943916,0,0.035796958953142166,1,1,0,0,0.682177234441042,0.6016706824302673
ESP-La Liga,2627,Real Betis,Diego Llorente,4,2026,153,2163,D,2,128,0,0.0,0,0.0,0,0.0,0,0,0,0,0.04529193788766861,0.04529193788766861
ESP-La Liga,2627,Real Betis,Facundo Bernal,4,2026,153,14741,M S,7,419,0,0.1479983776807785,0,0.1479983776807785,0,0.029829293489456177,6,1,1,0,1.4350216276943684,1.313421543687582
ESP-La Liga,2627,Real Betis,Fran García,4,2026,153,9810,D S,6,477,0,0.0,0,0.0,1,0.7042773589491844,0,6,1,0,2.2794387117028236,1.71512071788311
ESP-La Liga,2627,Real Betis,Giovani Lo Celso,4,2026,153,5681,S,1,2,0,0.0,0,0.0,0,0.0,0,0,0,0,0.0,0.0
ESP-La Liga,2627,Real Betis,Héctor Bellerín,4,2026,153,492,D S,7,506,0,0.41410139203071594,0,0.41410139203071594,0,0.8493807967752218,3,9,1,0,2.9315995778888464,1.976722216233611
ESP-La Liga,2627,Real Betis,Isco,4,2026,153,2255,M S,7,335,0,1.400513332337141,0,1.400513332337141,0,0.6025542467832565,11,14,0,0,3.6743514239788055,2.1623791018500924
ESP-La Liga,2627,Real Betis,Juan Camilo Hernández,4,2026,153,6954,F S,7,451,2,2.1886105686426163,2,2.1886105686426163,1,1.0414866358041763,12,5,0,0,4.675718799233437,1.4588502123951912
ESP-La Liga,2627,Real Betis,Júnior Firpo,4,2026,153,6485,D,2,153,0,0.0,0,0.0,0,0.09777401387691498,0,1,1,0,0.2086285538971424,0.11085454002022743
ESP-La Liga,2627,Real Betis,Marc Bartra,4,2026,153,2453,D S,5,333,1,0.2134610004723072,1,0.2134610004723072,0,0.020200418308377266,5,1,0,0,1.1559847313910723,1.06980749219656
ESP-La Liga,2627,Real Betis,Marc Roca,4,2026,153,5086,M,5,427,0,0.13716112449765205,0,0.13716112449765205,1,1.2590122520923615,3,4,1,0,1.8504763301461935,1.7167334090918303
ESP-La Liga,2627,Real Betis,Natan,4,2026,153,11890,D,6,540,1,0.6441528769209981,1,0.6441528769209981,0,0.15000381413847208,3,3,2,0,1.0783936083316803,1.0716211423277855
ESP-La Liga,2627,Real Betis,Nelson Deossa,4,2026,153,14001,M S,7,306,0,0.6245007365942001,0,0.6245007365942001,1,0.7261685878038406,14,5,0,0,2.341293904930353,1.1033609956502914
ESP-La Liga,2627,Real Betis,Pablo Fornals,4,2026,153,2335,M S,6,462,0,0.5557286739349365,0,0.5557286739349365,0,0.45472375862300396,9,12,0,0,2.08228600025177,1.450809195637703
ESP-La Liga,2627,Real Betis,Rodrigo Riquelme,4,2026,153,8002,M S,7,310,2,1.086318351328373,2,1.086318351328373,0,0.6334548406302929,7,6,0,0,2.1122707054018974,1.1099759619683027
ESP-La Liga,2627,Real Betis,Troy Parrott,4,2026,153,8145,F S,4,169,1,1.5000589075498283,1,1.5000589075498283,1,0.601751858368516,5,4,0,0,1.7834353595972061,0.3699496164917946
ESP-La Liga,2627,Real Betis,Valentín Gómez,4,2026,153,13845,D S,3,259,0,0.0,0,0.0,0,0.32705279532819986,0,2,1,0,0.8514370322227478,0.8358897268772125
ESP-La Liga,2627,Real Betis,Álvaro Fidalgo,4,2026,153,14440,S,2,25,0,0.0,0,0.0,0,0.0,0,0,0,0,0.0,0.0
ESP-La Liga,2627,Real Betis,Álvaro Vallés,4,2026,153,11740,GK,7,630,0,0.0,0,0.0,0,0.12767815589904785,0,1,0,0,1.6405884698033333,1.5129103437066078
ESP-La Liga,2627,Real Betis,Ángel Ortiz,4,2026,153,13374,D,2,124,0,0.007735178340226412,0,0.007735178340226412,0,0.08177006989717484,1,3,1,0,0.2522645443677902,0.18341832794249058
ESP-La Liga,2627,Real Madrid,Antonio Rüdiger,4,2026,150,1822,D S,3,214,1,0.14553261920809746,1,0.14553261920809746,0,0.1395609825849533,3,1,0,0,1.304494857788086,1.1649338603019714
ESP-La Liga,2627,Real Madrid,Arda Güler,4,2026,150,12190,M S,7,359,1,1.9162545204162598,1,1.9162545204162598,2,3.95790171995759,11,28,1,0,5.8265073243528605,2.246301891282201
ESP-La Liga,2627,Real Madrid,Aurelien Tchouameni,4,2026,150,6560,M S,3,179,0,0.0831842478364706,0,0.0831842478364706,0,0.2511325925588608,3,3,0,0,1.3245019614696503,1.1290506795048714
ESP-La Liga,2627,Real Madrid,Bernardo Silva,4,2026,150,3635,M S,6,279,0,0.14009927213191986,0,0.14009927213191986,1,0.22876827605068684,1,5,0,0,1.7381021678447723,1.6749390065670013
ESP-La Liga,2627,Real Madrid,Brahim Diaz,4,2026,150,6421,M S,3,98,0,0.1395609825849533,0,0.1395609825849533,0,0.20355181396007538,1,3,0,0,1.0738674402236938,0.7307546809315681
ESP-La Liga,2627,Real Madrid,Carlos Espí,4,2026,150,13769,S,4,12,2,1.3819266334176064,2,1.3819266334176064,0,0.07850466668605804,4,1,0,0,1.4784590005874634,0.12077231705188751
ESP-La Liga,2627,Real Madrid,Dean Huijsen,4,2026,150,11943,D,6,504,0,0.5117034148424864,0,0.5117034148424864,0,0.18736666440963745,6,2,0,1,4.639457494020462,4.442659944295883
ESP-La Liga,2627,Real Madrid,Denzel Dumfries,4,2026,150,9840,D S,6,424,0,0.6266797333955765,0,0.6266797333955765,0,0.20622973889112473,6,4,1,0,2.7186402082443237,2.3994410634040833
ESP-La Liga,2627,Real Madrid,Eduardo Camavinga,4,2026,150,7359,M S,6,235,0,0.0,0,0.0,0,0.0,0,0,2,0,3.3577605485916138,3.3577605485916138
ESP-La Liga,2627,Real Madrid,Endrick,4,2026,150,12884,S,1,2,0,0.12077231705188751,0,0.12077231705188751,0,0.0,1,0,0,0,0.12077231705188751,0.0
ESP-La Liga,2627,Real Madrid,Federico Valverde,4,2026,150,6241,M,7,577,0,0.26132796704769135,0,0.26132796704769135,1,0.34678834676742554,6,5,0,0,4.061378736048937,3.7828038819134235
ESP-La Liga,2627,Real Madrid,Ibrahima Konaté,4,2026,150,6326,D,6,540,0,0.29965998232364655,0,0.29965998232364655,0,0.18980568647384644,4,2,3,0,4.4461535811424255,4.113386809825897
ESP-La Liga,2627,Real Madrid,Jude Bellingham,4,2026,150,8824,M S,7,537,3,1.5895208269357681,3,1.5895208269357681,2,2.8061698898673058,16,16,1,0,5.651951909065247,3.087950587272644
ESP-La Liga,2627,Real Madrid,Kylian Mbappe-Lottin,4,2026,150,3423,F,7,630,7,8.346656907349825,6,6.860101718455553,2,1.808776967227459,41,11,0,0,8.557747710496187,2.7631383910775185
ESP-La Liga,2627,Real Madrid,Marc Cucurella,4,2026,150,7134,D S,7,426,0,0.0,0,0.0,0,0.1656370460987091,0,2,0,0,3.2761583868414164,3.2761583868414164
ESP-La Liga,2627,Real Madrid,Thibaut Courtois,4,2026,150,680,GK,7,630,0,0.0,0,0.0,0,0.0,0,0,0,0,1.6077390313148499,1.6077390313148499
ESP-La Liga,2627,Real Madrid,Trent Alexander-Arnold,4,2026,150,1791,D S,4,206,0,0.18192704021930695,0,0.18192704021930695,1,0.6990013867616653,3,6,0,0,2.072226345539093,2.0550975799560547
ESP-La Liga,2627,Real Madrid,Vinícius Júnior,4,2026,150,7008,M,7,572,1,3.5653191059827805,1,3.5653191059827805,3,2.4925564266741276,22,13,2,0,7.198669642210007,2.2651410587131977
ESP-La Liga,2627,Real Madrid,Yan Diomande,4,2026,150,13561,M S,7,268,0,0.38293131440877914,0,0.38293131440877914,1,0.6669749356806278,3,7,1,0,2.423697754740715,1.5402959883213043
ESP-La Liga,2627,Real Madrid,Álvaro Fernández,4,2026,150,10576,D S,4,206,1,0.4673479199409485,1,0.4673479199409485,0,0.36949923634529114,1,5,1,0,1.6322053223848343,1.0217295438051224
ESP-La Liga,2627,Real Sociedad,Aihen Muñoz,4,2026,140,7306,S,2,36,0,0.0,0,0.0,0,0.0,0,0,0,0,0.017867662012577057,0.017867662012577057
ESP-La Liga,2627,Real Sociedad,Alex Marchal,4,2026,140,13483,S,4,94,0,0.1638789214193821,0,0.1638789214193821,0,0.6377106048166752,3,2,0,0,0.7653400264680386,0.02162524312734604
ESP-La Liga,2627,Real Sociedad,Ander Barrenetxea,4,2026,140,7308,M S,6,321,2,0.41688940115273,2,0.41688940115273,0,0.03789056837558746,8,1,0,0,0.6035235896706581,0.21318126283586025
ESP-La Liga,2627,Real Sociedad,Arsen Zakharyan,4,2026,140,8760,S,3,8,0,0.0,0,0.0,0,0.0,0,0,0,0,0.0,0.0
ESP-La Liga,2627,Real Sociedad,Beñat Turrientes,4,2026,140,9465,M S,4,260,0,0.1278261188417673,0,0.1278261188417673,0,0.1595169324427843,4,4,1,0,1.0136467888951302,0.8184148948639631
ESP-La Liga,2627,Real Sociedad,Carlos Soler,4,2026,140,2478,M S,7,461,1,1.0163309928029776,0,0.27305339835584164,2,0.9237169772386551,5,11,0,0,1.1931581869721413,0.459679439663887
ESP-La Liga,2627,Real Sociedad,Gonçalo Guedes,4,2026,140,5682,M S,6,264,0,0.8367774691432714,0,0.8367774691432714,0,0.36253046430647373,11,5,0,0,1.174272982403636,0.44295401871204376
ESP-La Liga,2627,Real Sociedad,Hector Fort,4,2026,140,12171,S,1,6,0,0.0,0,0.0,0,0.0,0,0,0,0,0.1321566104888916,0.1321566104888916
ESP-La Liga,2627,Real Sociedad,Igor Zubeldia,4,2026,140,2417,D S,5,391,0,0.0,0,0.0,0,0.09799489378929138,0,2,2,0,0.4959214925765991,0.4959214925765991
ESP-La Liga,2627,Real Sociedad,Job Ochieng,4,2026,140,14364,M S,4,238,1,0.62986671179533,1,0.62986671179533,3,0.3137027770280838,9,4,0,0,0.736464150249958,0.0
ESP-La Liga,2627,Real Sociedad,Jon Aramburu,4,2026,140,12182,D,7,599,0,0.06130940932780504,0,0.06130940932780504,0,0.10189417935907841,4,4,3,0,1.036243592388928,0.9370857365429401
ESP-La Liga,2627,Real Sociedad,Jon Gorrotxategi,4,2026,140,13936,M S,5,127,0,0.0,0,0.0,0,0.0,0,0,0,0,0.11337552964687347,0.11337552964687347
ESP-La Liga,2627,Real Sociedad,Jon Martín,4,2026,140,12353,D S,6,456,0,0.16766580007970333,0,0.16766580007970333,0,0.06511886417865753,3,1,0,1,0.3305273950099945,0.3305273950099945
ESP-La Liga,2627,Real Sociedad,Jon Pacheco Dozagarat,4,2026,140,8423,S,1,17,0,0.0,0,0.0,0,0.0,0,0,0,0,0.0,0.0
ESP-La Liga,2627,Real Sociedad,Luka Sucic,4,2026,140,12862,F M S,7,554,3,1.044646069407463,3,1.044646069407463,0,0.8197630662471056,15,8,2,0,1.701953636482358,0.4264703430235386
ESP-La Liga,2627,Real Sociedad,Luken Beitia,4,2026,140,13482,D,3,270,0,0.1842169314622879,0,0.1842169314622879,0,0.4375027799978852,3,3,1,0,0.21473782695829868,0.16625265963375568
ESP-La Liga,2627,Real Sociedad,Mamadou Sarr,4,2026,140,11253,D,2,151,0,0.0,0,0.0,0,0.0,0,0,0,0,0.08983068354427814,0.08983068354427814
ESP-La Liga,2627,Real Sociedad,Mikel Oyarzabal,4,2026,140,2234,F M S,7,484,0,1.3718172833323479,0,1.3718172833323479,2,1.0929497592151165,11,10,1,0,2.8202965930104256,0.8250733651220798
ESP-La Liga,2627,Real Sociedad,Orri Óskarsson,4,2026,140,13048,F S,6,312,1,2.7402745448052883,1,2.7402745448052883,0,0.09986804611980915,8,2,0,1,2.9255964159965515,0.08545383997261524
ESP-La Liga,2627,Real Sociedad,Remiro,4,2026,140,2555,GK,6,540,0,0.0,0,0.0,0,0.0,0,0,0,0,0.7770684342831373,0.7770684342831373
ESP-La Liga,2627,Real Sociedad,Sergio Gómez,4,2026,140,6656,D,7,594,0,0.17999282106757164,0,0.17999282106757164,0,0.4558760393410921,4,8,1,0,1.401573233306408,1.1801553294062614
ESP-La Liga,2627,Real Sociedad,Takefusa Kubo,4,2026,140,8001,M S,5,227,0,0.6456151753664017,0,0.6456151753664017,0,0.133668415248394,2,3,0,0,0.8808033410459757,0.12044239416718483
ESP-La Liga,2627,Real Sociedad,Unai Marrero,4,2026,140,9198,GK,1,90,0,0.0,0,0.0,0,0.0,0,0,0,0,0.09054818004369736,0.09054818004369736
ESP-La Liga,2627,Real Sociedad,Yangel Herrera,4,2026,140,7350,M S,7,409,1,0.21987923048436642,1,0.21987923048436642,0,0.2125987410545349,4,1,3,0,1.5265163369476795,1.1290169544517994
ESP-La Liga,2627,Sevilla,Alfon,4,2026,138,9241,S,2,11,0,0.03242520987987518,0,0.03242520987987518,0,0.020117737352848053,1,1,0,0,0.03242520987987518,0.0
ESP-La Liga,2627,Sevilla,Andrés Castrín,4,2026,138,13600,D S,6,479,0,0.5589372143149376,0,0.5589372143149376,0,0.131232850253582,2,3,0,0,0.37561345659196377,0.35626993142068386
ESP-La Liga,2627,Sevilla,Arouna Sangante,4,2026,138,11788,D,4,290,0,0.0,0,0.0,0,0.0269768126308918,0,1,0,1,0.23830273002386093,0.21132591366767883
ESP-La Liga,2627,Sevilla,Chidera Ejuke,4,2026,138,8694,F S,6,186,1,0.3208258952945471,1,0.3208258952945471,0,0.06984937191009521,2,1,1,0,0.45874960720539093,0.06807434558868408
ESP-La Liga,2627,Sevilla,Felix Correia,4,2026,138,9444,M,3,233,0,0.12675312161445618,0,0.12675312161445618,1,0.7300010323524475,2,4,0,0,0.7617756873369217,0.10231342166662216
ESP-La Liga,2627,Sevilla,Gabriel Suazo,4,2026,138,11343,D,7,630,0,0.012310294434428215,0,0.012310294434428215,0,0.30589259415864944,1,9,2,0,0.9752367306500673,0.872341075912118
ESP-La Liga,2627,Sevilla,Giorgi Kochorashvili,4,2026,138,8425,M S,5,178,0,0.14583224058151245,0,0.14583224058151245,1,0.37963664531707764,4,1,1,0,0.18054977245628834,0.05483526736497879
ESP-La Liga,2627,Sevilla,Isaac Romero,4,2026,138,12305,F S,6,209,1,0.30561209097504616,1,0.30561209097504616,1,0.3550829794257879,5,3,4,0,0.596410321071744,0.0
ESP-La Liga,2627,Sevilla,Jon Guridi,4,2026,138,5179,M S,7,359,1,0.8508105706423521,0,0.10753296501934528,0,0.27595629915595055,4,3,3,0,0.43374548107385635,0.1104862168431282
ESP-La Liga,2627,Sevilla,José Ángel Carmona,4,2026,138,9809,S,3,55,0,0.046601951122283936,0,0.046601951122283936,0,0.016511522233486176,1,1,0,0,0.0,0.0
ESP-La Liga,2627,Sevilla,Juan Iglesias,4,2026,138,9218,D,7,630,1,0.4404233656823635,1,0.4404233656823635,0,0.24474288523197174,4,4,1,0,0.9771272912621498,0.6998658161610365
ESP-La Liga,2627,Sevilla,Julio Díaz,4,2026,138,14323,M S,4,80,0,0.0,0,0.0,0,0.3430064022541046,0,2,0,0,0.47425901889801025,0.13125258684158325
ESP-La Liga,2627,Sevilla,Kike Salas,4,2026,138,10334,D,5,450,0,0.23690715804696083,0,0.23690715804696083,0,0.11623192578554153,6,2,1,1,0.4946788176894188,0.3241158425807953
ESP-La Liga,2627,Sevilla,Lucas Stassin,4,2026,138,13057,F S,3,200,1,0.8664955049753189,1,0.8664955049753189,0,0.05997674912214279,7,2,0,0,0.9394132271409035,0.07182348519563675
ESP-La Liga,2627,Sevilla,Lucien Agoume,4,2026,138,8165,M,7,630,0,0.1338067650794983,0,0.1338067650794983,0,0.4035385139286518,5,2,2,0,1.4911556169390678,0.9832271486520767
ESP-La Liga,2627,Sevilla,Manu Bueno,4,2026,138,11266,S,2,21,0,0.0,0,0.0,0,0.021573210135102272,0,1,0,0,0.021573210135102272,0.0
ESP-La Liga,2627,Sevilla,Miguel Sierra,4,2026,138,13823,F M,7,523,2,0.405436422675848,2,0.405436422675848,0,0.28454955480992794,10,7,2,0,1.3922685272991657,0.8036326691508293
ESP-La Liga,2627,Sevilla,Nico Guillén,4,2026,138,14607,M S,2,92,0,0.03408406302332878,0,0.03408406302332878,0,0.0,1,0,1,0,0.03408406302332878,0.0
ESP-La Liga,2627,Sevilla,Odisseas Vlachodimos,4,2026,138,375,GK,7,630,0,0.0,0,0.0,0,0.0,0,0,0,0,0.03962099552154541,0.03962099552154541
ESP-La Liga,2627,Sevilla,Oso,4,2026,138,13615,M,2,164,1,0.4707444943487644,1,0.4707444943487644,1,0.13539914786815643,4,1,0,0,0.8697241693735123,0.33564916998147964
ESP-La Liga,2627,Sevilla,Peque,4,2026,138,12742,M S,3,162,1,1.0858079120516777,0,0.3425302878022194,0,0.11963400989770889,6,3,1,0,0.9294610545039177,0.4672967419028282
ESP-La Liga,2627,Sevilla,Robbie Ure,4,2026,138,14683,F S,7,386,0,0.6076166704297066,0,0.6076166704297066,1,0.24572255834937096,7,4,1,0,0.9810684360563755,0.12772922962903976
ESP-La Liga,2627,Sevilla,Ruben Vargas,4,2026,138,7810,S,1,15,0,0.09081681072711945,0,0.09081681072711945,0,0.0,1,0,0,0,0.09081681072711945,0.0
ESP-La Liga,2627,Sevilla,Youssouf Fofana,4,2026,138,6945,M S,4,285,1,0.6650506909936666,1,0.6650506909936666,0,0.038217879831790924,5,1,0,0,1.076622150838375,0.9442805796861649
ESP-La Liga,2627,Valencia,Aaron Mayol,4,2026,146,14452,M,2,180,1,0.06749608367681503,1,0.06749608367681503,0,0.03165757656097412,2,1,1,0,0.40078336745500565,0.3733200505375862
ESP-La Liga,2627,Valencia,Aimar Blázquez,4,2026,146,13763,S,1,7,0,0.4738985002040863,0,0.4738985002040863,0,0.0,1,0,0,0,0.4738985002040863,0.0
ESP-La Liga,2627,Valencia,Aliou Dieng,4,2026,146,14802,M S,5,220,0,0.0,0,0.0,0,0.024634886533021927,0,1,0,0,0.06097046285867691,0.06097046285867691
ESP-La Liga,2627,Valencia,Arnau Martinez,4,2026,146,10949,D S,4,249,0,0.024634886533021927,0,0.024634886533021927,0,0.0,1,0,1,0,0.024634886533021927,0.0
ESP-La Liga,2627,Valencia,Arnaut Danjuma Groeneveld,4,2026,146,8066,F M S,7,531,0,1.0612537153065205,0,1.0612537153065205,0,0.36168377846479416,15,7,0,0,1.837133564054966,0.6168694011867046
ESP-La Liga,2627,Valencia,César Tárrega,4,2026,146,10107,D S,5,322,0,0.1899663871154189,0,0.1899663871154189,0,0.0,3,0,0,0,0.531690675765276,0.518226919695735
ESP-La Liga,2627,Valencia,David Otorbi,4,2026,146,12297,M S,6,262,0,0.3053668327629566,0,0.3053668327629566,0,0.3705686330795288,4,4,0,0,1.1980162598192692,0.6230083331465721
ESP-La Liga,2627,Valencia,Filip Ugrinic,4,2026,146,13761,M S,7,510,0,0.2795754633843899,0,0.2795754633843899,0,0.20625155977904797,6,4,0,0,1.036687009036541,0.6624294798821211
ESP-La Liga,2627,Valencia,Guido Rodríguez,4,2026,146,8267,M,4,322,0,0.062384720891714096,0,0.062384720891714096,0,0.01790163479745388,2,1,1,0,0.4072068464010954,0.37744493037462234
ESP-La Liga,2627,Valencia,Harvey Elliott,4,2026,146,7546,S,3,71,0,0.07194472849369049,0,0.07194472849369049,0,0.1649613231420517,1,2,0,0,0.2516665756702423,0.07105528563261032
ESP-La Liga,2627,Valencia,Hugo Duro,4,2026,146,6637,F S,7,246,0,0.35769565403461456,0,0.35769565403461456,1,0.14139592461287975,5,3,0,0,0.34359853342175484,0.02651575207710266
ESP-La Liga,2627,Valencia,Iker Córdoba,4,2026,146,13002,S,3,94,0,0.0,0,0.0,0,0.0,0,0,0,0,0.07762391865253448,0.07762391865253448
ESP-La Liga,2627,Valencia,Javier Guerra,4,2026,146,10322,F M,7,581,0,0.5160601511597633,0,0.5160601511597633,1,1.0938589684665203,11,6,1,0,1.664080385118723,0.6839785352349281
ESP-La Liga,2627,Valencia,Jesús Vázquez,4,2026,146,9217,D S,7,345,0,0.07679087668657303,0,0.07679087668657303,0,0.06981875002384186,2,1,0,0,0.44405447877943516,0.2974448502063751
ESP-La Liga,2627,Valencia,José Gayá,4,2026,146,2505,D S,5,363,0,0.03303215652704239,0,0.03303215652704239,0,0.05778629891574383,1,2,1,0,0.7646778468042612,0.6738593876361847
ESP-La Liga,2627,Valencia,Justin de Haas,4,2026,146,14800,D,3,223,0,0.023062054067850113,0,0.023062054067850113,0,0.15379607677459717,1,2,2,0,1.4040160924196243,1.2271579653024673
ESP-La Liga,2627,Valencia,Luis Rioja,4,2026,146,7870,D S,4,114,1,0.43753135576844215,1,0.43753135576844215,0,0.6161909122020006,3,3,0,0,0.9199611023068428,0.0
ESP-La Liga,2627,Valencia,Mouctar Diakhaby,4,2026,146,5666,D S,4,290,0,0.17392124235630035,0,0.17392124235630035,0,0.0,2,0,2,0,0.13264358043670654,0.13264358043670654
ESP-La Liga,2627,Valencia,Pablo Maffeo,4,2026,146,1003,D S,6,334,0,0.05336153693497181,0,0.05336153693497181,0,0.14638740569353104,2,2,1,0,0.8405657932162285,0.7206941395998001
ESP-La Liga,2627,Valencia,Pepelu,4,2026,146,2551,D M,7,580,0,0.10389648750424385,0,0.10389648750424385,0,0.10857977718114853,2,2,1,0,0.8587114736437798,0.8587114736437798
ESP-La Liga,2627,Valencia,Raba,4,2026,146,5199,S,1,5,0,0.01802809163928032,0,0.01802809163928032,0,0.013463757000863552,1,1,0,0,0.11439131945371628,0.10092756152153015
ESP-La Liga,2627,Valencia,Ryunosuke Sato,4,2026,146,14801,M S,5,302,0,0.3421536758542061,0,0.3421536758542061,0,0.04495249316096306,5,1,2,0,0.48355800844728947,0.09645185060799122
ESP-La Liga,2627,Valencia,Stole Dimitrievski,4,2026,146,2619,GK,7,630,0,0.0,0,0.0,0,0.04121267795562744,0,1,1,0,1.0314712524414062,0.9902586042881012
ESP-La Liga,2627,Valencia,Umar Sadiq,4,2026,146,1450,F S,3,151,1,1.0633442997932434,1,1.0633442997932434,0,0.06409657746553421,3,1,0,0,1.0741783380508423,0.01790163479745388
ESP-La Liga,2627,Villarreal,Alberto Moleiro,4,2026,154,12160,F M S,8,488,2,2.1893972158432007,2,2.1893972158432007,3,2.742976814508438,12,16,0,0,8.616915874183178,4.598355937749147
ESP-La Liga,2627,Villarreal,Alexander Freeman,4,2026,154,14396,D S,6,308,0,0.14507318288087845,0,0.14507318288087845,0,0.11525758914649487,3,4,0,0,4.019973747432232,3.8102663159370422
ESP-La Liga,2627,Villarreal,Ayoze Pérez,4,2026,154,770,F S,8,430,1,4.380019053816795,1,4.380019053816795,3,1.060098584741354,16,7,0,0,6.181630581617355,1.5396367264911532
ESP-La Liga,2627,Villarreal,Carlos Macià,4,2026,154,14221,S,4,40,0,0.0,0,0.0,0,0.0,0,0,0,0,0.6802204251289368,0.6802204251289368
ESP-La Liga,2627,Villarreal,Carlos Romero,4,2026,154,11402,D S,5,382,0,0.3473866954445839,0,0.3473866954445839,0,0.07027000468224287,4,2,1,0,2.714933030307293,2.367546330206096
ESP-La Liga,2627,Villarreal,Georges Mikautadze,4,2026,154,8187,F S,8,442,2,3.952066130936146,1,3.2087885811924934,1,1.1898082345724106,21,7,0,0,5.153014630079269,1.3499823585152626
ESP-La Liga,2627,Villarreal,Gerard Moreno,4,2026,154,2120,F S,7,368,2,2.7291413098573685,1,1.9858637005090714,0,1.7527719847857952,9,10,0,0,3.5339857190847397,2.438278019428253
ESP-La Liga,2627,Villarreal,Ilias Akhomach,4,2026,154,10121,M S,7,179,0,0.10625841282308102,0,0.10625841282308102,2,1.7600704431533813,4,4,1,0,3.08987136464566,1.2470564795657992
ESP-La Liga,2627,Villarreal,Juan Foyth,4,2026,154,6306,D,3,270,0,0.14182302355766296,0,0.14182302355766296,0,0.4167003631591797,4,1,2,0,1.823896810412407,1.7713554054498672
ESP-La Liga,2627,Villarreal,Logan Costa,4,2026,154,8200,D,1,85,0,0.08859026432037354,0,0.08859026432037354,0,0.0,1,0,0,0,0.0,0.0
ESP-La Liga,2627,Villarreal,Luiz Júnior,4,2026,154,12917,GK,4,360,0,0.0,0,0.0,0,0.0,0,0,0,0,1.0168173536658287,1.0168173536658287
ESP-La Liga,2627,Villarreal,Nathan Saliba,4,2026,154,14936,M S,5,387,0,0.3007507622241974,0,0.3007507622241974,0,0.1902269423007965,5,2,0,0,3.1749245822429657,2.9522600769996643
ESP-La Liga,2627,Villarreal,Nicolas Pepe,4,2026,154,5656,M S,7,526,3,1.1930150501430035,3,1.1930150501430035,0,0.9693327248096466,19,12,1,0,3.459699921309948,1.9125720225274563
ESP-La Liga,2627,Villarreal,Pape Alassane Gueye,4,2026,154,8696,M S,8,599,3,1.3351981304585934,2,0.5919205211102962,0,0.3975052684545517,7,9,1,0,8.4724892526865,7.635376773774624
ESP-La Liga,2627,Villarreal,Pau Navarro,4,2026,154,12914,D,3,262,0,0.0,0,0.0,0,0.0,0,0,0,0,2.99127334356308,2.99127334356308
ESP-La Liga,2627,Villarreal,Péter Gulácsi,4,2026,154,5241,GK,3,270,0,0.0,0,0.0,0,0.0,0,0,0,0,0.816812165081501,0.816812165081501
ESP-La Liga,2627,Villarreal,Renato Veiga,4,2026,154,11383,D,8,720,0,0.5342059982940555,0,0.5342059982940555,1,0.6470660492777824,3,3,2,0,5.308183021843433,5.201836295425892
ESP-La Liga,2627,Villarreal,Santiago Comesaña,4,2026,154,7070,M S,7,393,0,0.5895065665245056,0,0.5895065665245056,0,0.14211896527558565,1,6,2,0,2.46298173815012,1.8060338459908962
ESP-La Liga,2627,Villarreal,Santiago Mouriño,4,2026,154,13003,D S,6,336,0,0.2708050087094307,0,0.2708050087094307,0,0.7868856340646744,2,3,2,0,3.126006558537483,2.8975645899772644
ESP-La Liga,2627,Villarreal,Sergi Cardona,4,2026,154,11744,D,4,360,0,0.0835464708507061,0,0.0835464708507061,0,0.5370966196060181,3,1,0,0,3.0379481315612793,2.4368884563446045
ESP-La Liga,2627,Villarreal,Tajon Buchanan,4,2026,154,12322,M S,8,398,0,1.266734953969717,0,1.266734953969717,0,0.8707200512290001,11,9,3,0,4.006690725684166,2.4016923755407333
ESP-La Liga,2627,Villarreal,Tani Oluwaseyi,4,2026,154,13996,S,5,54,0,0.04257901757955551,0,0.04257901757955551,0,0.14559908211231232,1,2,0,0,0.11425621062517166,0.03153253719210625
FRA-Ligue 1,2627,Angers,Amine El Ouazzani,5,2026,167,14860,F,5,395,1,1.0940239559859037,1,1.0940239559859037,2,0.9914609342813492,9,4,0,0,2.5978168696165085,2.1685516834259033
FRA-Ligue 1,2627,Angers,Amine Sbaï,5,2026,167,14131,M,5,437,1,1.357832245528698,1,1.357832245528698,1,2.6043406650424004,12,17,0,0,3.738299608230591,1.248261608183384
FRA-Ligue 1,2627,Angers,Anthony Bermont,5,2026,167,12344,M S,4,185,0,1.0780687928199768,0,1.0780687928199768,0,0.07728710025548935,6,1,1,0,0.9417536407709122,0.0
FRA-Ligue 1,2627,Angers,Anthony Lopes,5,2026,167,3269,GK,5,450,0,0.0,0,0.0,0,0.0,0,0,0,0,0.5206223726272583,0.5206223726272583
FRA-Ligue 1,2627,Angers,Bané Diatta,5,2026,167,14571,M S,4,116,0,0.0,0,0.0,0,0.0,0,0,0,0,0.06722994893789291,0.06722994893789291
FRA-Ligue 1,2627,Angers,Branco van den Boomen,5,2026,167,10790,M,5,450,1,0.06755239982157946,1,0.06755239982157946,1,0.9801528789103031,4,11,1,0,2.5243069157004356,2.317137062549591
FRA-Ligue 1,2627,Angers,Carlens Arcus,5,2026,167,5756,D S,5,337,1,0.19514426961541176,1,0.19514426961541176,0,0.2589004822075367,3,5,0,0,2.137959338724613,2.090651459991932
FRA-Ligue 1,2627,Angers,Djibirin Harouna,5,2026,167,14132,S,5,81,1,0.6045683547854424,1,0.6045683547854424,0,0.27067556604743004,4,2,0,0,0.9787375144660473,0.12785417772829533
FRA-Ligue 1,2627,Angers,Haris Belkebla,5,2026,167,7732,S,1,12,0,0.0,0,0.0,0,0.0,0,0,0,0,0.0,0.0
FRA-Ligue 1,2627,Angers,Jacques Ekomie,5,2026,167,10243,D,1,90,0,0.04846299812197685,0,0.04846299812197685,0,0.0,2,0,0,0,0.10742125660181046,0.058958254754543304
FRA-Ligue 1,2627,Angers,Jim Allevinah,5,2026,167,9645,M,5,376,0,0.783032912760973,0,0.783032912760973,0,0.7859864961355925,14,4,1,0,2.135054796934128,1.1348131597042084
FRA-Ligue 1,2627,Angers,Jordan Lefort,5,2026,167,6895,D,5,450,0,0.0,0,0.0,0,0.2774772569537163,0,3,1,0,1.1800193935632706,1.1800193935632706
FRA-Ligue 1,2627,Angers,Joseph Kalulu,5,2026,167,14861,D,4,360,0,0.01594293862581253,0,0.01594293862581253,0,0.09258273243904114,1,2,1,0,1.9976472556591034,1.905064433813095
FRA-Ligue 1,2627,Angers,Lilian Raolisoa,5,2026,167,11294,D S,4,113,0,0.01740018092095852,0,0.01740018092095852,0,0.0,1,0,0,0,0.972138375043869,0.9547382295131683
FRA-Ligue 1,2627,Angers,Louis Mouton,5,2026,167,10295,S,1,1,0,0.0,0,0.0,0,0.041220199316740036,0,1,0,0,0.041220199316740036,0.0
FRA-Ligue 1,2627,Angers,Mamadou Simbakoli,5,2026,167,9239,S,5,53,0,1.256789457052946,0,1.256789457052946,0,0.03448750451207161,9,1,1,0,0.8192793689668179,0.40704336762428284
FRA-Ligue 1,2627,Angers,Marius Louãr,5,2026,167,13159,S,1,1,0,0.0,0,0.0,0,0.0,0,0,0,0,0.0,0.0
FRA-Ligue 1,2627,Angers,Ousmane Camara,5,2026,167,11016,D,5,450,0,0.10164833068847656,0,0.10164833068847656,1,0.4462321624159813,2,2,1,0,1.7872321046888828,1.7641264535486698
FRA-Ligue 1,2627,Angers,Prosper Peter,5,2026,167,13604,F S,5,148,1,1.703375667333603,1,1.703375667333603,0,0.09052601456642151,6,1,1,0,2.2962276935577393,0.9725096225738525
FRA-Ligue 1,2627,Angers,Yassin Belkhdim,5,2026,167,10517,M,5,447,0,0.0733154658228159,0,0.0733154658228159,0,0.1585482656955719,2,4,1,0,1.894080050289631,1.7363844737410545
FRA-Ligue 1,2627,Auxerre,Aristide Zossou,5,2026,275,13076,F S,3,111,0,0.0617251880466938,0,0.0617251880466938,0,0.049471721053123474,1,1,0,0,0.19012010842561722,0.14064838737249374
FRA-Ligue 1,2627,Auxerre,Arthur Piedfort,5,2026,275,14785,M,5,396,0,0.017319845035672188,0,0.017319845035672188,0,0.08120378851890564,1,2,1,0,0.665610034018755,0.628653034567833
FRA-Ligue 1,2627,Auxerre,Axel Tuanzebe,5,2026,275,934,D,2,180,0,0.1533777415752411,0,0.1533777415752411,0,0.0,2,0,0,0,1.03914675116539,1.03914675116539
FRA-Ligue 1,2627,Auxerre,Cameron Archer,5,2026,275,9912,F,3,263,3,2.2738330960273743,3,2.2738330960273743,0,0.21455476433038712,7,2,0,0,2.3972376883029938,0.12340456992387772
FRA-Ligue 1,2627,Auxerre,Christ Makosso,5,2026,275,14784,D,4,304,0,0.0,0,0.0,1,0.839827835559845,0,2,1,1,1.9877880327403545,1.69909293577075
FRA-Ligue 1,2627,Auxerre,Clément Akpa,5,2026,275,12824,D,5,450,0,0.378678772598505,0,0.378678772598505,0,0.014689869247376919,2,1,1,0,2.2052744142711163,2.1651622094213963
FRA-Ligue 1,2627,Auxerre,Danny Namaso,5,2026,275,13888,F M,5,417,1,1.2834422998130322,0,0.5233471505343914,1,0.9754716418683529,10,7,0,0,1.6460106559097767,0.8740487694740295
FRA-Ligue 1,2627,Auxerre,Elikya Legros,5,2026,275,13985,D S,3,149,0,0.0,0,0.0,0,0.0,0,0,1,0,0.113930843770504,0.113930843770504
FRA-Ligue 1,2627,Auxerre,Fredrik Oppegård,5,2026,275,13407,D S,3,202,0,0.0,0,0.0,0,0.03759727627038956,0,2,0,0,0.9201576039195061,0.899410717189312
FRA-Ligue 1,2627,Auxerre,Josué Casimir,5,2026,275,11789,S,2,16,0,0.06271254271268845,0,0.06271254271268845,0,0.0,2,0,0,0,0.07834330946207047,0.01563076116144657
FRA-Ligue 1,2627,Auxerre,Kévin Danois,5,2026,275,10818,M,5,450,0,0.2171938680112362,0,0.2171938680112362,0,0.8045379817485809,6,9,1,0,2.519748017191887,1.7814526781439781
FRA-Ligue 1,2627,Auxerre,Lamfia Dioubaté,5,2026,275,14628,S,3,28,0,0.03379333205521107,0,0.03379333205521107,0,0.0,2,0,1,0,0.11126748472452164,0.09310491383075714
FRA-Ligue 1,2627,Auxerre,Lamine Sy,5,2026,275,13793,D,5,450,1,0.8210316486656666,1,0.8210316486656666,0,0.565619595348835,4,4,0,0,1.6181800924241543,0.7308943420648575
FRA-Ligue 1,2627,Auxerre,Lasso Coulibaly,5,2026,275,12826,S,1,11,0,0.0,0,0.0,0,0.018162570893764496,0,1,0,0,0.018162570893764496,0.0
FRA-Ligue 1,2627,Auxerre,Mamadou Diop,5,2026,275,14783,GK,5,450,0,0.0,0,0.0,0,0.0,0,0,0,0,0.6801999993622303,0.6801999993622303
FRA-Ligue 1,2627,Auxerre,Naouirou Ahamada,5,2026,275,9274,M S,5,289,0,0.08355441316962242,0,0.08355441316962242,0,0.1507219821214676,4,5,0,0,0.7492920756340027,0.6246582269668579
FRA-Ligue 1,2627,Auxerre,Pierre Ekwah,5,2026,275,10284,S,3,24,0,0.014635485596954823,0,0.014635485596954823,0,0.0,1,0,0,0,0.37502744793891907,0.37502744793891907
FRA-Ligue 1,2627,Auxerre,Rayan Mandengue,5,2026,275,14786,S,4,43,0,0.045906953513622284,0,0.045906953513622284,1,0.6590791940689087,1,1,1,0,0.704986147582531,0.0
FRA-Ligue 1,2627,Auxerre,Remy Labeau Lascary,5,2026,275,11065,F M,4,259,1,0.9929164126515388,1,0.9929164126515388,0,0.08263050019741058,9,1,0,0,1.1009692624211311,0.10805283859372139
FRA-Ligue 1,2627,Auxerre,Romain Faivre,5,2026,275,6420,F S,5,209,0,0.2035510018467903,0,0.2035510018467903,1,0.5448931409046054,4,8,0,0,1.179611281491816,0.8476917147636414
FRA-Ligue 1,2627,Auxerre,Sinaly Diomande,5,2026,275,8703,D,2,180,0,0.1381412111222744,0,0.1381412111222744,0,0.0,2,0,1,0,0.27982232719659805,0.2575856074690819
FRA-Ligue 1,2627,Auxerre,Theo Bair,5,2026,275,12825,S,1,15,0,0.06423333287239075,0,0.06423333287239075,0,0.0,1,0,0,0,0.14257663488388062,0.07834330946207047
FRA-Ligue 1,2627,Brest,Axel Camblan,5,2026,241,9826,S,1,16,0,0.07080448418855667,0,0.07080448418855667,0,0.0,1,0,0,0,0.07080448418855667,0.0
FRA-Ligue 1,2627,Brest,Bradley Locko,5,2026,241,9659,D,5,450,0,0.0,0,0.0,0,0.41360238939523697,0,4,1,0,1.6956681553274393,1.562066974118352
FRA-Ligue 1,2627,Brest,Djylian N'Guessan,5,2026,241,13311,S,2,19,0,0.052957672625780106,0,0.052957672625780106,0,0.0,1,0,0,0,0.052957672625780106,0.0
FRA-Ligue 1,2627,Brest,Egil Selvik,5,2026,241,13372,GK,5,450,0,0.0,0,0.0,0,0.0182962603867054,0,1,0,0,0.18843847326934338,0.18843847326934338
FRA-Ligue 1,2627,Brest,Gautier Lloris,5,2026,241,3701,D,4,346,0,0.07418528012931347,0,0.07418528012931347,0,0.0,2,0,0,0,0.289218382909894,0.289218382909894
FRA-Ligue 1,2627,Brest,Giovani Versini,5,2026,241,11406,M S,3,152,0,0.11283919960260391,0,0.11283919960260391,0,0.05417438596487045,1,1,0,0,0.18199414387345314,0.014980558305978775
FRA-Ligue 1,2627,Brest,Hugo Magnetti,5,2026,241,5742,M S,4,268,0,0.10161575675010681,0,0.10161575675010681,1,0.46354872174561024,3,3,0,0,0.4467115821316838,0.3818189278244972
FRA-Ligue 1,2627,Brest,Joris Chotard,5,2026,241,7739,M,5,439,0,0.34376850351691246,0,0.34376850351691246,1,1.8258559703826904,8,14,0,0,1.1944831646978855,0.9492995664477348
FRA-Ligue 1,2627,Brest,Joseph Nonge,5,2026,241,12170,M S,5,113,0,0.01610240526497364,0,0.01610240526497364,0,0.0,1,0,0,0,0.03052280005067587,0.014420394785702229
FRA-Ligue 1,2627,Brest,Justin Bourgault,5,2026,241,13388,S,1,1,0,0.0,0,0.0,0,0.0,0,0,0,0,0.0,0.0
FRA-Ligue 1,2627,Brest,Kamory Doumbia,5,2026,241,10100,M,5,418,4,4.300499161705375,3,3.5404040422290564,1,0.47137850522994995,14,6,2,0,2.866901868954301,0.4016281832009554
FRA-Ligue 1,2627,Brest,Kenny Lala,5,2026,241,5975,D,5,381,0,0.05246889591217041,0,0.05246889591217041,0,0.3576611503958702,2,8,1,0,0.8926943596452475,0.539657985791564
FRA-Ligue 1,2627,Brest,Luc Zogbe,5,2026,241,12258,S,1,69,0,0.05025799572467804,0,0.05025799572467804,0,0.09559277445077896,1,1,0,0,0.47177231311798096,0.32592153549194336
FRA-Ligue 1,2627,Brest,Lucas Tousart,5,2026,241,3743,D S,5,125,0,1.496068298816681,0,1.496068298816681,0,0.11283919960260391,4,1,0,0,0.19211916625499725,0.07927996665239334
FRA-Ligue 1,2627,Brest,Ludovic Ajorque,5,2026,241,6905,F,5,447,1,1.2315343245863914,1,1.2315343245863914,0,1.318942103534937,16,8,1,0,2.1837060190737247,1.2229119166731834
FRA-Ligue 1,2627,Brest,Mama Baldé,5,2026,241,7747,M S,4,125,0,0.43142203986644745,0,0.43142203986644745,1,0.7391097769141197,7,3,0,0,1.2176838889718056,0.7458172412589192
FRA-Ligue 1,2627,Brest,Mamady Diambou,5,2026,241,14823,M S,2,103,0,0.35845232009887695,0,0.35845232009887695,1,0.4044126272201538,6,1,0,0,0.6364556849002838,0.3336396664381027
FRA-Ligue 1,2627,Brest,Mathis Lainé,5,2026,241,14824,S,3,7,0,0.0,0,0.0,0,0.0,0,0,0,0,0.0,0.0
FRA-Ligue 1,2627,Brest,Noah Edjouma,5,2026,241,12330,S,1,21,0,0.04969804733991623,0,0.04969804733991623,0,0.08769142627716064,1,1,0,0,0.08769142627716064,0.0
FRA-Ligue 1,2627,Brest,Pathé Mboup,5,2026,241,14052,M,5,407,1,1.6478857696056366,1,1.6478857696056366,0,0.9035845398902893,17,6,1,0,2.1865439265966415,1.3906747978180647
FRA-Ligue 1,2627,Brest,Raphaël Le Guen,5,2026,241,13283,D,5,450,0,0.9520295634865761,0,0.9520295634865761,0,0.14040003484115005,9,3,0,0,0.7373612094670534,0.6641882304102182
FRA-Ligue 1,2627,Brest,Romain Del Castillo,5,2026,241,3721,M,2,145,1,0.2247554063796997,1,0.2247554063796997,0,0.36337393522262573,1,4,0,0,0.5154062807559967,0.2906508818268776
FRA-Ligue 1,2627,Le Havre,Ahmed Touba,5,2026,282,12061,D,4,360,0,0.03991592302918434,0,0.03991592302918434,0,0.12159686535596848,1,1,1,0,0.8890794664621353,0.8890794664621353
FRA-Ligue 1,2627,Le Havre,Amir Richardson,5,2026,282,11752,M,5,442,0,0.36814354453235865,0,0.36814354453235865,0,0.5043133795261383,9,10,1,0,1.7843680679798126,1.3306441120803356
FRA-Ligue 1,2627,Le Havre,Ayumu Seko,5,2026,282,13742,D,5,450,0,0.2138364166021347,0,0.2138364166021347,0,0.49905576929450035,5,6,1,0,1.9255237430334091,1.3909194730222225
FRA-Ligue 1,2627,Le Havre,Daren Mosengo,5,2026,282,12731,S,1,4,0,0.0,0,0.0,0,0.0,0,0,0,0,0.0,0.0
FRA-Ligue 1,2627,Le Havre,Djibril Ouziad,5,2026,282,14868,D S,4,224,0,0.4387261215597391,0,0.4387261215597391,0,0.1381586641073227,6,2,0,0,0.7843857705593109,0.3778316453099251
FRA-Ligue 1,2627,Le Havre,Elias Jelert,5,2026,282,14866,D S,4,278,0,0.0,0,0.0,0,0.0868676844984293,0,3,0,0,1.2522414922714233,1.1653738021850586
FRA-Ligue 1,2627,Le Havre,Enzo Koffi,5,2026,282,14083,S,5,120,0,0.1365441419184208,0,0.1365441419184208,0,0.15338532626628876,3,3,0,0,0.4524898864328861,0.31726714223623276
FRA-Ligue 1,2627,Le Havre,Fodé Doucouré,5,2026,282,8684,D S,2,98,0,0.07025713473558426,0,0.07025713473558426,1,0.5277543663978577,2,2,2,0,0.6651259660720825,0.5928965285420418
FRA-Ligue 1,2627,Le Havre,Gauthier Gallon,5,2026,282,9618,GK S,3,181,0,0.0,0,0.0,0,0.0,0,0,0,0,0.060419339686632156,0.060419339686632156
FRA-Ligue 1,2627,Le Havre,Hakim Dongopandji,5,2026,282,15075,S,1,1,0,0.0,0,0.0,0,0.0,0,0,0,0,0.0,0.0
FRA-Ligue 1,2627,Le Havre,Ismaïl Bouneb,5,2026,282,12730,S,2,17,0,0.0,0,0.0,0,0.04921562224626541,0,1,0,0,0.0,0.0
FRA-Ligue 1,2627,Le Havre,Josh Maja,5,2026,282,5587,F S,5,267,1,1.0269963964819908,1,1.0269963964819908,0,0.5448911730200052,7,6,0,0,2.129617467522621,0.557729922235012
FRA-Ligue 1,2627,Le Havre,Junior Mwanga,5,2026,282,10581,D M S,4,246,0,0.0,0,0.0,0,0.05725407227873802,0,1,0,1,0.7325544655323029,0.6753003932535648
FRA-Ligue 1,2627,Le Havre,Kaito Mizuta,5,2026,282,9787,M S,3,153,0,0.09366542659699917,0,0.09366542659699917,0,0.3707364872097969,3,5,0,0,0.4950732942670584,0.33962732553482056
FRA-Ligue 1,2627,Le Havre,Lionel Mpasi,5,2026,282,13745,GK,3,270,0,0.0,0,0.0,0,0.0,0,0,1,0,0.10124731063842773,0.10124731063842773
FRA-Ligue 1,2627,Le Havre,Mbwana Samatta,5,2026,282,8287,F M,5,434,2,2.0016702115535736,2,2.0016702115535736,0,0.18803174048662186,20,2,0,0,2.6696892231702805,1.2594444900751114
FRA-Ligue 1,2627,Le Havre,Rassoul Ndiaye,5,2026,282,11790,M S,4,236,0,0.510332852602005,0,0.510332852602005,0,0.256965484470129,6,6,0,0,1.0048193633556366,0.3128405883908272
FRA-Ligue 1,2627,Le Havre,Rayan Fofana,5,2026,282,13506,M S,3,121,1,1.417465716600418,0,0.6573705971240997,0,0.0,6,0,0,0,0.6682354211807251,0.13246166706085205
FRA-Ligue 1,2627,Le Havre,Simon Ebonog,5,2026,282,12446,M,5,437,0,0.1312136147171259,0,0.1312136147171259,0,0.13869786262512207,4,5,0,0,1.4586555361747742,1.2869182378053665
FRA-Ligue 1,2627,Le Havre,Sota Nakamura,5,2026,282,14867,F S,5,156,0,0.14718769304454327,0,0.14718769304454327,1,0.5576247349381447,4,5,1,0,1.1495309472084045,0.8975566402077675
FRA-Ligue 1,2627,Le Havre,Timothee Pembele,5,2026,282,8701,D,3,215,0,0.07767762988805771,0,0.07767762988805771,0,0.05329088121652603,2,1,0,0,0.7741326168179512,0.6431640982627869
FRA-Ligue 1,2627,Le Havre,Vincent Sasso,5,2026,282,14865,D S,3,161,0,0.0,0,0.0,0,0.0,0,0,1,0,0.18971573933959007,0.18971573933959007
FRA-Ligue 1,2627,Le Havre,Yanis Zouaoui,5,2026,282,12732,D,1,39,0,0.0,0,0.0,0,0.0,0,0,0,0,0.08011753112077713,0.08011753112077713
FRA-Ligue 1,2627,Le Mans,Adil Bourabaa,5,2026,295,14817,M,5,406,3,1.1576205659657717,3,1.1576205659657717,2,0.7036450989544392,7,8,1,0,3.171805465593934,1.4031000435352325
FRA-Ligue 1,2627,Le Mans,Alexandre Lauray,5,2026,295,7556,M S,5,285,0,0.13178155291825533,0,0.13178155291825533,0,0.2575661651790142,5,5,3,0,1.098837099969387,1.0426834151148796
FRA-Ligue 1,2627,Le Mans,Antoine Rabillard,5,2026,295,3647,M S,4,154,0,0.17428142577409744,0,0.17428142577409744,0,0.7345449477434158,2,2,0,0,0.897028736770153,0.06383024156093597
FRA-Ligue 1,2627,Le Mans,Billal Brahimi,5,2026,295,9658,S,3,37,0,0.0,0,0.0,0,0.16590045019984245,0,2,0,0,0.183754064142704,0.1458588819950819
FRA-Ligue 1,2627,Le Mans,Dame Gueye,5,2026,295,14818,F S,5,303,1,1.6987973153591156,1,1.6987973153591156,0,0.0,5,0,0,0,2.635681629180908,0.9941455870866776
FRA-Ligue 1,2627,Le Mans,Daouda Traoré,5,2026,295,12283,S,1,23,0,0.070706807076931,0,0.070706807076931,0,0.0,1,0,0,0,0.070706807076931,0.0
FRA-Ligue 1,2627,Le Mans,Djibril Sidibe,5,2026,295,3357,D S,2,132,0,0.05657658725976944,0,0.05657658725976944,0,0.0,1,0,1,0,0.20714021474123,0.20714021474123
FRA-Ligue 1,2627,Le Mans,Erwan Colas,5,2026,295,14819,S,1,24,0,0.0,0,0.0,0,0.0,0,0,0,0,0.0,0.0
FRA-Ligue 1,2627,Le Mans,Ewan Hatfout,5,2026,295,8164,GK S,3,187,0,0.0,0,0.0,0,0.0,0,0,0,0,0.759040892124176,0.759040892124176
FRA-Ligue 1,2627,Le Mans,Habib Diallo,5,2026,295,5769,F S,3,112,1,0.3366782180964947,1,0.3366782180964947,0,0.0,3,0,1,0,0.14164966717362404,0.08370216935873032
FRA-Ligue 1,2627,Le Mans,Harold Voyer,5,2026,295,15008,D,4,360,0,0.017853615805506706,0,0.017853615805506706,0,0.0,1,0,1,0,1.6990209370851517,1.6811673194169998
FRA-Ligue 1,2627,Le Mans,Jean Vercruysse,5,2026,295,15009,M S,4,231,0,0.24250227212905884,0,0.24250227212905884,1,0.11359863914549351,4,2,1,0,0.9898057840764523,0.7256709039211273
FRA-Ligue 1,2627,Le Mans,Louis Mafouta,5,2026,295,10342,F,5,426,3,4.044372335076332,2,3.2842773348093033,1,0.9322396516799927,13,2,0,0,6.011212736368179,1.8386795185506344
FRA-Ligue 1,2627,Le Mans,Lucas Bretelle,5,2026,295,14820,M S,4,227,0,0.0,0,0.0,1,0.34385028295218945,0,3,0,0,1.3436113111674786,1.3436113111674786
FRA-Ligue 1,2627,Le Mans,Lucas Buades,5,2026,295,7157,D M,2,180,0,0.02618260867893696,0,0.02618260867893696,0,0.531892716884613,1,1,0,0,0.6562946364283562,0.09821931272745132
FRA-Ligue 1,2627,Le Mans,Lucas Calodat,5,2026,295,10131,M S,5,275,1,0.4202496986836195,1,0.4202496986836195,1,1.3387584686279297,3,4,0,0,2.355899930000305,0.9572310447692871
FRA-Ligue 1,2627,Le Mans,Milan Robin,5,2026,295,14822,S,1,7,0,0.0,0,0.0,0,0.0,0,0,0,0,0.0,0.0
FRA-Ligue 1,2627,Le Mans,Nicolas Kocik,5,2026,295,14814,GK,3,263,0,0.0,0,0.0,0,0.0,0,0,0,0,0.06277509033679962,0.06277509033679962
FRA-Ligue 1,2627,Le Mans,Noa Boissé,5,2026,295,14815,D,4,318,0,0.0,0,0.0,0,0.04441027343273163,0,1,2,0,1.5481111388653517,1.5481111388653517
FRA-Ligue 1,2627,Le Mans,Rayan Bamba,5,2026,295,12556,D M,4,360,0,0.04441027343273163,0,0.04441027343273163,1,0.08832115866243839,1,3,0,0,0.7985787969082594,0.6658473890274763
FRA-Ligue 1,2627,Le Mans,Raúl Torrente,5,2026,295,9403,D S,2,73,0,0.0,0,0.0,0,0.0,0,0,0,0,0.0,0.0
FRA-Ligue 1,2627,Le Mans,Samuel Yohou,5,2026,295,15049,D S,3,197,0,0.0,0,0.0,0,0.0,0,0,0,0,0.8305110484361649,0.8305110484361649
FRA-Ligue 1,2627,Le Mans,Théo Eyoum,5,2026,295,14816,D,2,180,0,0.0,0,0.0,0,0.0,0,0,0,0,0.10253416001796722,0.10253416001796722
FRA-Ligue 1,2627,Le Mans,William Harhouz,5,2026,295,14821,S,1,15,0,0.0,0,0.0,0,0.0,0,0,0,0,0.0,0.0
FRA-Ligue 1,2627,Le Mans,Yasser Larouci,5,2026,295,10041,D M S,3,155,0,0.21881037205457687,0,0.21881037205457687,0,0.017853615805506706,4,1,0,0,0.1428572442382574,0.017853615805506706
FRA-Ligue 1,2627,Lens,Abdallah Sima,5,2026,210,11046,F M,5,392,1,1.3179268091917038,1,1.3179268091917038,1,1.0888659283518791,9,5,0,0,4.484656665474176,2.3266156911849976
FRA-Ligue 1,2627,Lens,Amadou Haidara,5,2026,210,7501,M S,4,196,0,0.11759109795093536,0,0.11759109795093536,0,0.08070454746484756,2,1,0,0,0.7862355336546898,0.7219850495457649
FRA-Ligue 1,2627,Lens,Andrija Bulatovic,5,2026,210,13733,M S,5,157,0,0.11872323136776686,0,0.11872323136776686,0,0.46991887129843235,6,5,1,0,0.9758951663970947,0.5224486291408539
FRA-Ligue 1,2627,Lens,Florian Sotoca,5,2026,210,3348,S,2,20,0,0.339272677898407,0,0.339272677898407,0,0.09268290549516678,2,1,0,0,0.35005403496325016,0.010781357064843178
FRA-Ligue 1,2627,Lens,Florian Thauvin,5,2026,210,942,M,5,450,3,3.805227480828762,0,1.5249420627951622,2,1.804956093430519,16,14,2,0,6.125452935695648,3.905017524957657
FRA-Ligue 1,2627,Lens,Franjo Ivanovic,5,2026,210,14781,M S,3,183,2,1.1123590990900993,2,1.1123590990900993,0,0.27682870626449585,5,1,1,0,2.778636544942856,1.9505576491355896
FRA-Ligue 1,2627,Lens,Jean-Clair Todibo,5,2026,210,6816,D S,2,82,0,0.019616160541772842,0,0.019616160541772842,0,0.10278443992137909,1,1,0,0,0.06032910197973251,0.06032910197973251
FRA-Ligue 1,2627,Lens,Jonathan Gradit,5,2026,210,7206,D S,2,98,0,0.053554121404886246,0,0.053554121404886246,0,0.026108944788575172,1,1,0,0,0.04704822972416878,0.04704822972416878
FRA-Ligue 1,2627,Lens,Junior Kadile,5,2026,210,15080,D,1,72,0,0.0,0,0.0,0,0.5422528386116028,0,1,0,0,0.5422528386116028,0.0
FRA-Ligue 1,2627,Lens,Kyllian Antonio,5,2026,210,13141,D,3,270,0,0.0491472352296114,0,0.0491472352296114,0,0.06425048410892487,2,1,0,0,1.5322638750076294,1.444975107908249
FRA-Ligue 1,2627,Lens,Maik Nawrocki,5,2026,210,14779,D,2,156,0,0.04377922788262367,0,0.04377922788262367,0,0.0,1,0,1,0,0.769647054374218,0.769647054374218
FRA-Ligue 1,2627,Lens,Matthieu Udol,5,2026,210,5745,D,5,383,1,1.2039299607276917,1,1.2039299607276917,0,0.7512716874480247,6,6,0,0,2.964227445423603,1.5468190386891365
FRA-Ligue 1,2627,Lens,Mezian Soares,5,2026,210,14608,M S,3,104,0,0.04975046589970589,0,0.04975046589970589,0,0.03916751779615879,2,2,0,0,0.7257223129272461,0.6683608293533325
FRA-Ligue 1,2627,Lens,Michal Skóras,5,2026,210,14782,D S,5,272,0,0.02313157357275486,0,0.02313157357275486,1,1.4058484127745032,1,7,1,0,2.477041239850223,1.6204102486371994
FRA-Ligue 1,2627,Lens,Michaël Cuisance,5,2026,210,6148,M S,5,315,0,1.1581210978329182,0,1.1581210978329182,0,0.13481747545301914,5,3,1,0,3.5394615456461906,2.2465228736400604
FRA-Ligue 1,2627,Lens,Odsonne Edouard,5,2026,210,3697,F S,4,113,0,0.2451079748570919,0,0.2451079748570919,0,0.36084433272480965,3,3,0,0,1.0756496042013168,0.5623802095651627
FRA-Ligue 1,2627,Lens,Pierre Ganiou,5,2026,210,11142,D,3,261,1,0.7981923036277294,1,0.7981923036277294,0,0.6108390092849731,3,1,0,0,2.254687488079071,1.6048056483268738
FRA-Ligue 1,2627,Lens,Robin Risser,5,2026,210,10769,GK,5,450,0,0.0,0,0.0,0,0.0,0,0,0,0,1.1122349426150322,1.1122349426150322
FRA-Ligue 1,2627,Lens,Ruben Aguilar,5,2026,210,6006,D S,4,275,0,0.06632740795612335,0,0.06632740795612335,1,0.7076006531715393,1,6,1,0,1.2688512206077576,1.1258298493921757
FRA-Ligue 1,2627,Lens,Saud Abdulhamid,5,2026,210,13053,D,1,64,1,0.6086224317550659,1,0.6086224317550659,0,0.0,1,0,0,0,1.3348913192749023,0.7262688875198364
FRA-Ligue 1,2627,Lens,Souleymane Sagnan,5,2026,210,13526,D S,3,247,0,0.050695426762104034,0,0.050695426762104034,0,0.0,1,0,0,1,2.3649400174617767,2.314244568347931
FRA-Ligue 1,2627,Lens,Thorgan Hazard,5,2026,210,213,M S,5,151,0,1.3072545155882835,0,1.3072545155882835,0,0.09711983799934387,5,2,0,0,3.0806015580892563,1.942082978785038
FRA-Ligue 1,2627,Lens,Yacine Titraoui,5,2026,210,14780,M,3,241,0,0.02352599985897541,0,0.02352599985897541,0,0.0,1,0,1,0,1.9963380247354507,1.9728120267391205
FRA-Ligue 1,2627,Lille,Alexsandro Ribeiro,5,2026,160,10810,D,5,450,0,0.1640281230211258,0,0.1640281230211258,0,0.018724918365478516,3,1,0,0,2.2324878349900246,2.2324878349900246
FRA-Ligue 1,2627,Lille,Ayase Ueda,5,2026,160,15030,F S,3,195,2,2.289009004831314,2,2.289009004831314,0,0.09430652484297752,9,2,0,0,2.5723782181739807,0.5621707588434219
FRA-Ligue 1,2627,Lille,Basar Önal,5,2026,160,14862,M S,4,217,0,0.12046471238136292,0,0.12046471238136292,0,0.7545578181743622,1,3,0,0,1.0799038000404835,0.25535942427814007
FRA-Ligue 1,2627,Lille,Benjamin André,5,2026,160,3223,M S,4,221,0,0.0,0,0.0,0,0.10401003994047642,0,4,1,0,0.14791873283684254,0.08908289670944214
FRA-Ligue 1,2627,Lille,Berke Özer,5,2026,160,13781,GK,5,450,0,0.0,0,0.0,0,0.0,0,0,0,0,1.619941096752882,1.619941096752882
FRA-Ligue 1,2627,Lille,Calvin Verdonk,5,2026,160,14048,D S,3,69,0,0.012538564391434193,0,0.012538564391434193,0,0.0,1,0,0,0,0.1498427763581276,0.13730420917272568
FRA-Ligue 1,2627,Lille,Dilane Bakwa,5,2026,160,8920,M S,4,168,1,0.30276063829660416,1,0.30276063829660416,1,0.1920543536543846,4,5,0,0,1.1191108226776123,0.7685139514505863
FRA-Ligue 1,2627,Lille,Ethan Mbappé,5,2026,160,12066,M S,5,268,1,1.5201632753014565,1,1.5201632753014565,0,0.9319083876907825,9,5,0,0,2.6523768231272697,0.28022804483771324
FRA-Ligue 1,2627,Lille,Felix Correia,5,2026,160,9444,M S,2,94,0,0.0417652390897274,0,0.0417652390897274,0,0.0,1,0,0,0,0.5543753802776337,0.512610137462616
FRA-Ligue 1,2627,Lille,Gaetan Perrin,5,2026,160,3285,S,3,66,0,0.09872689098119736,0,0.09872689098119736,0,0.0,1,0,0,0,1.0910842716693878,0.9923574030399323
FRA-Ligue 1,2627,Lille,Hákon Haraldsson,5,2026,160,11757,M,5,382,1,0.5847743526101112,1,0.5847743526101112,0,1.1120025962591171,8,9,1,0,2.6922670006752014,1.1007329858839512
FRA-Ligue 1,2627,Lille,Isaac Cossier,5,2026,160,13382,S,1,12,0,0.0,0,0.0,0,0.0,0,0,0,0,0.0,0.0
FRA-Ligue 1,2627,Lille,Maurits Kjærgaard,5,2026,160,15031,S,2,48,0,0.4508168622851372,0,0.4508168622851372,2,0.8677185475826263,2,5,1,0,1.4444206058979034,0.6096439361572266
FRA-Ligue 1,2627,Lille,Nabil Bentaleb,5,2026,160,914,M,5,424,0,0.12924488727003336,0,0.12924488727003336,1,0.8931118249893188,4,7,0,0,1.9277503760531545,1.00443035364151
FRA-Ligue 1,2627,Lille,Nathan Ngoy,5,2026,160,13782,D,5,450,0,0.0,0,0.0,0,0.0,0,0,0,0,2.3583318442106247,2.3583318442106247
FRA-Ligue 1,2627,Lille,Ngal'ayel Mukau,5,2026,160,12800,M S,5,247,0,0.06929782778024673,0,0.06929782778024673,0,0.0,1,0,0,0,1.4905515685677528,1.421253740787506
FRA-Ligue 1,2627,Lille,Olivier Giroud,5,2026,160,502,F S,5,254,1,0.9068440496921539,1,0.9068440496921539,2,0.19211459625512362,5,4,1,0,1.8779484555125237,0.8784237178042531
FRA-Ligue 1,2627,Lille,Osame Sahraoui,5,2026,160,12801,M S,3,97,0,0.15864422917366028,0,0.15864422917366028,0,0.14080049097537994,2,2,0,0,0.5581878870725632,0.3416801616549492
FRA-Ligue 1,2627,Lille,Romain Perraud,5,2026,160,6500,D S,5,389,0,0.15468368865549564,0,0.15468368865549564,0,0.033345114439725876,4,1,2,0,1.7548762783408165,1.667791087180376
FRA-Ligue 1,2627,Lille,Tiago Santos,5,2026,160,11756,D,5,450,2,0.6711433865129948,2,0.6711433865129948,0,0.867819219827652,9,5,0,0,3.6624936871230602,2.2652065455913544
FRA-Ligue 1,2627,Lorient,Aiyegun Tosin,5,2026,179,12049,S,2,41,0,0.4872382879257202,0,0.4872382879257202,0,0.0,1,0,0,0,0.5242534875869751,0.037015192210674286
FRA-Ligue 1,2627,Lorient,Alec Georgen,5,2026,179,3718,S,1,17,0,0.0,0,0.0,0,0.037015192210674286,0,1,0,0,0.6079070568084717,0.5708918571472168
FRA-Ligue 1,2627,Lorient,Arsène Kouassi,5,2026,179,13794,D,5,450,0,0.020782826468348503,0,0.020782826468348503,1,0.5373958423733711,1,8,1,0,1.5698004961013794,1.402007281780243
FRA-Ligue 1,2627,Lorient,Arthur Avom,5,2026,179,12328,M S,5,311,0,0.13084381446242332,0,0.13084381446242332,0,0.5258608981966972,4,3,1,0,2.464110631495714,1.901618231087923
FRA-Ligue 1,2627,Lorient,Dembo Sylla,5,2026,179,11769,D,5,433,0,0.0,0,0.0,0,0.0,0,0,0,0,1.687345802783966,1.687345802783966
FRA-Ligue 1,2627,Lorient,Gabin Bernardeau,5,2026,179,13752,M,5,341,0,0.5249528735876083,0,0.5249528735876083,0,0.9677815735340118,5,3,0,0,1.0485110133886337,0.15322237089276314
FRA-Ligue 1,2627,Lorient,Ibrahima Baldé,5,2026,179,10125,F S,3,160,1,0.6615107506513596,1,0.6615107506513596,0,0.055589642375707626,3,1,0,0,0.8459112644195557,0.12881088256835938
FRA-Ligue 1,2627,Lorient,Isak Jensen,5,2026,179,14995,S,4,79,1,0.14699172601103783,1,0.14699172601103783,0,0.019254473969340324,3,1,0,0,0.42743857577443123,0.30639662221074104
FRA-Ligue 1,2627,Lorient,Jean-Victor Makengo,5,2026,179,3536,M,5,422,1,1.230208719149232,1,1.230208719149232,0,0.21544563584029675,7,3,1,0,1.4031244814395905,0.6418687403202057
FRA-Ligue 1,2627,Lorient,Mamadou Koné,5,2026,179,14373,F S,5,249,1,1.3116936888545752,1,1.3116936888545752,0,0.22313606925308704,8,4,0,0,1.4273449778556824,0.0
FRA-Ligue 1,2627,Lorient,Montassar Talbi,5,2026,179,9873,D,5,450,0,0.21937011927366257,0,0.21937011927366257,0,0.0700284019112587,3,1,0,0,1.3854720070958138,1.2247882559895515
FRA-Ligue 1,2627,Lorient,Nathaniel Adjei,5,2026,179,12382,D,5,437,0,0.0,0,0.0,0,0.03394164890050888,0,1,1,0,1.5397256091237068,1.5397256091237068
FRA-Ligue 1,2627,Lorient,Noah Cadiou,5,2026,179,13975,M,5,446,0,0.522222338244319,0,0.522222338244319,0,0.5104787722229958,8,4,0,0,2.1331651359796524,1.4596173092722893
FRA-Ligue 1,2627,Lorient,Noah Mbamba-Muanda,5,2026,179,11355,M S,3,143,1,0.12881088256835938,1,0.12881088256835938,0,0.0,1,0,0,0,0.979202151298523,0.8503912761807442
FRA-Ligue 1,2627,Lorient,Nosa Obaretin,5,2026,179,14996,S,1,13,0,0.0,0,0.0,0,0.0,0,0,0,0,0.43698132038116455,0.43698132038116455
FRA-Ligue 1,2627,Lorient,Panos Katseris,5,2026,179,12381,D S,5,176,0,0.0744391530752182,0,0.0744391530752182,3,1.4051136150956154,1,6,1,0,2.062081530690193,0.582528755068779
FRA-Ligue 1,2627,Lorient,Souleymane Faye,5,2026,179,14813,S,3,58,0,0.20682381838560104,0,0.20682381838560104,0,0.38685478642582893,3,2,0,0,0.7297028824687004,0.13602427393198013
FRA-Ligue 1,2627,Lorient,Théo Le Bris,5,2026,179,9929,D S,5,274,0,0.2225850522518158,0,0.2225850522518158,0,0.022032875567674637,4,2,0,0,0.32721052691340446,0.1252940408885479
FRA-Ligue 1,2627,Lorient,Yvon Mvogo,5,2026,179,6110,GK,5,450,0,0.0,0,0.0,0,0.0,0,0,0,0,0.5511284954845905,0.5511284954845905
FRA-Ligue 1,2627,Lyon,Abner,5,2026,178,11318,D S,4,279,0,0.0,0,0.0,0,0.3037280421704054,0,4,0,0,1.395800143480301,1.3558686524629593
FRA-Ligue 1,2627,Lyon,Clinton Mata,5,2026,178,11819,D,1,90,0,0.0,0,0.0,0,0.0,0,0,0,0,0.031957536935806274,0.031957536935806274
FRA-Ligue 1,2627,Lyon,Corentin Tolisso,5,2026,178,3603,M S,5,380,1,1.025724209845066,1,1.025724209845066,2,1.5891606956720352,7,9,0,0,4.540901347994804,2.745748609304428
FRA-Ligue 1,2627,Lyon,Dominik Greif,5,2026,178,9756,GK,4,360,0,0.0,0,0.0,0,0.0,0,0,0,0,0.7744526118040085,0.7744526118040085
FRA-Ligue 1,2627,Lyon,Ernest Nuamah,5,2026,178,12060,M,4,316,3,2.358074940741062,3,2.358074940741062,1,0.9022709503769875,14,5,0,0,3.149984359741211,0.437014639377594
FRA-Ligue 1,2627,Lyon,Felix Bacher,5,2026,178,14844,D,5,450,1,0.3071194365620613,1,0.3071194365620613,0,0.031957536935806274,4,1,1,0,0.6659244708716869,0.6339669339358807
FRA-Ligue 1,2627,Lyon,Julien Duranville,5,2026,178,11585,F,1,64,0,0.0,0,0.0,0,0.0,0,0,0,0,0.0,0.0
FRA-Ligue 1,2627,Lyon,Kail Boudache,5,2026,178,14379,F M S,5,187,0,1.3307775259017944,0,1.3307775259017944,0,0.06873931735754013,7,1,0,0,1.6802401691675186,0.34946267306804657
FRA-Ligue 1,2627,Lyon,Keito Nakamura,5,2026,178,11755,S,2,24,0,0.0,0,0.0,0,0.0,0,0,0,0,0.10216960310935974,0.10216960310935974
FRA-Ligue 1,2627,Lyon,Khalis Merah,5,2026,178,13736,S,2,41,0,0.06684445589780807,0,0.06684445589780807,0,0.9491809010505676,1,1,0,0,1.2888579070568085,0.33967703580856323
FRA-Ligue 1,2627,Lyon,Loïs Openda,5,2026,178,10832,F,4,336,1,2.916123792529106,1,2.916123792529106,1,0.6622381396591663,16,4,1,0,4.861386328935623,1.8556660190224648
FRA-Ligue 1,2627,Lyon,Mads Bidstrup,5,2026,178,9682,M,5,394,0,0.21132881194353104,0,0.21132881194353104,0,0.11624465137720108,3,2,0,0,1.3410924226045609,1.0907241627573967
FRA-Ligue 1,2627,Lyon,Malick Fofana,5,2026,178,12336,S,2,54,1,0.2553050071001053,1,0.2553050071001053,0,0.05715566128492355,3,2,0,0,0.31246066093444824,0.0
FRA-Ligue 1,2627,Lyon,Mathys de Carvalho,5,2026,178,13737,M,1,70,0,0.0,0,0.0,0,0.0,0,0,0,0,0.0,0.0
FRA-Ligue 1,2627,Lyon,Mohamed Ouédraogo,5,2026,178,14845,D,1,90,0,0.0,0,0.0,0,0.0,0,0,0,0,0.07146294414997101,0.07146294414997101
FRA-Ligue 1,2627,Lyon,Moussa Niakhate,5,2026,178,5989,D,4,360,0,0.0,0,0.0,0,0.04800473898649216,0,1,1,0,1.3033910691738129,1.3033910691738129
FRA-Ligue 1,2627,Lyon,Nicolás Tagliafico,5,2026,178,10701,D,1,81,0,0.0,0,0.0,0,0.013906938955187798,0,1,0,0,0.06764765083789825,0.053740713745355606
FRA-Ligue 1,2627,Lyon,Noah Nartey,5,2026,178,14406,M S,4,107,1,0.057268619537353516,1,0.057268619537353516,0,0.14784713834524155,1,2,2,0,0.29258548468351364,0.08746972680091858
FRA-Ligue 1,2627,Lyon,Pavel Sulc,5,2026,178,13735,M S,5,264,0,0.5204606559127569,0,0.5204606559127569,3,1.0081037655472755,4,7,1,0,2.2477467954158783,0.9217747077345848
FRA-Ligue 1,2627,Lyon,Remy Descamps,5,2026,178,5768,GK,1,90,0,0.0,0,0.0,0,0.0,0,0,0,0,0.04958214983344078,0.04958214983344078
FRA-Ligue 1,2627,Lyon,Ruben Kluivert,5,2026,178,13738,S,1,1,0,0.0,0,0.0,0,0.0,0,0,0,0,0.04239596426486969,0.04239596426486969
FRA-Ligue 1,2627,Lyon,Rémi Himbert,5,2026,178,14363,F,1,64,0,0.0,0,0.0,0,0.09926458448171616,0,2,0,0,0.09926458448171616,0.0
FRA-Ligue 1,2627,Lyon,Tanner Tessmann,5,2026,178,9885,S,4,29,0,0.013946088962256908,0,0.013946088962256908,0,0.04239596426486969,1,1,1,0,0.23517872765660286,0.22123263776302338
FRA-Ligue 1,2627,Lyon,Tyler Morton,5,2026,178,10091,M S,5,371,0,0.06380502693355083,0,0.06380502693355083,0,0.18763517588377,2,3,1,0,1.8188320696353912,1.73104627430439
FRA-Ligue 1,2627,Lyon,Zachary Athekame,5,2026,178,13896,D,5,450,2,1.0783304311335087,2,1.0783304311335087,2,1.0181113183498383,4,6,1,0,3.1911625266075134,2.082623779773712
FRA-Ligue 1,2627,Marseille,Amine Gouiri,5,2026,164,6401,F,5,449,4,2.666360806673765,3,1.906265627592802,1,1.541131168603897,13,7,0,0,3.860463559627533,0.9486725963652134
FRA-Ligue 1,2627,Marseille,Amine Harit,5,2026,164,5717,M,5,420,0,0.20995955169200897,0,0.20995955169200897,1,1.1253226231783628,5,9,1,0,2.864148164168,2.302480584010482
FRA-Ligue 1,2627,Marseille,Angel Gomes,5,2026,164,5598,M S,5,379,1,1.7878466099500656,1,1.7878466099500656,1,0.6775255631655455,10,4,1,0,3.7057752907276154,1.3871384905651212
FRA-Ligue 1,2627,Marseille,CJ Egan-Riley,5,2026,164,10174,D,5,435,0,0.0,0,0.0,0,0.0854356661438942,0,1,0,0,1.9939350709319115,1.9084993824362755
FRA-Ligue 1,2627,Marseille,Derek Cornelius,5,2026,164,12769,S,3,23,0,0.0639253631234169,0,0.0639253631234169,0,0.0,1,0,0,0,0.19519251585006714,0.19519251585006714
FRA-Ligue 1,2627,Marseille,Emerson,5,2026,164,1245,D,5,448,0,0.11450009234249592,0,0.11450009234249592,0,0.2590992208570242,3,4,0,0,2.395528931170702,2.2405340261757374
FRA-Ligue 1,2627,Marseille,Faris Moumbagna,5,2026,164,12425,S,4,7,0,0.5855764746665955,0,0.5855764746665955,0,0.49832025170326233,1,1,0,0,1.0838967263698578,0.0
FRA-Ligue 1,2627,Marseille,Geoffrey Kondogbia,5,2026,164,1516,D,2,143,0,0.0,0,0.0,0,0.0,0,0,0,0,0.717102125287056,0.717102125287056
FRA-Ligue 1,2627,Marseille,Himad Abdelli,5,2026,164,10923,M,5,388,0,0.022574014961719513,0,0.022574014961719513,0,0.0765220420435071,1,3,1,0,1.2228746749460697,1.155554685741663
FRA-Ligue 1,2627,Marseille,Igor Paixão,5,2026,164,14010,M,4,282,0,0.26023348420858383,0,0.26023348420858383,0,0.1909940093755722,4,4,1,0,1.4871603045612574,1.1687859389930964
FRA-Ligue 1,2627,Marseille,Jeffrey de Lange,5,2026,164,12772,GK,5,450,0,0.0,0,0.0,0,0.0,0,0,0,0,1.3188616298139095,1.3188616298139095
FRA-Ligue 1,2627,Marseille,Kelyann Bezahaf,5,2026,164,14602,S,1,2,0,0.0,0,0.0,0,0.0,0,0,0,0,0.0,0.0
FRA-Ligue 1,2627,Marseille,Keyliane Abdallah,5,2026,164,12587,S,5,111,1,0.31881925789639354,1,0.31881925789639354,0,0.7095588594675064,6,3,1,0,1.1681631971150637,0.7455437537282705
FRA-Ligue 1,2627,Marseille,Naif Aguerd,5,2026,164,6935,D S,5,299,0,0.5182240009307861,0,0.5182240009307861,0,0.0,2,0,1,0,1.3576304614543915,0.8593102218583226
FRA-Ligue 1,2627,Marseille,Neal Maupay,5,2026,164,3621,F S,4,115,0,0.6818851828575134,0,0.6818851828575134,0,0.04115130379796028,3,2,0,0,0.6753654479980469,0.03551163524389267
FRA-Ligue 1,2627,Marseille,Pierre-Emile Højbjerg,5,2026,164,343,M,5,450,1,0.7261901050806046,1,0.7261901050806046,0,0.2962779924273491,10,5,0,0,2.8091654032468796,2.554208107292652
FRA-Ligue 1,2627,Marseille,Quinten Timber,5,2026,164,14376,M,1,48,0,0.0,0,0.0,0,0.0,0,0,0,0,0.06478265672922134,0.06478265672922134
FRA-Ligue 1,2627,Marseille,Tadjidine Mmadi,5,2026,164,14159,S,2,17,0,0.10337873548269272,0,0.10337873548269272,0,0.0,1,0,0,0,0.10337873548269272,0.0
FRA-Ligue 1,2627,Marseille,Timothy Weah,5,2026,164,6601,D,5,441,0,0.30407145619392395,0,0.30407145619392395,0,0.2948818374425173,5,5,1,1,1.8540271036326885,1.386437263339758
FRA-Ligue 1,2627,Marseille,Tochukwu Nnadi,5,2026,164,14499,S,2,34,0,0.0,0,0.0,0,0.0,0,0,0,0,0.03492865338921547,0.03492865338921547
FRA-Ligue 1,2627,Marseille,Ulisses García,5,2026,164,399,S,2,3,0,0.13743388652801514,0,0.13743388652801514,0,0.0,1,0,0,0,0.5901340320706367,0.5901340320706367
FRA-Ligue 1,2627,Monaco,Aleksandr Golovin,5,2026,171,2897,M,5,442,0,0.5214569978415966,0,0.5214569978415966,2,1.246709182858467,5,10,2,0,1.2153300605714321,0.17097969353199005
FRA-Ligue 1,2627,Monaco,Anis Soubeir,5,2026,171,14871,M S,4,72,0,0.4258888140320778,0,0.4258888140320778,0,0.0,2,0,0,0,0.4471249654889107,0.021236157044768333
FRA-Ligue 1,2627,Monaco,Christian Mawissa Elebi,5,2026,171,11131,S,1,1,0,0.0,0,0.0,0,0.0,0,0,0,0,0.0,0.0
FRA-Ligue 1,2627,Monaco,Denis Zakaria,5,2026,171,6147,M,5,439,0,0.18254009634256363,0,0.18254009634256363,0,0.0,5,0,1,0,0.7306602820754051,0.5481202006340027
FRA-Ligue 1,2627,Monaco,Edan Diop,5,2026,171,11407,M,1,65,0,0.0,0,0.0,0,0.0,0,0,0,0,0.44593337178230286,0.44593337178230286
FRA-Ligue 1,2627,Monaco,Eric Dier,5,2026,171,643,D,5,450,1,0.3169553317129612,1,0.3169553317129612,1,0.36323046684265137,4,1,0,0,1.1955494191497564,0.8323189690709114
FRA-Ligue 1,2627,Monaco,Flávio Nazinho,5,2026,171,14869,D,5,444,1,0.44871068000793457,1,0.44871068000793457,1,0.3181413635611534,1,4,1,0,1.3617830649018288,0.8245744463056326
FRA-Ligue 1,2627,Monaco,Folarin Balogun,5,2026,171,9690,S,1,11,0,0.11565469205379486,0,0.11565469205379486,0,0.0,1,0,0,0,0.14864151179790497,0.03298681974411011
FRA-Ligue 1,2627,Monaco,Ilane Touré,5,2026,171,14293,S,1,6,0,0.0,0,0.0,0,0.0,0,0,0,0,0.0,0.0
FRA-Ligue 1,2627,Monaco,Jordan Teze,5,2026,171,12950,S,1,36,0,0.0,0,0.0,1,0.44871068000793457,0,1,1,0,0.44871068000793457,0.0
FRA-Ligue 1,2627,Monaco,Lamine Camara,5,2026,171,11799,M,5,450,0,0.14507511630654335,0,0.14507511630654335,1,0.15499689429998398,2,4,2,0,1.0392386727035046,0.7391666769981384
FRA-Ligue 1,2627,Monaco,Lukas Hradecky,5,2026,171,281,GK,5,450,0,0.0,0,0.0,0,0.0,0,0,1,0,0.6349794156849384,0.6349794156849384
FRA-Ligue 1,2627,Monaco,Mamadou Coulibaly,5,2026,171,12285,M,3,219,0,0.0,0,0.0,0,0.44317150115966797,0,3,0,0,0.8919503521174192,0.4487788360565901
FRA-Ligue 1,2627,Monaco,Mathys Detourbet,5,2026,171,14872,S,3,41,0,0.0,0,0.0,0,0.11565469205379486,0,1,0,0,0.1813022792339325,0.06564758718013763
FRA-Ligue 1,2627,Monaco,Matthis Abline,5,2026,171,9490,F S,4,170,0,0.588103175163269,0,0.588103175163269,1,0.6533509492874146,3,4,0,0,1.3373472541570663,0.24273986369371414
FRA-Ligue 1,2627,Monaco,Mika Biereth,5,2026,171,10349,S,2,36,0,0.0,0,0.0,0,0.0,0,0,0,0,0.0,0.0
FRA-Ligue 1,2627,Monaco,Mohammed Salisu,5,2026,171,6923,S,1,1,0,0.0,0,0.0,0,0.0,0,0,0,0,0.11565469205379486,0.11565469205379486
FRA-Ligue 1,2627,Monaco,Oumar Konaté,5,2026,171,14870,S,1,5,0,0.0,0,0.0,0,0.0,0,0,0,0,0.0,0.0
FRA-Ligue 1,2627,Monaco,Pape Cabral,5,2026,171,14098,S,1,11,0,0.0,0,0.0,0,0.0,0,0,0,0,0.0,0.0
FRA-Ligue 1,2627,Monaco,Paris Brunner,5,2026,171,12255,F,5,399,4,2.9027333818376064,4,2.9027333818376064,0,0.23591595701873302,16,5,0,0,2.8393593207001686,0.15451261401176453
FRA-Ligue 1,2627,Monaco,Sadibou Sané,5,2026,171,11806,D,5,450,0,0.0,0,0.0,0,0.036283306777477264,0,1,0,0,0.8749014995992184,0.8386181928217411
FRA-Ligue 1,2627,Monaco,Safouane Benzahra,5,2026,171,14873,S,1,1,0,0.0,0,0.0,0,0.0,0,0,0,0,0.0,0.0
FRA-Ligue 1,2627,Monaco,Stanis Idumbo Muzambo,5,2026,171,12426,M,4,338,1,0.7625248283147812,1,0.7625248283147812,0,0.3394644483923912,10,4,0,0,1.074405387043953,0.11713740788400173
FRA-Ligue 1,2627,Monaco,Thilo Kehrer,5,2026,171,2674,S,1,1,0,0.0,0,0.0,0,0.0,0,0,0,0,0.0,0.0
FRA-Ligue 1,2627,Monaco,Vanderson,5,2026,171,10271,D,5,414,0,0.07633201405405998,0,0.07633201405405998,0,0.28787047043442726,2,3,1,0,1.4996851682662964,1.4837258756160736
FRA-Ligue 1,2627,Nice,Aboulaye Camara,5,2026,170,14812,S,1,4,0,0.0,0,0.0,0,0.0,0,0,0,0,0.0,0.0
FRA-Ligue 1,2627,Nice,Ali Abdi,5,2026,170,13070,S,3,39,0,0.0,0,0.0,0,0.0,0,0,0,0,0.0,0.0
FRA-Ligue 1,2627,Nice,Alidu Seidu,5,2026,170,9652,S,1,29,0,0.0,0,0.0,0,0.0,0,0,0,0,0.7905792593955994,0.7905792593955994
FRA-Ligue 1,2627,Nice,Antoine Mendy,5,2026,170,9514,D S,3,120,0,0.11579709593206644,0,0.11579709593206644,0,0.011716911569237709,3,1,0,0,0.25890787690877914,0.22418702766299248
FRA-Ligue 1,2627,Nice,Axel Witsel,5,2026,170,3059,M,4,330,0,0.652301475405693,0,0.652301475405693,0,0.06357004307210445,5,2,0,0,1.3147003799676895,1.0407954081892967
FRA-Ligue 1,2627,Nice,Djelan Morana,5,2026,170,15000,S,1,5,0,0.0,0,0.0,0,0.0,0,0,0,0,0.009081155993044376,0.009081155993044376
FRA-Ligue 1,2627,Nice,Djibril Coulibaly,5,2026,170,13753,M,5,436,0,0.17665939778089523,0,0.17665939778089523,0,0.14530096389353275,5,3,1,0,1.1437769699841738,0.8885086365044117
FRA-Ligue 1,2627,Nice,Everton Pereira,5,2026,170,13265,M S,2,104,0,0.0,0,0.0,0,0.0,0,0,0,0,0.04223412647843361,0.04223412647843361
FRA-Ligue 1,2627,Nice,Gauthier Hein,5,2026,170,5727,M S,5,384,0,0.3359403721988201,0,0.3359403721988201,1,1.3005635142326355,5,7,0,0,2.1464218869805336,1.7302299588918686
FRA-Ligue 1,2627,Nice,Hamza Koutoune,5,2026,170,13754,S,2,13,0,0.01869702711701393,0,0.01869702711701393,0,0.0,1,0,0,0,0.0,0.0
FRA-Ligue 1,2627,Nice,Hichem Boudaoui,5,2026,170,8050,S,1,1,0,0.0,0,0.0,0,0.0,0,0,0,0,0.0,0.0
FRA-Ligue 1,2627,Nice,Isak Jansson,5,2026,170,13751,S,2,15,0,0.0,0,0.0,0,0.0,0,0,0,0,0.05990278720855713,0.05990278720855713
FRA-Ligue 1,2627,Nice,Jonathan Clauss,5,2026,170,8697,D,5,433,0,0.7129426766186953,0,0.7129426766186953,0,1.0751087740063667,12,10,0,0,1.2827686099335551,0.3160565858706832
FRA-Ligue 1,2627,Nice,Melvin Bard,5,2026,170,8190,D,2,175,0,0.015498196706175804,0,0.015498196706175804,0,0.08043849840760231,1,2,0,0,0.21466880291700363,0.13423029705882072
FRA-Ligue 1,2627,Nice,Mohamed Abdelmonem,5,2026,170,13042,D S,5,347,0,0.1817750744521618,0,0.1817750744521618,0,0.0,3,0,1,0,1.2786237923428416,1.2289668647572398
FRA-Ligue 1,2627,Nice,Mohamed Ali-Cho,5,2026,170,8685,S,1,29,0,0.01474178209900856,0,0.01474178209900856,0,0.0,1,0,0,0,0.2652989327907562,0.25055715441703796
FRA-Ligue 1,2627,Nice,Mohammed Amoura,5,2026,170,13062,M S,3,194,1,0.8557477630674839,1,0.8557477630674839,0,0.634573295712471,4,3,1,0,2.0504626482725143,1.372584879398346
FRA-Ligue 1,2627,Nice,Nathan N'Goumou Minpol,5,2026,170,7612,F M S,5,151,0,0.2510931119322777,0,0.2510931119322777,0,0.0,3,0,0,0,0.7335266098380089,0.4824334979057312
FRA-Ligue 1,2627,Nice,Niels Nkounkou,5,2026,170,8109,D,3,231,0,0.06564541161060333,0,0.06564541161060333,0,0.11461668461561203,1,1,0,0,1.1564775705337524,0.9762154221534729
FRA-Ligue 1,2627,Nice,Sepe Elye Wahi,5,2026,170,9182,F S,4,281,1,1.5301879160106182,1,1.5301879160106182,0,0.23458943516016006,7,4,1,0,2.1064424961805344,0.40999122709035873
FRA-Ligue 1,2627,Nice,Sofiane Diop,5,2026,170,6846,M S,5,252,0,0.42471542954444885,0,0.42471542954444885,1,0.8334812894463539,2,8,0,0,1.389061450958252,0.27722260635346174
FRA-Ligue 1,2627,Nice,Xavier Mandza,5,2026,170,14811,D,5,449,0,0.05893889628350735,0,0.05893889628350735,0,0.10364441759884357,4,4,1,0,2.2126791421324015,2.132270410656929
FRA-Ligue 1,2627,Nice,Yehvann Diouf,5,2026,170,6709,GK,5,450,0,0.0,0,0.0,0,0.0,0,0,0,0,1.3951000943779945,1.3951000943779945
FRA-Ligue 1,2627,Nice,Youssouf Ndayishimiye,5,2026,170,11339,D,5,421,0,0.027749117463827133,0,0.027749117463827133,0,0.0,1,0,2,0,1.125769093632698,1.125769093632698
FRA-Ligue 1,2627,Nice,Zoumana Diallo,5,2026,170,14242,F,1,61,0,0.025806425139307976,0,0.025806425139307976,0,0.0,1,0,1,0,0.025806425139307976,0.0
FRA-Ligue 1,2627,Paris FC,Adama Camara,5,2026,290,13805,D,5,450,0,0.10759154707193375,0,0.10759154707193375,0,0.15860293433070183,1,3,0,0,1.985794186592102,1.827586106956005
FRA-Ligue 1,2627,Paris FC,Diego Coppola,5,2026,290,10169,D,5,450,0,0.0,0,0.0,0,0.0506148599088192,0,1,1,0,1.4891027584671974,1.4384879004210234
FRA-Ligue 1,2627,Paris FC,Hamari Traore,5,2026,290,3239,D S,4,241,0,0.0,0,0.0,0,0.0,0,0,1,0,0.7274191621690989,0.7274191621690989
FRA-Ligue 1,2627,Paris FC,Ilan Kebbal,5,2026,290,9656,M,5,413,1,1.1058020293712616,1,1.1058020293712616,1,1.1460829097777605,11,10,0,0,3.842177666723728,1.7951174601912498
FRA-Ligue 1,2627,Paris FC,Jonathan Ikone,5,2026,290,5661,S,2,22,0,0.0,0,0.0,0,0.0,0,0,0,0,0.0,0.0
FRA-Ligue 1,2627,Paris FC,Kevin Trapp,5,2026,290,3286,GK,5,450,0,0.0,0,0.0,0,0.0,0,0,0,0,1.6947336588054895,1.6947336588054895
FRA-Ligue 1,2627,Paris FC,Lassine Sinayoko,5,2026,290,10815,F,5,439,4,3.761295050382614,2,2.2411048114299774,1,0.6425064578652382,17,9,1,0,4.053336679935455,1.724435143172741
FRA-Ligue 1,2627,Paris FC,Luca Koleosho,5,2026,290,10620,D M,4,294,0,0.9377531744539738,0,0.9377531744539738,1,0.7622405625879765,10,4,1,0,2.2922379225492477,0.7023566775023937
FRA-Ligue 1,2627,Paris FC,Mamadou Mbow,5,2026,290,9563,D S,3,181,0,0.0,0,0.0,0,0.0,0,0,0,0,0.3706747889518738,0.3706747889518738
FRA-Ligue 1,2627,Paris FC,Maxime Lopez,5,2026,290,3772,M S,5,386,0,0.04338919743895531,0,0.04338919743895531,1,0.3872938137501478,3,6,1,0,2.244663745164871,2.0901433676481247
FRA-Ligue 1,2627,Paris FC,Moses Simon,5,2026,290,7169,M S,4,132,0,0.36887219548225403,0,0.36887219548225403,0,0.8363054096698761,3,3,0,0,1.2737365998327732,0.13519391231238842
FRA-Ligue 1,2627,Paris FC,Omar Sissoko,5,2026,290,14839,S,2,12,0,0.0,0,0.0,0,0.0,0,0,0,0,0.7696704864501953,0.7696704864501953
FRA-Ligue 1,2627,Paris FC,Otávio,5,2026,290,13871,D,2,176,0,0.08852031081914902,0,0.08852031081914902,0,0.0,1,0,1,0,0.5766183286905289,0.5766183286905289
FRA-Ligue 1,2627,Paris FC,Pablo Pagis,5,2026,290,10347,M,5,372,1,0.5123766586184502,1,0.5123766586184502,1,1.7666335180401802,8,8,0,0,2.6459790393710136,1.453146155923605
FRA-Ligue 1,2627,Paris FC,Pierre Lees-Melou,5,2026,290,5619,M,5,450,0,0.12017007265239954,0,0.12017007265239954,0,0.036396763287484646,5,2,0,0,1.9521962031722069,1.8720254227519035
FRA-Ligue 1,2627,Paris FC,Rudy Matondo,5,2026,290,13577,M S,5,141,0,0.29942464269697666,0,0.29942464269697666,0,0.19737331941723824,2,3,1,0,0.8422280792146921,0.34543008357286453
FRA-Ligue 1,2627,Paris FC,Samir Chergui,5,2026,290,13800,D,3,270,1,0.37540942430496216,1,0.37540942430496216,0,0.05740385502576828,1,1,0,0,1.2696784790605307,0.8942690696567297
FRA-Ligue 1,2627,Paris FC,Thibault De Smet,5,2026,290,8647,S,1,33,0,0.0,0,0.0,0,0.0,0,0,1,0,0.0,0.0
FRA-Ligue 1,2627,Paris FC,Vincent Marchetti,5,2026,290,5696,S,2,5,1,0.5186631679534912,1,0.5186631679534912,0,0.0,2,0,0,0,0.576786994934082,0.05812384933233261
FRA-Ligue 1,2627,Paris FC,Zabi Gueu,5,2026,290,13385,S,4,36,0,1.2028033435344696,0,1.2028033435344696,1,0.5197412297129631,2,2,0,0,1.891813464462757,0.16926888190209866
FRA-Ligue 1,2627,Paris Saint Germain,Achraf Hakimi,5,2026,161,5197,D,3,218,0,0.32742673344910145,0,0.32742673344910145,0,0.16617161221802235,7,4,0,0,0.9720150530338287,0.7392916157841682
FRA-Ligue 1,2627,Paris Saint Germain,Beraldo,5,2026,161,12346,M S,2,72,0,0.0,0,0.0,0,0.0,0,0,0,0,0.4829644411802292,0.4829644411802292
FRA-Ligue 1,2627,Paris Saint Germain,Daniil Krugovoy,5,2026,161,6800,M,1,67,0,0.0,0,0.0,0,0.030533697456121445,0,2,0,0,0.030533697456121445,0.0
FRA-Ligue 1,2627,Paris Saint Germain,Danila Kozlov,5,2026,161,11433,S,1,25,0,0.0,0,0.0,0,0.0,0,0,0,0,0.0,0.0
FRA-Ligue 1,2627,Paris Saint Germain,Dimitri Barinov,5,2026,161,2721,M,1,65,0,0.09721410274505615,0,0.09721410274505615,0,0.022205647081136703,1,1,0,0,0.2221570611000061,0.10273731499910355
FRA-Ligue 1,2627,Paris Saint Germain,Dro Fernández,5,2026,161,13749,S,3,31,0,0.0,0,0.0,0,0.5762916207313538,0,1,1,0,0.6255281884223223,0.049236614257097244
FRA-Ligue 1,2627,Paris Saint Germain,Désiré Doué,5,2026,161,10431,F S,4,216,0,0.5178364887833595,0,0.5178364887833595,1,1.0030149146914482,9,9,0,0,2.2616544906049967,0.8438233677297831
FRA-Ligue 1,2627,Paris Saint Germain,Fabián,5,2026,161,2447,M S,4,273,0,0.1578186508268118,0,0.1578186508268118,0,0.5726569909602404,4,6,1,0,1.208338126540184,0.6655849069356918
FRA-Ligue 1,2627,Paris Saint Germain,Ferrán Torres,5,2026,161,6441,F S,4,207,2,1.044143084436655,2,1.044143084436655,0,0.19279858097434044,7,3,0,0,1.5603930354118347,0.3751618564128876
FRA-Ligue 1,2627,Paris Saint Germain,Imran Firov,5,2026,161,14497,S,1,23,0,0.012380121275782585,0,0.012380121275782585,0,0.0,1,0,0,0,0.012380121275782585,0.0
FRA-Ligue 1,2627,Paris Saint Germain,Ivan Oblyakov,5,2026,161,5442,M,1,65,0,0.13263772428035736,0,0.13263772428035736,0,0.0,2,0,0,0,0.2575806677341461,0.12494295835494995
FRA-Ligue 1,2627,Paris Saint Germain,João Neves,5,2026,161,12734,M,3,270,0,1.2537307739257812,0,1.2537307739257812,0,0.22791733592748642,7,3,0,0,2.3260887563228607,0.9504983201622963
FRA-Ligue 1,2627,Paris Saint Germain,João Victor,5,2026,161,11345,D,1,90,0,0.0,0,0.0,0,0.0,0,0,0,0,0.06740590184926987,0.06740590184926987
FRA-Ligue 1,2627,Paris Saint Germain,Khvicha Kvaratskhelia,5,2026,161,7453,F S,4,246,0,0.9680954143404961,0,0.9680954143404961,1,1.276854395866394,11,8,0,0,1.5899090021848679,0.3942161090672016
FRA-Ligue 1,2627,Paris Saint Germain,Kirill Danilov,5,2026,161,13786,D,1,90,0,0.011961935088038445,0,0.011961935088038445,0,0.0,1,0,0,0,0.02434205636382103,0.012380121275782585
FRA-Ligue 1,2627,Paris Saint Germain,Kirill Glebov,5,2026,161,11455,M,1,59,0,0.12494295835494995,0,0.12494295835494995,0,0.0687236338853836,2,2,0,0,0.2908806800842285,0.09721410274505615
FRA-Ligue 1,2627,Paris Saint Germain,Lucas Digne,5,2026,161,1823,S,1,16,0,0.018240341916680336,0,0.018240341916680336,0,0.0,1,0,0,0,0.026358889415860176,0.026358889415860176
FRA-Ligue 1,2627,Paris Saint Germain,Lucas Hernández,5,2026,161,2276,S,1,24,0,0.0,0,0.0,0,0.021293658763170242,0,1,1,0,0.15556728839874268,0.13427363336086273
FRA-Ligue 1,2627,Paris Saint Germain,Luciano Gondou,5,2026,161,13023,F,1,59,0,0.046102374792099,0,0.046102374792099,0,0.19849030673503876,1,2,0,0,0.24459268152713776,0.10273731499910355
FRA-Ligue 1,2627,Paris Saint Germain,Maghnes Akliouche,5,2026,161,10058,F M S,4,192,0,1.0830705761909485,0,1.0830705761909485,0,0.3699999898672104,3,5,0,0,1.3089597523212433,0.8147719353437424
FRA-Ligue 1,2627,Paris Saint Germain,Marquinhos,5,2026,161,3297,D,4,360,3,1.8040736019611359,3,1.8040736019611359,0,0.08677959814667702,4,2,0,0,3.2107361257076263,2.583793491125107
FRA-Ligue 1,2627,Paris Saint Germain,Matheus Alves,5,2026,161,13673,S,1,25,0,0.0,0,0.0,0,0.0,0,0,0,0,0.0,0.0
FRA-Ligue 1,2627,Paris Saint Germain,Matheus Reis,5,2026,161,14495,D,1,90,0,0.0,0,0.0,0,0.0,0,0,1,0,0.0,0.0
FRA-Ligue 1,2627,Paris Saint Germain,Matija Popovic,5,2026,161,12462,S,1,31,0,0.05502578243613243,0,0.05502578243613243,0,0.0,1,0,0,0,0.05502578243613243,0.0
FRA-Ligue 1,2627,Paris Saint Germain,Matvey Kislyak,5,2026,161,11456,M,1,90,0,0.13132299482822418,0,0.13132299482822418,0,0.012380121275782585,3,1,0,0,0.07106909155845642,0.030951883643865585
FRA-Ligue 1,2627,Paris Saint Germain,Matvey Safonov,5,2026,161,5480,GK,4,360,0,0.0,0,0.0,0,0.0,0,0,0,0,1.1380876246839762,1.1380876246839762
FRA-Ligue 1,2627,Paris Saint Germain,Mika Godts,5,2026,161,14932,S,4,60,0,0.13781461119651794,0,0.13781461119651794,1,0.08889091201126575,3,4,0,0,0.9780173003673553,0.8144030421972275
FRA-Ligue 1,2627,Paris Saint Germain,Milan Gajic,5,2026,161,3720,D,1,90,0,0.018571762368083,0,0.018571762368083,0,0.03688473254442215,1,1,0,0,0.06783661991357803,0.012380121275782585
FRA-Ligue 1,2627,Paris Saint Germain,Nuno Mendes,5,2026,161,9961,D,2,180,0,0.1933627724647522,0,0.1933627724647522,0,2.2004162315279245,3,8,1,0,3.508953422307968,2.094627559185028
FRA-Ligue 1,2627,Paris Saint Germain,Ousmane Dembélé,5,2026,161,3226,F S,3,172,0,1.7235247381031513,0,1.7235247381031513,1,0.5515217892825603,13,7,0,0,3.1122232377529144,1.1893949210643768
FRA-Ligue 1,2627,Paris Saint Germain,Senny Mayulu,5,2026,161,12345,S,1,16,0,0.0,0,0.0,0,0.0,0,0,0,0,0.026358889415860176,0.026358889415860176
FRA-Ligue 1,2627,Paris Saint Germain,Tamerlan Musaev,5,2026,161,11673,S,1,31,0,0.0,0,0.0,0,0.0,0,0,0,0,0.0,0.0
FRA-Ligue 1,2627,Paris Saint Germain,Vitinha,5,2026,161,8777,M,4,360,1,0.47982102632522583,1,0.47982102632522583,1,1.3488989993929863,12,10,1,0,3.466281294822693,2.863645553588867
FRA-Ligue 1,2627,Paris Saint Germain,Vladislav Torop,5,2026,161,7895,GK,1,90,0,0.0,0,0.0,0,0.0,0,0,0,0,0.03458577021956444,0.03458577021956444
FRA-Ligue 1,2627,Paris Saint Germain,Warren Zaïre-Emery,5,2026,161,10786,D M,4,327,0,0.6589250043034554,0,0.6589250043034554,0,0.3616076707839966,2,1,0,0,3.1508824564516544,2.1303496696054935
FRA-Ligue 1,2627,Paris Saint Germain,William Pacho,5,2026,161,11910,D,4,360,0,0.043136242777109146,0,0.043136242777109146,0,0.0,1,0,0,0,2.22869885712862,2.22869885712862
FRA-Ligue 1,2627,Rennes,Abdelhamid Aït Boudlal,5,2026,163,13329,D,2,180,0,0.0,0,0.0,0,0.0,0,0,1,0,0.7003791630268097,0.7003791630268097
FRA-Ligue 1,2627,Rennes,Adrien Thomasson,5,2026,163,3549,M S,4,279,1,1.5787971019744873,1,1.5787971019744873,1,0.898641787469387,4,12,0,0,2.3173477947711945,0.5941310152411461
FRA-Ligue 1,2627,Rennes,Alexey Mironov,5,2026,163,7185,M,1,89,0,0.05272922292351723,0,0.05272922292351723,0,0.07170666754245758,2,1,1,0,0.16183316707611084,0.03739728033542633
FRA-Ligue 1,2627,Rennes,Andrey Langovich,5,2026,163,9158,D,1,90,0,0.0,0,0.0,0,0.044852327555418015,0,1,0,0,0.1617245376110077,0.11687220633029938
FRA-Ligue 1,2627,Rennes,Anthony Rouault,5,2026,163,10789,D,2,180,0,0.01964445225894451,0,0.01964445225894451,0,0.0,1,0,0,0,1.1204352229833603,1.1204352229833603
FRA-Ligue 1,2627,Rennes,Arnaud Nordin,5,2026,163,5684,M S,2,91,0,0.8376582190394402,0,0.8376582190394402,0,0.0,4,0,0,0,0.8376582190394402,0.0
FRA-Ligue 1,2627,Rennes,Boulaye Dia,5,2026,163,7224,F S,3,75,0,0.0739041119813919,0,0.0739041119813919,0,0.07602415233850479,1,1,0,0,0.1499282717704773,0.07602415233850479
FRA-Ligue 1,2627,Rennes,Brice Samba,5,2026,163,4748,GK,3,270,0,0.0,0,0.0,0,0.0,0,0,0,0,0.9540154039859772,0.9540154039859772
FRA-Ligue 1,2627,Rennes,Bryan Reynolds,5,2026,163,9419,S,2,36,0,0.0,0,0.0,0,0.0,0,0,0,0,0.15258845686912537,0.15258845686912537
FRA-Ligue 1,2627,Rennes,Charlie Cresswell,5,2026,163,9220,D,4,360,0,0.23424917459487915,0,0.23424917459487915,0,0.0,4,0,1,0,2.9657427966594696,2.9657427966594696
FRA-Ligue 1,2627,Rennes,Daniel Shantaliy,5,2026,163,11183,S,1,13,0,0.03473295271396637,0,0.03473295271396637,0,0.02107464149594307,1,1,0,0,0.05580759420990944,0.0
FRA-Ligue 1,2627,Rennes,Danila Prokhin,5,2026,163,7681,S,1,1,0,0.0,0,0.0,0,0.0,0,0,0,0,0.0,0.0
FRA-Ligue 1,2627,Rennes,Eliezer Mayenda,5,2026,163,13718,M S,4,90,0,0.26438524946570396,0,0.26438524946570396,0,0.0828692764043808,4,1,0,0,0.4821757972240448,0.13492126390337944
FRA-Ligue 1,2627,Rennes,Esteban Lepaul,5,2026,163,12850,F S,4,286,2,3.095513239502907,1,2.3354180604219437,0,0.4599692076444626,17,4,1,0,2.946751594543457,0.3778202347457409
FRA-Ligue 1,2627,Rennes,Issa Soumaré,5,2026,163,11792,F M S,3,127,0,0.5064447838813066,0,0.5064447838813066,1,0.023122187703847885,5,1,1,0,0.6265633925795555,0.23878896981477737
FRA-Ligue 1,2627,Rennes,Ivan Komarov,5,2026,163,8451,M,1,77,0,0.22880153357982635,0,0.22880153357982635,0,0.4356122612953186,5,2,0,0,0.6099322438240051,0.03739728033542633
FRA-Ligue 1,2627,Rennes,Konstantin Kuchaev,5,2026,163,5459,M,1,77,0,0.10957761853933334,0,0.10957761853933334,0,0.0,2,0,0,0,0.14697489142417908,0.03739728033542633
FRA-Ligue 1,2627,Rennes,Ludovic Blas,5,2026,163,3475,M S,4,200,0,1.2177811469882727,0,1.2177811469882727,0,0.5332569666206837,9,7,0,0,3.2140434235334396,1.993009090423584
FRA-Ligue 1,2627,Rennes,Mahamadou Nagida,5,2026,163,12159,D S,4,133,0,0.0,0,0.0,0,0.22192107141017914,0,2,0,0,0.7266789898276329,0.6573463901877403
FRA-Ligue 1,2627,Rennes,Mahdi Camara,5,2026,163,6452,M S,4,298,0,0.552292563021183,0,0.552292563021183,0,0.4584685117006302,5,4,0,0,2.541400820016861,1.609610915184021
FRA-Ligue 1,2627,Rennes,Maksim Mukhin,5,2026,163,8069,F,1,46,0,0.0,0,0.0,0,0.0,0,0,0,0,0.0,0.0
FRA-Ligue 1,2627,Rennes,Mousa Al Tamari,5,2026,163,11782,F M S,4,215,0,0.6182131767272949,0,0.6182131767272949,0,1.4452019557356834,6,5,0,0,3.6731887757778168,1.6966734826564789
FRA-Ligue 1,2627,Rennes,Nicolas Lemaitre,5,2026,163,3665,GK,1,90,0,0.0,0,0.0,0,0.0,0,0,0,0,0.10599146783351898,0.10599146783351898
FRA-Ligue 1,2627,Rennes,Olakunle Olusegun,5,2026,163,10530,S,1,44,0,0.0,0,0.0,0,0.10621491074562073,0,2,0,0,0.10621491074562073,0.0
FRA-Ligue 1,2627,Rennes,Oumar Sako,5,2026,163,12476,D,1,90,0,0.054481588304042816,0,0.054481588304042816,0,0.0,1,0,1,0,0.4185279607772827,0.4185279607772827
FRA-Ligue 1,2627,Rennes,Przemyslaw Frankowski,5,2026,163,9633,D,4,324,1,0.2910924609750509,1,0.2910924609750509,0,0.7771240621805191,5,6,1,0,3.1730038225650787,2.508219338953495
FRA-Ligue 1,2627,Rennes,Quentin Merlin,5,2026,163,9399,D,3,227,0,0.0133792320266366,0,0.0133792320266366,0,0.44862088561058044,1,2,1,0,1.0361423790454865,0.9354390799999237
FRA-Ligue 1,2627,Rennes,Ronaldo,5,2026,163,12477,F,1,90,0,0.40220531821250916,0,0.40220531821250916,0,0.03739728033542633,2,1,0,0,0.47993963956832886,0.07773430645465851
FRA-Ligue 1,2627,Rennes,Rustam Yatimov,5,2026,163,12666,GK,1,90,0,0.0,0,0.0,0,0.0,0,0,0,0,0.0,0.0
FRA-Ligue 1,2627,Rennes,Sebastian Szymanski,5,2026,163,7631,M S,3,154,0,0.05577167496085167,0,0.05577167496085167,1,0.2539464756846428,2,5,0,0,1.8507619351148605,1.6593655496835709
FRA-Ligue 1,2627,Rennes,Timur Suleymanov,5,2026,163,7761,F,1,90,0,0.0,0,0.0,0,0.06388304382562637,0,2,0,0,0.4824109971523285,0.4185279607772827
FRA-Ligue 1,2627,Rennes,Valentin Rongier,5,2026,163,3673,M,4,346,1,0.23773495480418205,1,0.23773495480418205,0,0.5043339505791664,4,6,1,0,2.028424747288227,1.6061070710420609
FRA-Ligue 1,2627,Rennes,Viktor Melekhin,5,2026,163,9569,D,1,90,0,0.028014499694108963,0,0.028014499694108963,0,0.0,1,0,0,0,0.47328245639801025,0.4452679455280304
FRA-Ligue 1,2627,Rennes,Yaroslav Mikhaylov,5,2026,163,10688,S,1,13,0,0.0,0,0.0,0,0.0,0,0,0,0,0.0,0.0
FRA-Ligue 1,2627,Rennes,Ygor Nogueira,5,2026,163,14661,D,1,90,0,0.0,0,0.0,0,0.0,0,0,0,0,0.4420740008354187,0.4420740008354187
FRA-Ligue 1,2627,Strasbourg,Andrew Omobamidele,5,2026,225,9833,D,2,180,0,0.05316246300935745,0,0.05316246300935745,0,0.0,1,0,0,0,0.2791377305984497,0.22597526013851166
FRA-Ligue 1,2627,Strasbourg,Conrad Harder,5,2026,225,14023,S,3,58,1,0.3426267206668854,1,0.3426267206668854,0,0.0,2,0,0,0,0.3426267206668854,0.0
FRA-Ligue 1,2627,Strasbourg,Diogo Sousa,5,2026,225,14753,M,5,390,1,1.5407027807086706,1,1.5407027807086706,1,0.5648051351308823,5,5,1,0,3.0163928028196096,0.9770631454885006
FRA-Ligue 1,2627,Strasbourg,Dário Essugo,5,2026,225,13094,S,3,81,0,0.671220064163208,0,0.671220064163208,1,0.2578623816370964,2,3,0,0,1.2394040301442146,1.0719440281391144
FRA-Ligue 1,2627,Strasbourg,Fabio Baldé,5,2026,225,14036,S,2,12,0,0.0,0,0.0,0,0.060378946363925934,0,1,0,0,0.060378946363925934,0.0
FRA-Ligue 1,2627,Strasbourg,Filip Jorgensen,5,2026,225,9272,GK,5,450,0,0.0,0,0.0,0,0.0,0,0,0,0,1.650217292830348,1.650217292830348
FRA-Ligue 1,2627,Strasbourg,Genesis Antwi,5,2026,225,13527,D,5,439,0,0.019968584179878235,0,0.019968584179878235,0,0.0,1,0,0,0,0.6177972760051489,0.5978286918252707
FRA-Ligue 1,2627,Strasbourg,Gessime Yassine,5,2026,225,14359,F M,5,444,2,1.0874156579375267,2,1.0874156579375267,1,1.8723395876586437,9,6,2,0,3.8037793338298798,0.8754121139645576
FRA-Ligue 1,2627,Strasbourg,Giovanni Reyna,5,2026,225,8191,M S,5,325,1,0.40832388401031494,1,0.40832388401031494,0,0.5755112208425999,6,5,0,0,1.7323013544082642,1.2145277708768845
FRA-Ligue 1,2627,Strasbourg,Guela Doué,5,2026,225,10868,D,1,90,0,0.03554234653711319,0,0.03554234653711319,0,0.0,1,0,0,0,0.0,0.0
FRA-Ligue 1,2627,Strasbourg,Ismaël Doukouré,5,2026,225,10390,D,3,255,0,0.04184497892856598,0,0.04184497892856598,0,0.0,1,0,0,0,1.5008199661970139,1.4589749872684479
FRA-Ligue 1,2627,Strasbourg,Jacobo Ortega,5,2026,225,14755,F S,5,320,1,0.8153517469763756,1,0.8153517469763756,1,0.24605070613324642,6,4,0,0,1.586259350180626,0.5485239624977112
FRA-Ligue 1,2627,Strasbourg,Jeyland Mitchell,5,2026,225,14756,D,4,360,0,0.3768199672922492,0,0.3768199672922492,0,0.0,2,0,1,0,1.2379719391465187,1.22584680467844
FRA-Ligue 1,2627,Strasbourg,Karim Coulibaly,5,2026,225,13496,S,3,19,0,0.0,0,0.0,0,0.0,0,0,0,0,0.0,0.0
FRA-Ligue 1,2627,Strasbourg,Lucas Høgsberg,5,2026,225,13817,D S,3,183,0,0.0,0,0.0,0,0.0531676709651947,0,2,0,0,0.42945948243141174,0.37629181146621704
FRA-Ligue 1,2627,Strasbourg,Mateo del Blanco,5,2026,225,14754,S,2,12,0,0.0,0,0.0,0,0.0,0,0,0,0,0.0,0.0
FRA-Ligue 1,2627,Strasbourg,Oso,5,2026,225,13615,D,3,270,0,0.1582050621509552,0,0.1582050621509552,0,0.2724076360464096,4,3,0,0,2.2234361320734024,1.966747760772705
FRA-Ligue 1,2627,Strasbourg,Pape Diop,5,2026,225,14358,M S,5,311,0,0.225209578871727,0,0.225209578871727,0,0.14195639826357365,5,4,2,0,2.8566539585590363,2.656854808330536
FRA-Ligue 1,2627,Strasbourg,Samir El Mourabet,5,2026,225,12284,M S,3,133,0,0.07868759334087372,0,0.07868759334087372,0,0.03554234653711319,1,1,0,1,0.10944140516221523,0.10944140516221523
FRA-Ligue 1,2627,Strasbourg,Samuel Amo-Ameyaw,5,2026,225,11618,M S,5,124,2,0.3765569683164358,2,0.3765569683164358,0,0.11462674289941788,6,1,1,0,1.0687327180057764,0.7583539560437202
FRA-Ligue 1,2627,Strasbourg,Sebastian Nanasi,5,2026,225,12970,F M,5,394,0,0.5968520753085613,0,0.5968520753085613,2,0.8971473723649979,6,7,0,0,2.4700595512986183,1.1290086656808853
FRA-Ligue 1,2627,Strasbourg,Sékou Mara,5,2026,225,8970,F S,2,72,0,0.0,0,0.0,0,0.0,0,0,1,0,0.5775489807128906,0.5775489807128906
FRA-Ligue 1,2627,Strasbourg,Yaya Diémé,5,2026,225,14605,S,1,1,0,0.0,0,0.0,0,0.0,0,0,0,0,0.0,0.0
FRA-Ligue 1,2627,Toulouse,Alexis Vossah,5,2026,174,13757,M S,4,161,0,0.05081774294376373,0,0.05081774294376373,0,0.0,3,0,0,0,0.5384825356304646,0.5032654302194715
FRA-Ligue 1,2627,Toulouse,Casper Tengstedt,5,2026,174,12855,F S,3,136,3,2.843744397163391,2,2.0836492776870728,0,0.2978479713201523,10,2,0,0,2.1269447803497314,0.2331872582435608
FRA-Ligue 1,2627,Toulouse,Christ Tapé,5,2026,174,14841,D,5,446,1,1.5146926939487457,1,1.5146926939487457,0,0.5802511796355247,5,5,1,0,1.9452108144760132,1.066664071753621
FRA-Ligue 1,2627,Toulouse,Cristian Cásseres Jr.,5,2026,174,11777,M,5,450,0,0.44441400468349457,0,0.44441400468349457,4,2.639191657304764,5,18,1,0,3.375434696674347,1.8190305829048157
FRA-Ligue 1,2627,Toulouse,Guillaume Restes,5,2026,174,11776,GK,4,344,0,0.0,0,0.0,0,0.0,0,0,0,0,0.5590836629271507,0.5590836629271507
FRA-Ligue 1,2627,Toulouse,Ilyas Azizi,5,2026,174,13608,M S,4,249,0,0.2700658589601517,0,0.2700658589601517,0,0.10988712310791016,7,2,0,0,0.6216786503791809,0.26034950464963913
FRA-Ligue 1,2627,Toulouse,Ismaïl Diallo,5,2026,174,14840,D S,4,147,0,0.015404218807816505,0,0.015404218807816505,0,0.0,1,0,0,0,0.411960581317544,0.3965563625097275
FRA-Ligue 1,2627,Toulouse,Jacen Russell-Rowe,5,2026,174,14435,F S,5,348,1,1.5893163532018661,1,1.5893163532018661,0,0.20165379345417023,10,2,0,0,2.5965358316898346,0.805565670132637
FRA-Ligue 1,2627,Toulouse,Julián Vignolo,5,2026,174,13918,M S,3,173,0,0.22071917355060577,0,0.22071917355060577,0,0.07614632695913315,4,1,0,0,0.45755257084965706,0.2027830295264721
FRA-Ligue 1,2627,Toulouse,Mark McKenzie,5,2026,174,12842,D,5,450,0,0.0,0,0.0,0,0.7503029257059097,0,2,0,0,1.6124614924192429,1.3925350159406662
FRA-Ligue 1,2627,Toulouse,Mathis Saka,5,2026,174,13211,S,1,3,0,0.0,0,0.0,0,0.0,0,0,0,0,0.0,0.0
FRA-Ligue 1,2627,Toulouse,Mathys Niflore,5,2026,174,13480,GK S,2,106,0,0.0,0,0.0,0,0.0,0,0,0,0,0.06430669128894806,0.06430669128894806
FRA-Ligue 1,2627,Toulouse,Niklas Schmidt,5,2026,174,5352,M S,4,214,0,0.05119372345507145,0,0.05119372345507145,0,0.2892290875315666,2,6,2,0,0.7707074172794819,0.47841920517385006
FRA-Ligue 1,2627,Toulouse,Niko Sigur,5,2026,174,15029,M S,2,132,0,0.09311757981777191,0,0.09311757981777191,0,0.10050272569060326,1,2,1,0,0.910787433385849,0.7171671390533447
FRA-Ligue 1,2627,Toulouse,Rafik Messali,5,2026,174,12598,D S,5,247,0,0.16545738279819489,0,0.16545738279819489,0,0.44737716019153595,1,3,0,0,1.2521673813462257,0.7026868388056755
FRA-Ligue 1,2627,Toulouse,Rasmus Nicolaisen,5,2026,174,10788,D,3,270,0,0.13474662601947784,0,0.13474662601947784,0,0.015600640326738358,4,1,1,0,0.29045721516013145,0.29045721516013145
FRA-Ligue 1,2627,Toulouse,Santiago Hidalgo,5,2026,174,13756,F M S,5,206,0,1.4395839869976044,0,1.4395839869976044,0,0.010130167007446289,9,1,1,0,1.1569749563932419,0.32222642842680216
FRA-Ligue 1,2627,Toulouse,Seny Koumbassa,5,2026,174,13758,D S,3,188,0,0.0,0,0.0,0,0.0,0,0,1,0,0.9976113736629486,0.9976113736629486
FRA-Ligue 1,2627,Toulouse,Sion Oppong,5,2026,174,14843,S,4,67,0,0.0,0,0.0,0,0.0,0,0,0,0,0.06430669128894806,0.06430669128894806
FRA-Ligue 1,2627,Toulouse,Thomas Jørgensen,5,2026,174,14842,M,5,442,2,1.591183453798294,2,1.591183453798294,1,1.4051151350140572,10,11,0,0,3.5753155648708344,0.865486778318882
FRA-Ligue 1,2627,Toulouse,Yann Gboho,5,2026,174,6874,M,2,171,0,0.3379422426223755,0,0.3379422426223755,1,0.5569460988044739,2,4,0,0,1.3369508981704712,0.466180756688118
FRA-Ligue 1,2627,Troyes,Adrien Monfray,5,2026,172,14828,D,5,450,0,0.6248868452385068,0,0.6248868452385068,0,0.22585992887616158,6,3,0,0,1.896649969741702,1.804554270580411
FRA-Ligue 1,2627,Troyes,Alexandre Phliponeau,5,2026,172,8076,S,2,17,0,0.0,0,0.0,0,0.0,0,0,0,0,0.0,0.0
FRA-Ligue 1,2627,Troyes,Anis Ouzenadji,5,2026,172,14829,D,5,450,0,0.021301615983247757,0,0.021301615983247757,1,0.4170979633927345,1,5,0,0,0.8406972624361515,0.45850280299782753
FRA-Ligue 1,2627,Troyes,Antoine Mille,5,2026,172,14833,M S,5,359,1,0.6232937835156918,1,0.6232937835156918,1,0.8731507882475853,8,8,1,0,1.8908468876034021,0.7970799524337053
FRA-Ligue 1,2627,Troyes,Dermane Karim,5,2026,172,13795,M S,4,279,0,0.29127732664346695,0,0.29127732664346695,0,0.08403823524713516,6,3,0,0,0.701963372528553,0.43024788051843643
FRA-Ligue 1,2627,Troyes,Hugo Picard,5,2026,172,14830,M S,5,326,0,0.1181905847042799,0,0.1181905847042799,0,0.35259056091308594,3,12,0,0,1.5279484763741493,1.212334481999278
FRA-Ligue 1,2627,Troyes,Iron Gomis,5,2026,172,7502,M S,5,265,0,0.26225836016237736,0,0.26225836016237736,0,0.08805794641375542,5,2,1,0,1.2200799509882927,0.9738932400941849
FRA-Ligue 1,2627,Troyes,Jeremy Le Douaron,5,2026,172,8657,F S,3,193,1,1.425081804394722,1,1.425081804394722,0,0.22876977920532227,8,3,0,0,1.6328207179903984,0.1864553466439247
FRA-Ligue 1,2627,Troyes,Kandet Diawara,5,2026,172,12185,F M S,5,215,0,0.09296384453773499,0,0.09296384453773499,1,0.881059892475605,4,3,0,0,0.9090492259711027,0.04395878501236439
FRA-Ligue 1,2627,Troyes,Lucas Maronnier,5,2026,172,14997,D S,4,249,1,0.5204281006008387,1,0.5204281006008387,0,0.26076089031994343,4,4,0,0,1.0057628992944956,0.27759574353694916
FRA-Ligue 1,2627,Troyes,Merwan Ifnaoui,5,2026,172,14832,F M,3,241,0,0.0969768837094307,0,0.0969768837094307,0,0.4290607273578644,1,9,0,0,0.970714345574379,0.6137755289673805
FRA-Ligue 1,2627,Troyes,Michel Diaz,5,2026,172,11061,D,5,450,0,0.08897314313799143,0,0.08897314313799143,0,0.0421733558177948,3,1,2,0,1.2951837964355946,1.2462414987385273
FRA-Ligue 1,2627,Troyes,Mouhamed Diop,5,2026,172,14831,M,5,417,0,0.507626935839653,0,0.507626935839653,0,0.07132700085639954,7,1,1,0,1.5917395651340485,1.314376562833786
FRA-Ligue 1,2627,Troyes,Noah Donkor,5,2026,172,14834,D S,4,145,0,0.06054605916142464,0,0.06054605916142464,0,0.12047434784471989,1,2,0,0,0.4169669393450022,0.26025393046438694
FRA-Ligue 1,2627,Troyes,Patrick Beach,5,2026,172,14826,GK,5,450,0,0.0,0,0.0,0,0.0,0,0,0,0,0.14014067500829697,0.14014067500829697
FRA-Ligue 1,2627,Troyes,Renaud Ripart,5,2026,172,6864,F S,5,277,1,1.1639616787433624,0,0.4038665294647217,0,0.11221198737621307,8,1,0,0,1.0383247397840023,0.7288293540477753
FRA-Ligue 1,2627,Troyes,Timothee Nkada,5,2026,172,7541,M S,3,94,0,0.25709571689367294,0,0.25709571689367294,0,0.048338327556848526,7,1,0,0,0.28737013041973114,0.06054605916142464
FRA-Ligue 1,2627,Troyes,Yacouba Koné,5,2026,172,14835,S,5,18,0,0.026838429272174835,0,0.026838429272174835,0,0.0,1,0,0,0,0.026838429272174835,0.0
FRA-Ligue 1,2627,Troyes,Yvann Titi,5,2026,172,14827,D,1,55,0,0.014587581157684326,0,0.014587581157684326,0,0.0,1,0,0,0,0.03541773185133934,0.03541773185133934
GER-Bundesliga,2627,Augsburg,Alexis Claude Maurice,3,2026,121,5752,S,3,93,1,0.16553424671292305,1,0.16553424671292305,1,0.2723761722445488,4,3,0,0,0.4748833477497101,0.18562881648540497
GER-Bundesliga,2627,Augsburg,Anton Kade,3,2026,121,10288,M,1,90,1,1.9308350086212158,1,1.9308350086212158,1,0.9802594780921936,6,2,0,0,2.6802303791046143,0.10275519639253616
GER-Bundesliga,2627,Augsburg,Arijon Ibrahimovic,3,2026,121,10248,F M,2,123,0,0.32428568601608276,0,0.32428568601608276,0,0.092702716588974,6,2,0,0,0.8464107811450958,0.45442628860473633
GER-Bundesliga,2627,Augsburg,Calvin Brackelmann,3,2026,121,15010,D,4,350,1,0.15510590374469757,1,0.15510590374469757,0,0.10723229497671127,3,2,0,0,1.7903431579470634,1.6850874349474907
GER-Bundesliga,2627,Augsburg,Chrislain Matsima,3,2026,121,8643,D,4,360,0,0.02500389702618122,0,0.02500389702618122,0,0.01935875043272972,1,1,0,0,1.8200207501649857,1.8006619960069656
GER-Bundesliga,2627,Augsburg,Fabian Rieder,3,2026,121,12038,M,4,354,1,0.25152814388275146,1,0.25152814388275146,3,1.135966643691063,6,5,1,0,2.0799580216407776,0.9218230992555618
GER-Bundesliga,2627,Augsburg,Finn Dahmen,3,2026,121,6596,GK,4,360,0,0.0,0,0.0,0,0.0,0,0,0,0,1.2665362656116486,1.2665362656116486
GER-Bundesliga,2627,Augsburg,Han-Noah Massengo,3,2026,121,7264,M,4,321,0,0.14256209135055542,0,0.14256209135055542,1,0.8367952555418015,1,5,1,0,2.1916217356920242,1.2835203483700752
GER-Bundesliga,2627,Augsburg,Hennes Behrens,3,2026,121,13414,D,4,360,0,0.12908874824643135,0,0.12908874824643135,1,0.5425558686256409,2,2,1,0,3.4852739721536636,3.356185235083103
GER-Bundesliga,2627,Augsburg,Jeffrey Gouweleeuw,3,2026,121,2665,S,3,11,0,0.0,0,0.0,0,0.0,0,0,0,0,0.08339644223451614,0.08339644223451614
GER-Bundesliga,2627,Augsburg,Marius Wolf,3,2026,121,2693,D,4,318,0,0.14498259127140045,0,0.14498259127140045,0,2.7187819108366966,2,9,0,0,2.461963325738907,0.990013413131237
GER-Bundesliga,2627,Augsburg,Mert Kömür,3,2026,121,11604,M S,4,106,0,0.5857387352734804,0,0.5857387352734804,0,0.030644157901406288,4,1,0,0,0.654676603153348,0.08339644223451614
GER-Bundesliga,2627,Augsburg,Michael Gregoritsch,3,2026,121,171,F,4,299,3,2.2479757964611053,3,2.2479757964611053,0,0.2101254165172577,9,4,0,0,2.5676000863313675,0.7114379554986954
GER-Bundesliga,2627,Augsburg,Noahkai Banks,3,2026,121,13149,D,4,360,0,0.6678217053413391,0,0.6678217053413391,0,0.1241148803383112,2,4,2,0,1.923003651201725,1.7318335995078087
GER-Bundesliga,2627,Augsburg,Robin Fellhauer,3,2026,121,13865,M,4,308,2,1.1914054602384567,2,1.1914054602384567,0,0.32588425278663635,6,4,0,0,2.7606285214424133,1.349087405949831
GER-Bundesliga,2627,Augsburg,Rodrigo Ribeiro,3,2026,121,12418,S,4,61,1,0.6474288254976273,1,0.6474288254976273,0,0.0,3,0,0,0,0.6474288254976273,0.0
GER-Bundesliga,2627,Augsburg,Seol Young-Woo,3,2026,121,15011,S,4,43,0,0.0,0,0.0,1,0.1684902086853981,0,2,0,0,0.1684902086853981,0.0
GER-Bundesliga,2627,Augsburg,Yannik Keitel,3,2026,121,8206,S,3,45,0,0.0,0,0.0,0,0.0,0,0,0,0,0.11093864776194096,0.11093864776194096
GER-Bundesliga,2627,Bayer Leverkusen,Afonso Moreira,3,2026,119,13739,M,4,345,0,0.8489830493927002,0,0.8489830493927002,0,0.20045914500951767,10,3,1,0,1.6397141367197037,0.9758425951004028
GER-Bundesliga,2627,Bayer Leverkusen,Aleix García,3,2026,119,1055,M,4,360,0,0.297076091170311,0,0.297076091170311,0,0.7776440130546689,6,13,0,0,3.0616118609905243,2.7832458913326263
GER-Bundesliga,2627,Bayer Leverkusen,Christian Kofane,3,2026,119,13856,F S,4,129,2,1.0511728078126907,2,1.0511728078126907,0,0.0877198874950409,8,1,0,0,1.3812844008207321,0.41603443026542664
GER-Bundesliga,2627,Bayer Leverkusen,Edmond Tapsoba,3,2026,119,8317,D,4,360,0,0.09096813201904297,0,0.09096813201904297,1,0.0680224671959877,1,1,1,0,3.6171443462371826,3.6171443462371826
GER-Bundesliga,2627,Bayer Leverkusen,Ezequiél Fernández,3,2026,119,14008,M,4,283,1,0.927240077406168,1,0.927240077406168,0,0.5515298657119274,5,4,0,0,2.7888986617326736,1.3820709362626076
GER-Bundesliga,2627,Bayer Leverkusen,Facundo Medina,3,2026,119,8664,D S,4,282,1,0.6744768023490906,1,0.6744768023490906,0,0.0,2,0,1,0,1.7625572383403778,1.7625572383403778
GER-Bundesliga,2627,Bayer Leverkusen,Guela Doué,3,2026,119,10868,S,1,25,0,0.0,0,0.0,0,0.0,0,0,1,0,0.11021861433982849,0.11021861433982849
GER-Bundesliga,2627,Bayer Leverkusen,Ibrahim Maza,3,2026,119,11484,M,4,360,1,1.068882942199707,1,1.068882942199707,1,1.847407290711999,17,13,2,0,3.9715790450572968,2.6138243786990643
GER-Bundesliga,2627,Bayer Leverkusen,Jarell Quansah,3,2026,119,10187,D S,4,278,0,0.16329660639166832,0,0.16329660639166832,1,1.1790480017662048,2,6,0,0,2.38947681710124,1.4339740090072155
GER-Bundesliga,2627,Bayer Leverkusen,Jonas Hofmann,3,2026,119,320,S,1,23,0,0.02282603271305561,0,0.02282603271305561,0,0.06386002898216248,1,2,0,0,0.4564966857433319,0.3989892601966858
GER-Bundesliga,2627,Bayer Leverkusen,Loic Bade,3,2026,119,8665,D S,2,75,0,0.16090908646583557,0,0.16090908646583557,0,0.0,1,0,0,0,0.02898675948381424,0.02898675948381424
GER-Bundesliga,2627,Bayer Leverkusen,Lucas Vázquez,3,2026,119,2253,D S,4,67,0,0.0,0,0.0,0,0.05229414626955986,0,1,0,0,0.09706857800483704,0.09706857800483704
GER-Bundesliga,2627,Bayer Leverkusen,Malik Tillman,3,2026,119,9860,M S,3,147,0,0.13443690165877342,0,0.13443690165877342,1,0.20878654718399048,3,2,0,0,0.9654405117034912,0.7596004903316498
GER-Bundesliga,2627,Bayer Leverkusen,Mark Flekken,3,2026,119,7047,GK,4,360,0,0.0,0,0.0,0,0.0,0,0,0,0,0.6498848237097263,0.6498848237097263
GER-Bundesliga,2627,Bayer Leverkusen,Martin Terrier,3,2026,119,5611,S,1,12,0,0.05253949016332626,0,0.05253949016332626,0,0.0,1,0,0,0,0.05253949016332626,0.0
GER-Bundesliga,2627,Bayer Leverkusen,Miguel Gutiérrez,3,2026,119,8513,D,4,354,1,0.21671273559331894,1,0.21671273559331894,3,2.147738866508007,4,10,1,0,3.624792158603668,1.9316166043281555
GER-Bundesliga,2627,Bayer Leverkusen,Moussa Diaby,3,2026,119,6556,M S,3,202,0,0.9467812478542328,0,0.9467812478542328,0,0.3796659782528877,9,4,0,0,1.3501780927181244,0.15132377296686172
GER-Bundesliga,2627,Bayer Leverkusen,Patrik Schick,3,2026,119,1236,F S,4,264,4,3.6869700253009796,4,3.6869700253009796,1,0.24567142501473427,17,4,0,0,3.4775874614715576,0.30676837265491486
GER-Bundesliga,2627,Bayer Leverkusen,Robert Andrich,3,2026,119,7877,S,2,32,0,0.0,0,0.0,0,0.02898675948381424,0,1,0,0,0.1485409289598465,0.1485409289598465
GER-Bundesliga,2627,Bayer Leverkusen,Victor Boniface,3,2026,119,11867,S,1,3,0,0.23793287575244904,0,0.23793287575244904,0,0.04955023527145386,3,1,0,0,0.6785381436347961,0.45140397548675537
GER-Bundesliga,2627,Bayern Munich,Aleksandar Pavlovic,3,2026,117,11547,M,4,316,1,0.897323727607727,1,0.897323727607727,1,0.7928174138069153,6,7,1,0,4.031772315502167,2.8555354475975037
GER-Bundesliga,2627,Bayern Munich,Alphonso Davies,3,2026,117,7345,D S,4,270,0,0.11109557747840881,0,0.11109557747840881,2,1.8705031536519527,2,11,0,0,3.9452826380729675,2.2917962968349457
GER-Bundesliga,2627,Bayern Munich,Dayotchanculle Upamecano,3,2026,117,5243,D,4,318,1,0.7754357680678368,1,0.7754357680678368,0,0.09523524716496468,3,2,2,0,2.2652277648448944,2.192600816488266
GER-Bundesliga,2627,Bayern Munich,Harry Kane,3,2026,117,647,F S,4,296,3,2.4738334640860558,2,1.7160567864775658,1,1.1836668029427528,16,8,0,0,3.831744074821472,1.0573411211371422
GER-Bundesliga,2627,Bayern Munich,Ismael Saibari,3,2026,117,14937,F M S,4,182,1,1.3305343762040138,1,1.3305343762040138,2,1.6011597514152527,8,6,0,0,2.299703299999237,1.5370919108390808
GER-Bundesliga,2627,Bayern Munich,Jamal Musiala,3,2026,117,8418,M S,3,141,1,0.25447119399905205,1,0.25447119399905205,1,0.22411132045090199,5,5,0,0,1.1098923087120056,0.768725723028183
GER-Bundesliga,2627,Bayern Munich,Jonas Urbig,3,2026,117,9861,GK,1,90,0,0.0,0,0.0,0,0.0,0,0,0,0,0.1997523158788681,0.1997523158788681
GER-Bundesliga,2627,Bayern Munich,Jonathan Tah,3,2026,117,183,D S,3,185,0,0.6513108611106873,0,0.6513108611106873,0,0.0,2,0,0,0,1.4392401576042175,1.4392401576042175
GER-Bundesliga,2627,Bayern Munich,Joshua Kimmich,3,2026,117,223,M S,4,290,0,0.02143888920545578,0,0.02143888920545578,2,1.8703959919512272,1,7,0,0,3.9736518263816833,3.4573755711317062
GER-Bundesliga,2627,Bayern Munich,Josip Stanisic,3,2026,117,9458,D S,3,195,0,0.2892319820821285,0,0.2892319820821285,0,0.0719586182385683,2,3,0,0,2.127475455403328,2.0424612313508987
GER-Bundesliga,2627,Bayern Munich,Kim Min-Jae,3,2026,117,10986,D S,3,217,0,0.0,0,0.0,0,0.13885796442627907,0,2,1,0,1.6136872172355652,1.533216118812561
GER-Bundesliga,2627,Bayern Munich,Konrad Laimer,3,2026,117,6109,D,2,180,0,0.4221097081899643,0,0.4221097081899643,0,0.0760975182056427,2,2,0,0,1.7030102610588074,1.2489219307899475
GER-Bundesliga,2627,Bayern Munich,Lennart Karl,3,2026,117,13573,M S,3,134,1,0.5709875542670488,1,0.5709875542670488,0,0.0,4,0,0,0,0.6896452028304338,0.11865762621164322
GER-Bundesliga,2627,Bayern Munich,Luis Díaz,3,2026,117,10408,M S,4,265,1,2.731954887509346,1,2.731954887509346,0,0.5098076015710831,12,5,0,0,4.56046736240387,1.6321091130375862
GER-Bundesliga,2627,Bayern Munich,Manuel Neuer,3,2026,117,217,GK,3,270,0,0.0,0,0.0,0,0.29544222354888916,0,1,0,0,1.5020889956504107,1.2066467721015215
GER-Bundesliga,2627,Bayern Munich,Michael Olise,3,2026,117,9948,M S,4,301,4,2.242949180305004,4,2.242949180305004,1,1.4949720576405525,17,10,0,0,5.137596428394318,3.3050111830234528
GER-Bundesliga,2627,Bayern Munich,Nathaniel Brown,3,2026,117,13122,D M S,4,185,0,0.31917327642440796,0,0.31917327642440796,0,0.49787844717502594,3,2,0,0,1.2830125987529755,0.54290871322155
GER-Bundesliga,2627,Bayern Munich,Serge Gnabry,3,2026,117,993,S,1,11,0,0.13246731460094452,0,0.13246731460094452,0,0.0,1,0,0,0,0.13246731460094452,0.0
GER-Bundesliga,2627,Bayern Munich,Tom Bischof,3,2026,117,10289,M S,4,114,0,0.10424472577869892,0,0.10424472577869892,2,0.6222590804100037,3,2,0,0,2.15368284098804,1.5004925727844238
GER-Bundesliga,2627,Borussia Dortmund,Carney Chukwuemeka,3,2026,129,9356,S,1,22,0,0.0,0,0.0,0,0.0,0,0,0,0,0.44607123732566833,0.44607123732566833
GER-Bundesliga,2627,Borussia Dortmund,Daniel Svensson,3,2026,129,13424,D,4,360,0,0.0635097548365593,0,0.0635097548365593,0,0.12001249194145203,1,1,1,0,1.370678886771202,1.2506663650274277
GER-Bundesliga,2627,Borussia Dortmund,Ethan Nwaneri,3,2026,129,11132,M S,3,190,0,0.4220472723245621,0,0.4220472723245621,0,1.2756581027060747,3,5,0,0,1.3820872753858566,0.573207899928093
GER-Bundesliga,2627,Borussia Dortmund,Fabio Silva,3,2026,129,8778,M S,3,108,2,0.6914614140987396,2,0.6914614140987396,0,0.0,4,0,0,0,1.085658609867096,0.3941971957683563
GER-Bundesliga,2627,Borussia Dortmund,Felix Nmecha,3,2026,129,9202,M S,4,237,2,0.8446977585554123,2,0.8446977585554123,0,0.3375890851020813,6,5,0,0,1.7227595821022987,1.0873115062713623
GER-Bundesliga,2627,Borussia Dortmund,Filippo Mané,3,2026,129,13017,D S,2,45,0,0.0,0,0.0,0,0.0,0,0,0,0,0.03700841963291168,0.03700841963291168
GER-Bundesliga,2627,Borussia Dortmund,Giannis Konstantelias,3,2026,129,14990,F,1,56,0,0.19380305707454681,0,0.19380305707454681,0,0.17504943907260895,2,2,0,0,0.6659504771232605,0.29709798097610474
GER-Bundesliga,2627,Borussia Dortmund,Gregor Kobel,3,2026,129,5288,GK,4,360,0,0.0,0,0.0,0,0.0,0,0,0,0,0.31335096806287766,0.31335096806287766
GER-Bundesliga,2627,Borussia Dortmund,Jobe Bellingham,3,2026,129,13887,M S,4,297,0,0.3905387558043003,0,0.3905387558043003,1,0.9120049327611923,3,5,2,0,1.5401128381490707,1.2035214751958847
GER-Bundesliga,2627,Borussia Dortmund,Joey Veerman,3,2026,129,14992,M S,4,186,0,0.2694431394338608,0,0.2694431394338608,0,0.36848151683807373,4,1,1,0,1.7521550580859184,1.5922007020562887
GER-Bundesliga,2627,Borussia Dortmund,Julian Ryerson,3,2026,129,7997,D,4,329,0,0.0,0,0.0,0,1.807266153395176,0,7,2,0,2.84132981300354,1.319817841053009
GER-Bundesliga,2627,Borussia Dortmund,Kauã Prates,3,2026,129,14991,S,1,4,0,0.01735967956483364,0,0.01735967956483364,0,0.0,1,0,0,0,0.01735967956483364,0.0
GER-Bundesliga,2627,Borussia Dortmund,Konstantinos Karetsas,3,2026,129,14989,F M S,3,168,0,0.5711708664894104,0,0.5711708664894104,1,0.2377740442752838,8,4,0,0,1.1196601837873459,0.47535647451877594
GER-Bundesliga,2627,Borussia Dortmund,Kouakou Gadou,3,2026,129,12485,D,4,336,0,0.0,0,0.0,0,0.0,0,0,1,0,2.243068899959326,2.243068899959326
GER-Bundesliga,2627,Borussia Dortmund,Luca Reggiani,3,2026,129,14420,S,1,24,0,0.0,0,0.0,0,0.0,0,0,1,0,0.22377121448516846,0.22377121448516846
GER-Bundesliga,2627,Borussia Dortmund,Marcel Sabitzer,3,2026,129,5248,S,4,64,0,0.37057098746299744,0,0.37057098746299744,1,0.13177838921546936,1,1,0,0,0.9484206438064575,0.44607123732566833
GER-Bundesliga,2627,Borussia Dortmund,Maximilian Beier,3,2026,129,8137,D M S,4,269,1,2.41842257976532,1,2.41842257976532,1,0.6256325840950012,10,3,1,0,2.9887828528881073,0.4829890727996826
GER-Bundesliga,2627,Borussia Dortmund,Nico Schlotterbeck,3,2026,129,7485,D,2,170,0,0.36848151683807373,0,0.36848151683807373,0,0.16282476484775543,1,2,1,0,0.9260666966438293,0.8349898606538773
GER-Bundesliga,2627,Borussia Dortmund,Ramy Bensebaini,3,2026,129,3349,S,2,17,0,0.0,0,0.0,0,0.0,0,0,0,0,0.0,0.0
GER-Bundesliga,2627,Borussia Dortmund,Samuele Inácio,3,2026,129,14421,S,1,3,0,0.0,0,0.0,0,0.0,0,0,0,1,0.0,0.0
GER-Bundesliga,2627,Borussia Dortmund,Serhou Guirassy,3,2026,129,3738,F,4,345,2,1.9691947549581528,2,1.9691947549581528,2,1.4575237780809402,13,7,0,0,4.039689779281616,0.7276188433170319
GER-Bundesliga,2627,Borussia Dortmund,Waldemar Anton,3,2026,129,106,D,4,360,0,0.025781994685530663,0,0.025781994685530663,1,0.32817336916923523,1,1,0,0,1.9545432180166245,1.6005878560245037
GER-Bundesliga,2627,Borussia M.Gladbach,Daiki Hashioka,3,2026,130,12509,D S,2,85,0,0.09133603423833847,0,0.09133603423833847,0,0.0,1,0,0,0,0.13928435742855072,0.04794832691550255
GER-Bundesliga,2627,Borussia M.Gladbach,David Herold,3,2026,130,14965,D S,3,122,0,0.0,0,0.0,0,0.07276374287903309,0,2,0,0,0.04240933805704117,0.012703762389719486
GER-Bundesliga,2627,Borussia M.Gladbach,Florian Neuhaus,3,2026,130,7065,M,1,70,1,0.3989500403404236,1,0.3989500403404236,0,0.18278011679649353,2,4,1,0,0.5284099578857422,0.0
GER-Bundesliga,2627,Borussia M.Gladbach,Franck Honorat,3,2026,130,3314,M S,4,246,0,0.10401704255491495,0,0.10401704255491495,2,1.2510758638381958,4,11,0,0,1.4475463852286339,0.4133520368486643
GER-Bundesliga,2627,Borussia M.Gladbach,Hugo Bolin,3,2026,130,14428,F M,4,317,2,1.9034023731946945,2,1.9034023731946945,0,0.4062884207814932,12,5,1,0,1.975482851266861,0.6612504124641418
GER-Bundesliga,2627,Borussia M.Gladbach,Isac Lidberg,3,2026,130,14966,F S,4,148,1,0.5452375933527946,1,0.5452375933527946,0,0.011077823117375374,4,1,0,0,0.747275285422802,0.1909598559141159
GER-Bundesliga,2627,Borussia M.Gladbach,Jan Leszczynski,3,2026,130,14969,D S,2,101,0,0.0955105870962143,0,0.0955105870962143,0,0.11088772211223841,2,3,0,0,0.20588794443756342,0.15307861659675837
GER-Bundesliga,2627,Borussia M.Gladbach,Joe Scally,3,2026,130,9674,D S,4,264,1,0.2210640823468566,1,0.2210640823468566,0,0.14037485420703888,3,1,1,0,0.47472694516181946,0.12608686089515686
GER-Bundesliga,2627,Borussia M.Gladbach,Kevin Diks,3,2026,130,1427,D,4,360,0,0.7883824501186609,0,0.030605772510170937,0,0.02297881431877613,3,1,2,0,0.7759251296520233,0.7759251296520233
GER-Bundesliga,2627,Borussia M.Gladbach,Kevin Stöger,3,2026,130,7058,M S,3,157,0,0.0,0,0.0,0,0.20671464502811432,0,3,1,0,0.13928435742855072,0.13928435742855072
GER-Bundesliga,2627,Borussia M.Gladbach,Ko Itakura,3,2026,130,10727,D,4,360,0,0.7952068448066711,0,0.7952068448066711,0,0.029269011691212654,5,1,0,0,0.7575911357998848,0.7283221259713173
GER-Bundesliga,2627,Borussia M.Gladbach,Lukas Ullrich,3,2026,130,11991,D,3,238,0,0.24309664778411388,0,0.24309664778411388,2,0.8521048277616501,4,3,1,0,1.1214398555457592,0.026238426566123962
GER-Bundesliga,2627,Borussia M.Gladbach,Mathieu Nguefack,3,2026,130,14967,M S,3,121,0,0.14559687674045563,0,0.14559687674045563,0,0.06376399658620358,2,3,1,0,0.6419610977172852,0.4455079287290573
GER-Bundesliga,2627,Borussia M.Gladbach,Moritz Nicolas,3,2026,130,6321,GK,4,360,0,0.0,0,0.0,0,0.0,0,0,0,0,0.46292975544929504,0.46292975544929504
GER-Bundesliga,2627,Borussia M.Gladbach,Nicolas Kühn,3,2026,130,13933,S,1,19,0,0.08476100862026215,0,0.08476100862026215,0,0.5979034900665283,1,2,0,0,0.08476100862026215,0.0
GER-Bundesliga,2627,Borussia M.Gladbach,Philipp Sander,3,2026,130,12915,M,4,360,0,0.19198934733867645,0,0.19198934733867645,0,0.5398642271757126,6,3,1,0,1.0032736212015152,0.8087127655744553
GER-Bundesliga,2627,Borussia M.Gladbach,Robin Hack,3,2026,130,6351,M S,4,153,0,0.0935562327504158,0,0.0935562327504158,0,0.10932901501655579,2,2,0,0,0.269800066947937,0.06691482663154602
GER-Bundesliga,2627,Borussia M.Gladbach,Shuto Machino,3,2026,130,12934,S,2,44,1,0.9578513987362385,0,0.20007473602890968,0,0.0,5,0,1,0,0.12715649232268333,0.06138068810105324
GER-Bundesliga,2627,Borussia M.Gladbach,Tim Kleindienst,3,2026,130,6142,F,3,222,0,0.5264666527509689,0,0.5264666527509689,0,0.15459085628390312,6,2,0,1,1.148944079875946,0.5079975351691246
GER-Bundesliga,2627,Borussia M.Gladbach,Wael Mohya,3,2026,130,14123,M S,4,178,0,0.3380504585802555,0,0.3380504585802555,0,0.08024556748569012,4,2,1,0,0.5849701687693596,0.16667414084076881
GER-Bundesliga,2627,Eintracht Frankfurt,Ansgar Knauff,3,2026,132,8989,S,1,27,0,0.0,0,0.0,0,0.4573768973350525,0,1,0,0,0.4573768973350525,0.4573768973350525
GER-Bundesliga,2627,Eintracht Frankfurt,Ayoube Amaimouni-Echghouyab,3,2026,132,14331,M S,4,109,0,0.2772689126431942,0,0.2772689126431942,0,0.04359552264213562,4,1,0,0,0.3208644352853298,0.0
GER-Bundesliga,2627,Eintracht Frankfurt,Can Uzun,3,2026,132,12954,M,4,337,2,2.2468506544828415,2,2.2468506544828415,0,0.6125961318612099,8,12,0,0,4.069633603096008,1.625704064965248
GER-Bundesliga,2627,Eintracht Frankfurt,Elias Baum,3,2026,132,12250,D,4,313,0,0.2716195099055767,0,0.2716195099055767,1,0.8130961023271084,4,3,0,0,3.239497423171997,2.1547817811369896
GER-Bundesliga,2627,Eintracht Frankfurt,Farès Chaïbi,3,2026,132,10792,M S,2,110,0,0.07156328856945038,0,0.07156328856945038,0,0.09004062041640282,2,2,0,0,0.6659416034817696,0.5243666246533394
GER-Bundesliga,2627,Eintracht Frankfurt,Jeremiaha Maluze,3,2026,132,14971,D,2,180,0,0.0,0,0.0,1,0.3187251687049866,0,1,1,0,0.3843265399336815,0.06560137122869492
GER-Bundesliga,2627,Eintracht Frankfurt,Jonathan Burkardt,3,2026,132,7108,F,4,331,3,2.480279430747032,3,2.480279430747032,1,0.9838994108140469,11,6,0,0,3.6982659995555878,1.0367700345814228
GER-Bundesliga,2627,Eintracht Frankfurt,Keita Kosugi,3,2026,132,14330,D,4,360,0,0.15318704210221767,0,0.15318704210221767,0,0.14882199838757515,2,3,1,0,1.414326749742031,1.173534382134676
GER-Bundesliga,2627,Eintracht Frankfurt,Lilian Brassier,3,2026,132,8677,D,3,270,0,0.010743770748376846,0,0.010743770748376846,0,0.0,1,0,0,0,2.2659685760736465,2.255224719643593
GER-Bundesliga,2627,Eintracht Frankfurt,Love Arrhov,3,2026,132,14415,S,1,3,0,0.0,0,0.0,0,0.0,0,0,0,0,0.0,0.0
GER-Bundesliga,2627,Eintracht Frankfurt,Malik Pimpong,3,2026,132,14974,S,2,18,0,0.0,0,0.0,0,0.0,0,0,0,0,0.0,0.0
GER-Bundesliga,2627,Eintracht Frankfurt,Mario Götze,3,2026,132,422,M S,3,99,0,0.0,0,0.0,1,1.109265148639679,0,3,1,0,1.7442795038223267,1.5848910212516785
GER-Bundesliga,2627,Eintracht Frankfurt,Nnamdi Collins,3,2026,132,12430,S,1,27,0,0.0,0,0.0,0,0.0,0,0,0,0,0.0,0.0
GER-Bundesliga,2627,Eintracht Frankfurt,Noah Atubolu,3,2026,132,10160,GK,4,360,0,0.0,0,0.0,0,0.0,0,0,0,0,1.1263658069074154,1.1263658069074154
GER-Bundesliga,2627,Eintracht Frankfurt,Noel Aséko Nkili,3,2026,132,12276,M,2,110,0,0.0,0,0.0,0,0.0,0,0,0,0,0.8289249241352081,0.8289249241352081
GER-Bundesliga,2627,Eintracht Frankfurt,Oscar Højlund,3,2026,132,12952,S,2,45,0,0.0,0,0.0,0,0.11775705963373184,0,1,1,0,0.11775705963373184,0.0
GER-Bundesliga,2627,Eintracht Frankfurt,Otávio,3,2026,132,14973,S,1,1,0,0.0,0,0.0,0,0.0,0,0,1,0,0.0,0.0
GER-Bundesliga,2627,Eintracht Frankfurt,Raphael Onyedika,3,2026,132,14972,M,4,360,0,0.025097806006669998,0,0.025097806006669998,0,0.055675044655799866,1,2,3,0,1.6814573183655739,1.6707135811448097
GER-Bundesliga,2627,Eintracht Frankfurt,Ritsu Doan,3,2026,132,8791,M,3,241,0,0.2580130062997341,0,0.2580130062997341,1,0.9607807323336601,5,4,0,0,2.3844786882400513,1.35165673494339
GER-Bundesliga,2627,Eintracht Frankfurt,Robin Koch,3,2026,132,6273,D,4,360,0,0.23401995468884706,0,0.23401995468884706,1,0.6606223694980145,5,2,0,0,2.183977499604225,2.183977499604225
GER-Bundesliga,2627,Eintracht Frankfurt,Timothy Chandler,3,2026,132,359,S,2,21,0,0.04493127390742302,0,0.04493127390742302,0,0.0,1,0,0,0,0.09761087596416473,0.052679598331451416
GER-Bundesliga,2627,Eintracht Frankfurt,Younes Ebnoutalib,3,2026,132,14329,F S,4,283,4,2.8334842324256897,4,2.8334842324256897,1,0.9229617118835449,11,5,1,0,3.3843827843666077,0.24511008709669113
GER-Bundesliga,2627,Elversberg,Amara Condé,3,2026,296,14947,S,2,13,0,0.0,0,0.0,0,0.0,0,0,1,0,0.0,0.0
GER-Bundesliga,2627,Elversberg,Cole Campbell,3,2026,296,13131,M,4,272,1,0.5927135720849037,1,0.5927135720849037,0,0.5046383440494537,6,3,1,0,1.0432921051979065,0.13532431423664093
GER-Bundesliga,2627,Elversberg,David Mokwa,3,2026,296,13289,F,4,322,2,1.2336611896753311,2,1.2336611896753311,0,0.3519095964729786,4,3,0,0,1.6208732277154922,0.10707837529480457
GER-Bundesliga,2627,Elversberg,Felix Keidel,3,2026,296,14943,M,4,348,1,0.11166002042591572,1,0.11166002042591572,0,0.6518055647611618,3,5,2,0,0.8216334134340286,0.4979634415358305
GER-Bundesliga,2627,Elversberg,Florian Le Joncour,3,2026,296,3624,S,1,6,0,0.0,0,0.0,0,0.0,0,0,0,0,0.0,0.0
GER-Bundesliga,2627,Elversberg,Francis-Ikechukwu Onyeka,3,2026,296,12313,M S,4,156,0,0.4111103266477585,0,0.4111103266477585,1,0.3299485743045807,3,2,1,0,1.454236000776291,0.7131770849227905
GER-Bundesliga,2627,Elversberg,Jan Gyamerah,3,2026,296,14940,D,4,309,0,0.2440418154001236,0,0.2440418154001236,0,0.017530148848891258,1,1,0,0,0.7460131496191025,0.4844411760568619
GER-Bundesliga,2627,Elversberg,Lasse Günther,3,2026,296,9955,D,4,334,0,0.27078092098236084,0,0.27078092098236084,0,0.21407932043075562,1,3,0,0,1.1024808688089252,0.6176205826923251
GER-Bundesliga,2627,Elversberg,Luca Schnellbacher,3,2026,296,14944,S,2,15,0,0.0,0,0.0,0,0.0,0,0,0,0,0.0,0.0
GER-Bundesliga,2627,Elversberg,Luca Sirch,3,2026,296,14945,S,3,52,0,0.0,0,0.0,0,0.0,0,0,0,0,0.3761102557182312,0.3761102557182312
GER-Bundesliga,2627,Elversberg,Lukas Petkov,3,2026,296,9127,M,4,358,1,0.6122137308120728,1,0.6122137308120728,1,1.193274350836873,7,4,0,0,1.7834473699331284,0.2497127503156662
GER-Bundesliga,2627,Elversberg,Lukas Pinckert,3,2026,296,14942,D,4,360,0,0.13247673213481903,0,0.13247673213481903,1,0.5422385465353727,1,2,0,0,1.3767753038555384,0.8345367424190044
GER-Bundesliga,2627,Elversberg,Lukasz Poreba,3,2026,296,10833,M,4,360,0,0.013772500678896904,0,0.013772500678896904,0,0.034848496317863464,1,1,0,0,0.8544095754623413,0.8057885617017746
GER-Bundesliga,2627,Elversberg,Maurice Krattenmacher,3,2026,296,14946,S,4,129,3,2.2745283730328083,3,2.2745283730328083,0,0.016370650380849838,8,1,0,0,2.4262233413755894,0.13532431423664093
GER-Bundesliga,2627,Elversberg,Maximilian Rohr,3,2026,296,14941,D,4,354,0,0.09678953140974045,0,0.09678953140974045,0,0.0,3,0,1,0,0.9296950902789831,0.9237150214612484
GER-Bundesliga,2627,Elversberg,Nicholas Mickelson,3,2026,296,14950,S,2,26,0,0.0,0,0.0,0,0.02492293156683445,0,1,0,0,0.16024724580347538,0.16024724580347538
GER-Bundesliga,2627,Elversberg,Nicolas Kristof,3,2026,296,14939,GK,4,360,0,0.0,0,0.0,0,0.0,0,0,1,0,0.05210205912590027,0.05210205912590027
GER-Bundesliga,2627,Elversberg,Noah Darvich,3,2026,296,13226,M S,3,150,0,0.525151439011097,0,0.525151439011097,1,0.04699975624680519,2,1,1,0,0.6069996878504753,0.034848496317863464
GER-Bundesliga,2627,Elversberg,Noel Futkeu,3,2026,296,14949,S,3,38,0,0.4435630738735199,0,0.4435630738735199,1,0.5056108832359314,1,2,0,0,0.9491739571094513,0.0
GER-Bundesliga,2627,FC Cologne,Alessio Castro-Montes,3,2026,134,14025,D,4,316,0,0.0,0,0.0,0,0.21053178049623966,0,4,1,0,2.217246599495411,2.217246599495411
GER-Bundesliga,2627,FC Cologne,Borna Sosa,3,2026,134,7075,S,1,24,0,0.0,0,0.0,0,0.0,0,0,0,0,0.03297886624932289,0.03297886624932289
GER-Bundesliga,2627,FC Cologne,Ellyes Skhiri,3,2026,134,3347,M S,4,248,0,0.6003972664475441,0,0.6003972664475441,2,0.5576365441083908,3,5,1,0,3.1668902933597565,2.664437234401703
GER-Bundesliga,2627,FC Cologne,Gian-Luca Waldschmidt,3,2026,134,294,S,1,7,0,0.0,0,0.0,0,0.0,0,0,0,0,0.3256404399871826,0.3256404399871826
GER-Bundesliga,2627,FC Cologne,Gideon Mensah,3,2026,134,9807,D,4,336,0,0.0801905021071434,0,0.0801905021071434,0,0.6762983798980713,4,2,2,0,1.920962154865265,1.8902133107185364
GER-Bundesliga,2627,FC Cologne,Imad Rondic,3,2026,134,15036,S,1,1,0,0.0,0,0.0,0,0.0,0,0,0,0,0.0,0.0
GER-Bundesliga,2627,FC Cologne,Jahmai Simpson-Pusey,3,2026,134,13185,D,4,360,0,0.0,0,0.0,0,0.0,0,0,1,0,0.9408610090613365,0.9408610090613365
GER-Bundesliga,2627,FC Cologne,Jan Thielmann,3,2026,134,8205,F,2,136,0,0.09306352958083153,0,0.09306352958083153,0,0.05636555701494217,2,2,0,0,0.5313105583190918,0.44173985719680786
GER-Bundesliga,2627,FC Cologne,Joël Schmied,3,2026,134,13907,S,1,1,0,0.0,0,0.0,0,0.0,0,0,0,0,0.0,0.0
GER-Bundesliga,2627,FC Cologne,Linton Maina,3,2026,134,6638,F M S,4,249,1,0.1446373350918293,1,0.1446373350918293,1,0.7410402372479439,4,6,0,0,1.531585156917572,1.2135544009506702
GER-Bundesliga,2627,FC Cologne,Luka Lochoshvili,3,2026,134,11026,D,4,360,0,0.43952183425426483,0,0.43952183425426483,0,0.017012909054756165,5,1,0,0,2.3062686920166016,2.2892557978630066
GER-Bundesliga,2627,FC Cologne,Marius Bülter,3,2026,134,7879,M S,4,113,1,1.7390548139810562,1,1.7390548139810562,0,0.13512775860726833,5,2,0,0,1.6320837382227182,0.0
GER-Bundesliga,2627,FC Cologne,Marvin Schwäbe,3,2026,134,4376,GK,4,360,0,0.0,0,0.0,0,0.0,0,0,0,0,1.3093480113893747,1.3093480113893747
GER-Bundesliga,2627,FC Cologne,Mikey Moore,3,2026,134,12603,M S,3,210,0,0.717911496758461,0,0.717911496758461,0,0.9166133999824524,8,2,0,0,1.7533490657806396,0.15056000649929047
GER-Bundesliga,2627,FC Cologne,Paul Okon-Engstler,3,2026,134,14975,M S,3,113,0,0.09416608512401581,0,0.09416608512401581,0,0.02574334852397442,1,1,1,0,0.11990942806005478,0.0
GER-Bundesliga,2627,FC Cologne,Ragnar Ache,3,2026,134,8869,F S,4,189,1,0.8789453655481339,1,0.8789453655481339,0,0.3179967403411865,8,5,0,0,1.0538320764899254,0.1382438912987709
GER-Bundesliga,2627,FC Cologne,Reigan Heskey,3,2026,134,14254,S,1,15,0,0.016865825280547142,0,0.016865825280547142,0,0.0,1,0,0,0,0.8341178894042969,0.8172520399093628
GER-Bundesliga,2627,FC Cologne,Said El Mala,3,2026,134,13911,F M S,3,170,1,0.9860188513994217,1,0.9860188513994217,0,0.33720248378813267,10,4,0,0,1.9791829828172922,0.8675533086061478
GER-Bundesliga,2627,FC Cologne,Sebastian Sebulonsen,3,2026,134,13908,S,1,23,0,0.0,0,0.0,0,0.0,0,0,0,0,0.0,0.0
GER-Bundesliga,2627,FC Cologne,Thijs Dallinga,3,2026,134,10794,F S,3,156,2,2.2601040601730347,2,1.5023273527622223,0,0.4180562198162079,9,2,0,0,2.211319275200367,0.5347824729979038
GER-Bundesliga,2627,FC Cologne,Tom Krauß,3,2026,134,8092,M,4,353,0,0.7660700418055058,0,0.7660700418055058,0,0.17702239379286766,5,4,1,0,1.9256696999073029,1.1467850944027305
GER-Bundesliga,2627,FC Cologne,Ísak Bergmann Jóhannesson,3,2026,134,13910,M S,4,224,0,0.16956905461847782,0,0.16956905461847782,0,0.7131457533687353,4,5,1,0,2.507131189107895,2.2380862534046173
GER-Bundesliga,2627,Freiburg,Berkay Yilmaz,3,2026,135,15003,S,1,7,0,0.0,0,0.0,0,0.0,0,0,0,0,0.0,0.0
GER-Bundesliga,2627,Freiburg,Cyriaque Irié,3,2026,135,13864,S,2,50,0,0.13256940804421902,0,0.13256940804421902,0,0.0,2,0,1,0,0.23772617056965828,0.10515676811337471
GER-Bundesliga,2627,Freiburg,Derry Scherhant,3,2026,135,10860,M,4,306,1,0.6429601684212685,1,0.6429601684212685,2,0.77114138007164,12,9,0,0,0.996938556432724,0.32476239651441574
GER-Bundesliga,2627,Freiburg,Igor Matanovic,3,2026,135,12953,F,4,329,3,1.4487913772463799,3,1.4487913772463799,1,0.8138673678040504,15,4,0,0,2.3857316076755524,0.2576732486486435
GER-Bundesliga,2627,Freiburg,Jan-Niklas Beste,3,2026,135,11982,M,4,278,0,0.19048653915524483,0,0.19048653915524483,1,1.636101834475994,4,7,0,0,1.343311509117484,1.0700284838676453
GER-Bundesliga,2627,Freiburg,Jordy Makengo,3,2026,135,12070,D,4,360,0,0.12775016576051712,0,0.12775016576051712,2,0.8626959696412086,2,3,0,0,1.8712870702147484,1.5907012894749641
GER-Bundesliga,2627,Freiburg,Keisuke Goto,3,2026,135,15002,S,4,31,0,0.0,0,0.0,0,0.1793859601020813,0,2,1,0,0.1793859601020813,0.10292182117700577
GER-Bundesliga,2627,Freiburg,Lucas Höler,3,2026,135,6475,S,3,32,0,0.472008615732193,0,0.472008615732193,0,0.05832602083683014,1,2,1,0,0.6332564577460289,0.13160025514662266
GER-Bundesliga,2627,Freiburg,Lukas Kübler,3,2026,135,5263,D S,4,109,0,0.05732882767915726,0,0.05732882767915726,0,0.02908160351216793,2,1,0,0,0.18853119388222694,0.14001356437802315
GER-Bundesliga,2627,Freiburg,Matthias Ginter,3,2026,135,315,D,4,360,0,0.7122485972940922,0,0.7122485972940922,3,0.8027232103049755,9,8,0,0,1.3125544264912605,1.1366237625479698
GER-Bundesliga,2627,Freiburg,Max Rosenfelder,3,2026,135,12626,S,1,20,0,0.0,0,0.0,0,0.0,0,0,0,0,0.0,0.0
GER-Bundesliga,2627,Freiburg,Maximilian Eggestein,3,2026,135,125,M,4,360,2,1.0633641369640827,2,1.0633641369640827,0,0.15501922741532326,9,3,0,0,3.0359547436237335,2.222641870379448
GER-Bundesliga,2627,Freiburg,Mio Backhaus,3,2026,135,12925,GK,4,360,0,0.0,0,0.0,0,0.25613707304000854,0,1,1,0,0.5999017879366875,0.3437647148966789
GER-Bundesliga,2627,Freiburg,Philipp Lienhart,3,2026,135,2611,D,4,340,0,0.03931131958961487,0,0.03931131958961487,0,0.15278955921530724,1,3,1,0,1.2679974138736725,1.2084659039974213
GER-Bundesliga,2627,Freiburg,Philipp Treu,3,2026,135,12976,D S,4,283,0,0.037383709102869034,0,0.037383709102869034,0,0.1603676676750183,1,2,0,0,1.2135591190308332,1.077112777158618
GER-Bundesliga,2627,Freiburg,Vincenzo Grifo,3,2026,135,5266,S,3,54,0,0.05948646925389767,0,0.05948646925389767,0,0.4993942230939865,2,2,0,0,1.408216953277588,0.8907598555088043
GER-Bundesliga,2627,Freiburg,Yannick Engelhardt,3,2026,135,10497,M,4,353,2,1.0842758491635323,2,1.0842758491635323,0,0.0180628951638937,8,1,1,0,1.6406834535300732,1.410199737176299
GER-Bundesliga,2627,Freiburg,Yuito Suzuki,3,2026,135,11354,M,4,328,4,2.633862853050232,4,2.633862853050232,0,0.34822438657283783,8,8,1,0,3.407226860523224,1.1145900711417198
GER-Bundesliga,2627,Hamburger SV,Albert Grønbæk,3,2026,118,12880,M,4,339,0,0.06882294081151485,0,0.06882294081151485,2,1.199075311422348,3,6,1,0,0.8108651526272297,0.4346201755106449
GER-Bundesliga,2627,Hamburger SV,Albert Sambi Lokonga,3,2026,118,9689,M,3,260,0,0.028508149087429047,0,0.028508149087429047,0,0.29316794872283936,1,2,1,0,0.7736875414848328,0.46999025344848633
GER-Bundesliga,2627,Hamburger SV,Bakery Jatta,3,2026,118,5225,D S,3,96,0,0.0,0,0.0,0,0.0,0,0,0,0,0.39376845955848694,0.39376845955848694
GER-Bundesliga,2627,Hamburger SV,Bilal Nadir,3,2026,118,9673,M S,2,53,0,0.0,0,0.0,0,0.0,0,0,0,0,0.0,0.0
GER-Bundesliga,2627,Hamburger SV,Daniel Heuer Fernandes,3,2026,118,5283,GK,4,360,0,0.0,0,0.0,0,0.014214251190423965,0,1,0,0,0.6791879311203957,0.6649736799299717
GER-Bundesliga,2627,Hamburger SV,David Møller Wolfe,3,2026,118,13740,D,3,254,0,0.19517899304628372,0,0.19517899304628372,0,0.5311954468488693,4,2,0,0,1.1382659524679184,0.5423443764448166
GER-Bundesliga,2627,Hamburger SV,Fábio Vieira,3,2026,118,11007,M S,3,148,0,0.16667376458644867,0,0.16667376458644867,0,0.41767120361328125,5,2,0,0,0.4969450645148754,0.15899613127112389
GER-Bundesliga,2627,Hamburger SV,Jordan Torunarigha,3,2026,118,5238,D,4,311,0,0.0,0,0.0,0,0.0,0,0,0,0,0.9587803035974503,0.9587803035974503
GER-Bundesliga,2627,Hamburger SV,Louis Lemke,3,2026,118,14398,D S,3,106,0,0.0,0,0.0,0,0.11857932806015015,0,1,0,0,0.2549216002225876,0.13634227216243744
GER-Bundesliga,2627,Hamburger SV,Martin Adeline,3,2026,118,10196,M S,3,117,0,0.0,0,0.0,0,0.0,0,0,0,0,0.0,0.0
GER-Bundesliga,2627,Hamburger SV,Nicolai Remberg,3,2026,118,12937,M,4,360,0,0.099198117852211,0,0.099198117852211,0,0.02664615400135517,3,1,0,0,0.28929319977760315,0.2308003529906273
GER-Bundesliga,2627,Hamburger SV,Nicolás Capaldo,3,2026,118,13923,D,4,360,1,0.6041793078184128,1,0.6041793078184128,0,0.3524010181427002,2,2,1,0,1.2780068516731262,0.9256058633327484
GER-Bundesliga,2627,Hamburger SV,Otto Stange,3,2026,118,13928,S,3,56,0,0.02435583807528019,0,0.02435583807528019,0,0.0,2,0,0,0,0.09877880662679672,0.07442297041416168
GER-Bundesliga,2627,Hamburger SV,Patson Daka,3,2026,118,9738,F M S,4,208,0,1.0846520066261292,0,1.0846520066261292,0,0.0999108636751771,8,4,0,0,1.1588144563138485,0.04541030153632164
GER-Bundesliga,2627,Hamburger SV,Rayan Philippe,3,2026,118,7749,F S,4,70,0,0.08944154530763626,0,0.08944154530763626,0,0.3568686619400978,3,2,0,0,0.44631021842360497,0.0
GER-Bundesliga,2627,Hamburger SV,Sebastiaan Bornauw,3,2026,118,7791,D,2,180,0,0.0,0,0.0,0,0.0,0,0,0,0,0.1412331871688366,0.1412331871688366
GER-Bundesliga,2627,Hamburger SV,Shafiq Nandja,3,2026,118,14551,D S,2,118,0,0.0,0,0.0,0,0.0,0,0,1,0,0.22240658104419708,0.22240658104419708
GER-Bundesliga,2627,Hamburger SV,Terem Igobor Moffi,3,2026,118,8997,F S,4,176,0,0.4068088047206402,0,0.4068088047206402,0,0.04359108954668045,3,1,0,0,0.5785866193473339,0.12818671762943268
GER-Bundesliga,2627,Hamburger SV,Warmed Omari,3,2026,118,9491,D S,2,105,0,0.0,0,0.0,0,0.0,0,0,0,0,0.5016903877258301,0.5016903877258301
GER-Bundesliga,2627,Hamburger SV,Yussuf Poulsen,3,2026,118,5250,F S,3,96,1,1.177872434258461,1,1.177872434258461,0,0.033876676112413406,4,1,0,0,1.2117492109537125,0.0
GER-Bundesliga,2627,Hamburger SV,Zakaria El Ouahdi,3,2026,118,15056,D,3,259,0,0.12818671762943268,0,0.12818671762943268,0,0.028269924223423004,2,1,1,0,0.2358766794204712,0.10768995434045792
GER-Bundesliga,2627,Hoffenheim,Adam Daghim,3,2026,120,14024,M,4,348,2,0.5133925229310989,2,0.5133925229310989,2,2.029114540666342,6,9,0,0,3.509663552045822,1.0917058736085892
GER-Bundesliga,2627,Hoffenheim,Adam Hlozek,3,2026,120,10774,F M,4,279,2,2.0860458612442017,2,2.0860458612442017,0,0.09102935902774334,13,2,0,0,3.2553403303027153,1.078265056014061
GER-Bundesliga,2627,Hoffenheim,Albian Hajdari,3,2026,120,13973,D S,4,312,0,0.04059657733887434,0,0.04059657733887434,0,0.07859635353088379,3,1,1,0,2.5685148537158966,2.449321895837784
GER-Bundesliga,2627,Hoffenheim,Andrej Kramaric,3,2026,120,956,S,4,29,0,0.028484990820288658,0,0.028484990820288658,0,0.0,1,0,1,0,0.9346228279173374,0.9346228279173374
GER-Bundesliga,2627,Hoffenheim,Bambasé Conté,3,2026,120,10427,F M S,4,254,0,1.028753936290741,0,1.028753936290741,2,0.5919987633824348,9,7,0,0,1.8964296281337738,0.8622527606785297
GER-Bundesliga,2627,Hoffenheim,Bernardo,3,2026,120,5245,D,1,54,0,0.0,0,0.0,0,0.0,0,0,0,0,0.031997036188840866,0.031997036188840866
GER-Bundesliga,2627,Hoffenheim,Fisnik Asllani,3,2026,120,10113,S,2,12,0,0.6182719022035599,0,0.6182719022035599,0,0.505211353302002,4,2,0,0,1.1234832853078842,0.0
GER-Bundesliga,2627,Hoffenheim,Koki Machida,3,2026,120,13859,D S,2,106,0,0.05617454648017883,0,0.05617454648017883,0,0.0,1,0,0,0,0.41568246483802795,0.41568246483802795
GER-Bundesliga,2627,Hoffenheim,Leon Avdullahu,3,2026,120,13861,M,4,350,1,0.056504955515265465,1,0.056504955515265465,0,0.21506721526384354,3,3,0,0,1.4992464482784271,1.442741498351097
GER-Bundesliga,2627,Hoffenheim,Mats Rots,3,2026,120,14978,D S,4,212,0,0.0707176998257637,0,0.0707176998257637,0,0.7324694395065308,3,6,0,0,0.45351172983646393,0.358403742313385
GER-Bundesliga,2627,Hoffenheim,Max Moerstedt,3,2026,120,12470,F S,3,101,0,1.1814613342285156,0,0.42368459701538086,1,0.36911696195602417,3,2,1,0,0.9241341650485992,0.18864572048187256
GER-Bundesliga,2627,Hoffenheim,Nathan De Cat,3,2026,120,14977,S,2,26,0,0.0,0,0.0,0,0.02360278181731701,0,1,0,0,0.4224312901496887,0.39882850646972656
GER-Bundesliga,2627,Hoffenheim,Oliver Baumann,3,2026,120,73,GK,4,360,0,0.0,0,0.0,0,0.0,0,0,0,0,0.5022662356495857,0.5022662356495857
GER-Bundesliga,2627,Hoffenheim,Ozan Kabak,3,2026,120,7376,D,4,352,1,0.5801033191382885,1,0.5801033191382885,0,0.40284591913223267,5,1,2,0,2.8177316188812256,2.4148857593536377
GER-Bundesliga,2627,Hoffenheim,Patrick Wimmer,3,2026,120,9730,M S,4,206,0,0.7077158335596323,0,0.7077158335596323,0,0.9536047279834747,9,5,0,0,1.7471164166927338,0.13036028668284416
GER-Bundesliga,2627,Hoffenheim,Robin Hranác,3,2026,120,13012,S,2,44,0,0.061706677079200745,0,0.061706677079200745,0,0.0,1,0,0,0,0.7651999592781067,0.7651999592781067
GER-Bundesliga,2627,Hoffenheim,Tim Lemperle,3,2026,120,8407,F S,3,203,1,1.3172615300863981,1,1.3172615300863981,0,0.25914200581610203,8,6,0,0,1.8470260053873062,0.28749597631394863
GER-Bundesliga,2627,Hoffenheim,Valentin Gendrey,3,2026,120,7742,S,1,16,0,0.0,0,0.0,0,0.0,0,0,0,0,0.0,0.0
GER-Bundesliga,2627,Hoffenheim,Vladimir Coufal,3,2026,120,8965,D,4,344,0,0.06069133244454861,0,0.06069133244454861,2,0.8162078838795424,2,8,0,0,1.9771411567926407,1.6858607977628708
GER-Bundesliga,2627,Hoffenheim,Wouter Burger,3,2026,120,13860,M,4,352,0,0.31506896391510963,0,0.31506896391510963,0,0.21556629985570908,5,6,3,0,2.0522688180208206,1.5376439727842808
GER-Bundesliga,2627,Mainz 05,Alexander Schwolow,3,2026,125,5262,GK,2,180,0,0.0,0,0.0,0,0.0362512432038784,0,1,1,0,1.9156276285648346,1.8793764412403107
GER-Bundesliga,2627,Mainz 05,Anthony Caci,3,2026,125,6380,D M,4,292,0,0.6956066340208054,0,0.6956066340208054,1,0.7637418881058693,4,5,1,0,2.715879276394844,1.7760195061564445
GER-Bundesliga,2627,Mainz 05,Benedict Hollerbach,3,2026,125,11981,S,1,13,0,0.5253418684005737,0,0.5253418684005737,0,0.0,2,0,0,0,0.5663529634475708,0.0786379724740982
GER-Bundesliga,2627,Mainz 05,Danny da Costa,3,2026,125,249,D S,4,142,1,0.7935880720615387,1,0.7935880720615387,0,0.2089899405837059,6,4,0,0,0.7795591577887535,0.6375843584537506
GER-Bundesliga,2627,Mainz 05,Dominik Kohr,3,2026,125,269,D,1,81,0,0.02077428810298443,0,0.02077428810298443,0,0.0,1,0,0,0,0.31619301438331604,0.29541870951652527
GER-Bundesliga,2627,Mainz 05,Eric Martel,3,2026,125,9053,S,1,19,1,0.5054328441619873,1,0.5054328441619873,0,0.0,1,0,0,0,0.019894711673259735,0.019894711673259735
GER-Bundesliga,2627,Mainz 05,Fabio Gruber,3,2026,125,14951,D,4,360,0,0.14495236612856388,0,0.14495236612856388,0,0.04734119027853012,2,1,0,0,2.1403024941682816,2.1403024941682816
GER-Bundesliga,2627,Mainz 05,Jae-Sung Lee,3,2026,125,9783,M,4,278,0,0.3797813653945923,0,0.3797813653945923,1,0.7495578825473785,4,6,0,0,1.6062872186303139,1.1215978190302849
GER-Bundesliga,2627,Mainz 05,Kacper Potulski,3,2026,125,14187,D S,4,279,0,0.5402565337717533,0,0.5402565337717533,0,0.11317981779575348,3,1,1,0,1.5819704085588455,1.4687905944883823
GER-Bundesliga,2627,Mainz 05,Kaishu Sano,3,2026,125,12918,M,4,359,0,0.11915659345686436,0,0.11915659345686436,2,1.0834964849054813,4,7,0,0,2.603793144226074,2.052339479327202
GER-Bundesliga,2627,Mainz 05,Lennard Maloney,3,2026,125,10071,S,2,2,0,0.0,0,0.0,0,0.0,0,0,0,0,0.3666863441467285,0.3666863441467285
GER-Bundesliga,2627,Mainz 05,Nadiem Amiri,3,2026,125,82,M,4,358,0,1.506779134273529,0,0.7490024715662003,0,0.9580308347940445,7,14,0,0,2.3783790171146393,1.493487611413002
GER-Bundesliga,2627,Mainz 05,Otto Ruoppi,3,2026,125,14952,S,3,24,0,0.0,0,0.0,1,0.0598902702331543,0,1,0,0,0.0770183838903904,0.0171281136572361
GER-Bundesliga,2627,Mainz 05,Philipp Mwene,3,2026,125,7106,D M,4,347,1,1.0668429806828499,1,1.0668429806828499,1,0.4040522500872612,4,3,3,0,2.4478605538606644,1.4009801149368286
GER-Bundesliga,2627,Mainz 05,Phillip Tietz,3,2026,125,11845,F,4,360,4,3.051765114068985,4,3.051765114068985,0,0.5592273399233818,16,4,0,0,4.90590512752533,1.9168154262006283
GER-Bundesliga,2627,Mainz 05,Rael Nakuzola,3,2026,125,14953,S,2,14,0,0.018747704103589058,0,0.018747704103589058,0,0.4877149760723114,1,1,0,0,0.5064626932144165,0.0
GER-Bundesliga,2627,Mainz 05,Ransford Königsdörffer,3,2026,125,13925,S,4,91,1,0.6308956369757652,1,0.6308956369757652,0,0.07339905947446823,5,1,1,0,1.1660413593053818,0.5351457521319389
GER-Bundesliga,2627,Mainz 05,Robin Zentner,3,2026,125,449,GK,2,180,0,0.0,0,0.0,0,0.0,0,0,0,0,0.08424865454435349,0.08424865454435349
GER-Bundesliga,2627,Mainz 05,Sheraldo Becker,3,2026,125,7882,F,4,297,2,0.9776402562856674,2,0.9776402562856674,3,2.46195051074028,12,6,1,0,3.4754765555262566,0.06222083419561386
GER-Bundesliga,2627,Mainz 05,Silvan Widmer,3,2026,125,1139,S,1,16,0,0.0,0,0.0,0,0.3273041844367981,0,1,0,0,0.3273041844367981,0.0
GER-Bundesliga,2627,Mainz 05,Stefan Posch,3,2026,125,5329,D,3,269,0,0.033579335547983646,0,0.033579335547983646,0,0.09979445487260818,2,1,1,0,2.104218453168869,2.091192811727524
GER-Bundesliga,2627,Paderborn,Clemens Lippmann,3,2026,205,14962,S,2,21,0,0.020414041355252266,0,0.020414041355252266,0,0.0,1,0,0,0,0.020414041355252266,0.0
GER-Bundesliga,2627,Paderborn,Felix Götze,3,2026,205,5305,S,1,15,0,0.0,0,0.0,0,0.0,0,0,0,0,0.0,0.0
GER-Bundesliga,2627,Paderborn,Gabriel Vidovic,3,2026,205,10558,F M,4,323,0,0.06113043054938316,0,0.06113043054938316,0,0.03962893225252628,1,2,0,0,0.4765741005539894,0.4369451738893986
GER-Bundesliga,2627,Paderborn,Jano ter Horst,3,2026,205,14955,D,4,353,0,0.05829191207885742,0,0.05829191207885742,0,0.06408042553812265,2,2,1,0,0.43093374371528625,0.3513798341155052
GER-Bundesliga,2627,Paderborn,Jonah Sticker,3,2026,205,14961,S,3,48,0,0.0,0,0.0,1,0.30636173486709595,0,1,0,0,0.3504971079528332,0.04413537308573723
GER-Bundesliga,2627,Paderborn,Laurin Curda,3,2026,205,14957,D M,4,340,0,0.40032191947102547,0,0.40032191947102547,1,0.8886681497097015,4,7,1,0,1.7295066565275192,0.5530888810753822
GER-Bundesliga,2627,Paderborn,Laurin Ulrich,3,2026,205,11228,M,4,321,0,0.22970681823790073,0,0.22970681823790073,0,0.4028998501598835,5,6,1,0,1.4146699905395508,1.0201998874545097
GER-Bundesliga,2627,Paderborn,Luka Djuric,3,2026,205,13416,S,1,10,0,0.0,0,0.0,0,0.0,0,0,0,0,0.0,0.0
GER-Bundesliga,2627,Paderborn,Marvin Pieringer,3,2026,205,11856,F,4,309,0,0.2938708895817399,0,0.2938708895817399,0,0.4571232497692108,5,4,0,0,1.54450773447752,0.8539901189506054
GER-Bundesliga,2627,Paderborn,Mattes Hansen,3,2026,205,14954,D,4,326,0,0.025627419352531433,0,0.025627419352531433,0,0.059023018926382065,2,1,1,0,0.44687607139348984,0.3735906556248665
GER-Bundesliga,2627,Paderborn,Nahuel Nicolas Noll,3,2026,205,9546,GK,4,360,0,0.0,0,0.0,0,0.0,0,0,0,0,1.0114260017871857,1.0114260017871857
GER-Bundesliga,2627,Paderborn,Niklas Mohr,3,2026,205,14963,S,1,1,0,0.0,0,0.0,0,0.0,0,0,0,0,0.04413537308573723,0.04413537308573723
GER-Bundesliga,2627,Paderborn,Oliver Batista Meier,3,2026,205,8207,S,2,35,0,0.037809934467077255,0,0.037809934467077255,0,0.011711091734468937,1,1,0,0,0.011711091734468937,0.0
GER-Bundesliga,2627,Paderborn,Raphael Obermair,3,2026,205,5229,D M,4,333,0,0.13034818321466446,0,0.13034818321466446,0,0.1510304920375347,4,4,0,0,0.3925780225545168,0.3042249567806721
GER-Bundesliga,2627,Paderborn,Santiago Castañeda,3,2026,205,14958,M,4,360,1,0.1860274076461792,1,0.1860274076461792,0,0.1073603667318821,5,2,1,0,0.5946526834741235,0.43169206101447344
GER-Bundesliga,2627,Paderborn,Stefano Marino,3,2026,205,14959,F S,4,218,1,0.8155886568129063,1,0.8155886568129063,0,0.09710035286843777,6,2,0,0,1.3174049519002438,0.404715895652771
GER-Bundesliga,2627,Paderborn,Steffen Tigges,3,2026,205,9227,S,4,129,1,0.7254147380590439,1,0.7254147380590439,0,0.04413537308573723,8,1,0,0,0.711114376783371,0.04165190830826759
GER-Bundesliga,2627,Paderborn,Tjark Scheller,3,2026,205,14956,D,4,360,0,0.03365807607769966,0,0.03365807607769966,0,0.041131991893053055,1,1,1,0,0.3548812810331583,0.31374929286539555
GER-Bundesliga,2627,Paderborn,Tom Baack,3,2026,205,14960,S,2,31,0,0.0,0,0.0,0,0.0,0,0,0,0,0.0,0.0
GER-Bundesliga,2627,RasenBallsport Leipzig,Andrija Maksimovic,3,2026,136,13972,S,2,22,0,0.0,0,0.0,1,0.6173021197319031,0,2,0,0,0.6639413945376873,0.046639274805784225
GER-Bundesliga,2627,RasenBallsport Leipzig,Antonio Nusa,3,2026,136,12941,F M,4,347,2,0.4768502749502659,2,0.4768502749502659,2,2.032667726278305,10,7,2,0,2.6659039929509163,0.9538654647767544
GER-Bundesliga,2627,RasenBallsport Leipzig,Arthur Vermeeren,3,2026,136,12392,S,1,6,0,0.07653938233852386,0,0.07653938233852386,0,0.0,1,0,0,0,0.07653938233852386,0.0
GER-Bundesliga,2627,RasenBallsport Leipzig,Assan Ouédraogo,3,2026,136,13191,M,1,34,0,0.018335672095417976,0,0.018335672095417976,0,0.04741467535495758,1,2,0,0,0.023918867111206055,0.023918867111206055
GER-Bundesliga,2627,RasenBallsport Leipzig,Benjamin Henrichs,3,2026,136,435,D S,3,94,0,0.10286641865968704,0,0.10286641865968704,0,0.08370362222194672,2,1,1,0,0.5780687164515257,0.3914986830204725
GER-Bundesliga,2627,RasenBallsport Leipzig,Bote Baku,3,2026,136,6708,D S,4,266,2,0.9826618731021881,2,0.9826618731021881,0,0.04639868438243866,5,1,0,0,2.054943822324276,1.4262244626879692
GER-Bundesliga,2627,RasenBallsport Leipzig,Brajan Gruda,3,2026,136,11310,F M,3,189,0,0.2476232871413231,0,0.2476232871413231,0,0.3401770442724228,5,3,0,0,1.8847643733024597,1.6767805516719818
GER-Bundesliga,2627,RasenBallsport Leipzig,Castello Lukeba,3,2026,136,9511,D,2,166,0,0.018802138045430183,0,0.018802138045430183,0,0.0,1,0,1,0,0.5099984556436539,0.5099984556436539
GER-Bundesliga,2627,RasenBallsport Leipzig,Christopher Nkunku,3,2026,136,3300,F M S,4,255,1,0.9921219795942307,1,0.9921219795942307,1,0.5091090872883797,8,5,0,0,1.9255070090293884,0.5054228901863098
GER-Bundesliga,2627,RasenBallsport Leipzig,Conrad Harder,3,2026,136,14023,S,1,6,0,0.15436570346355438,0,0.15436570346355438,0,0.07653938233852386,2,1,0,0,0.23090508580207825,0.0
GER-Bundesliga,2627,RasenBallsport Leipzig,David Raum,3,2026,136,9724,D,4,360,0,0.1110060103237629,0,0.1110060103237629,0,1.5116061866283417,3,17,0,0,2.4873234555125237,2.4873234555125237
GER-Bundesliga,2627,RasenBallsport Leipzig,Ezechiel Banzuzi,3,2026,136,13851,M,4,335,0,1.2337890788912773,0,1.2337890788912773,1,0.20134242251515388,5,3,0,0,2.254297409206629,1.6435150541365147
GER-Bundesliga,2627,RasenBallsport Leipzig,Johan Bakayoko,3,2026,136,13850,F S,2,82,0,0.03729211911559105,0,0.03729211911559105,0,0.09696994721889496,2,1,0,0,0.18028277158737183,0.06943730264902115
GER-Bundesliga,2627,RasenBallsport Leipzig,Maarten Vandevoordt,3,2026,136,12942,GK,4,360,0,0.0,0,0.0,0,0.0,0,0,0,0,1.3443544413894415,1.3443544413894415
GER-Bundesliga,2627,RasenBallsport Leipzig,Marc Guiu,3,2026,136,11633,S,1,12,0,0.0,0,0.0,0,0.0,0,0,0,0,0.07290723919868469,0.07290723919868469
GER-Bundesliga,2627,RasenBallsport Leipzig,Max Finkgrafe,3,2026,136,11894,S,1,10,0,0.0,0,0.0,0,0.0,0,0,0,0,0.0,0.0
GER-Bundesliga,2627,RasenBallsport Leipzig,Maxime Estève,3,2026,136,9487,D S,3,194,0,0.0,0,0.0,0,0.0,0,0,0,0,1.278792142868042,1.278792142868042
GER-Bundesliga,2627,RasenBallsport Leipzig,Neil El Aynaoui,3,2026,136,12104,M,3,258,0,0.45403603464365005,0,0.45403603464365005,0,0.03221119660884142,7,2,1,0,1.4958306923508644,1.3016382157802582
GER-Bundesliga,2627,RasenBallsport Leipzig,Nicolas Seiwald,3,2026,136,11871,M S,3,199,0,0.0,0,0.0,0,0.02427905611693859,0,1,0,0,1.2477238290011883,1.2477238290011883
GER-Bundesliga,2627,RasenBallsport Leipzig,Rocco Reitz,3,2026,136,8826,M,1,84,1,0.4049224853515625,1,0.4049224853515625,0,0.2427782416343689,2,3,0,0,0.9507325291633606,0.5396168231964111
GER-Bundesliga,2627,RasenBallsport Leipzig,Rômulo,3,2026,136,13852,F S,2,85,1,0.9309727251529694,1,0.9309727251529694,0,0.0,2,0,0,0,0.9685613214969635,0.037588585168123245
GER-Bundesliga,2627,RasenBallsport Leipzig,Samba Konate,3,2026,136,14223,S,2,5,0,0.07290723919868469,0,0.07290723919868469,0,0.0,1,0,0,0,0.07290723919868469,0.0
GER-Bundesliga,2627,RasenBallsport Leipzig,Tidiam Gomis,3,2026,136,13442,F S,4,231,1,1.0850507840514183,1,1.0850507840514183,2,0.6302493028342724,10,6,0,0,2.6561764143407345,1.13478222489357
GER-Bundesliga,2627,RasenBallsport Leipzig,Willi Orban,3,2026,136,5257,D,4,360,1,2.0348567981272936,1,2.0348567981272936,0,0.0,8,0,0,0,2.443290263414383,2.443290263414383
GER-Bundesliga,2627,Schalke 04,Adil Aouchiche,3,2026,124,7980,M,4,334,1,1.1180583387613297,1,1.1180583387613297,0,1.6488009914755821,10,9,0,0,2.1556902825832367,0.40122681111097336
GER-Bundesliga,2627,Schalke 04,Dejan Ljubicic,3,2026,124,9797,D M,3,186,0,0.13972510397434235,0,0.13972510397434235,0,0.5422353148460388,2,1,0,0,0.7324803397059441,0.050519898533821106
GER-Bundesliga,2627,Schalke 04,Edin Dzeko,3,2026,124,1253,F S,3,84,0,0.1366264969110489,0,0.1366264969110489,0,0.0,3,0,0,0,0.10783237218856812,0.03825342282652855
GER-Bundesliga,2627,Schalke 04,Eric Junior Dina Ebimbe,3,2026,124,7562,D S,4,254,0,0.1613595299422741,0,0.1613595299422741,0,0.7842039167881012,3,5,1,0,1.541380375623703,0.6293548345565796
GER-Bundesliga,2627,Schalke 04,Hasan Kuruçay,3,2026,124,15013,D,4,319,0,0.0,0,0.0,0,0.0,0,0,1,0,0.29835126735270023,0.29835126735270023
GER-Bundesliga,2627,Schalke 04,Hee-Chan Hwang,3,2026,124,8845,S,2,27,0,0.09920652955770493,0,0.09920652955770493,1,0.6712437719106674,1,2,0,0,0.8396431803703308,0.06919289380311966
GER-Bundesliga,2627,Schalke 04,Janik Bachmann,3,2026,124,15018,S,1,1,0,0.0,0,0.0,0,0.0,0,0,0,0,0.589418888092041,0.589418888092041
GER-Bundesliga,2627,Schalke 04,Junior Adamu,3,2026,124,12069,F M,2,145,0,1.4240805506706238,0,1.4240805506706238,1,0.8528529107570648,5,3,0,0,2.8804882168769836,1.159718781709671
GER-Bundesliga,2627,Schalke 04,Kenan Karaman,3,2026,124,98,M S,3,176,0,0.23664649575948715,0,0.23664649575948715,0,0.8602993786334991,3,8,0,0,1.8064773380756378,0.8287243247032166
GER-Bundesliga,2627,Schalke 04,Loris Karius,3,2026,124,37,GK,4,360,0,0.0,0,0.0,0,0.0,0,0,1,0,0.2010393999516964,0.2010393999516964
GER-Bundesliga,2627,Schalke 04,Luca Vozar,3,2026,124,15020,S,1,14,0,0.0,0,0.0,0,0.0,0,0,0,0,0.0,0.0
GER-Bundesliga,2627,Schalke 04,Maximilian Wöber,3,2026,124,7366,S,4,76,1,0.589418888092041,1,0.589418888092041,0,0.0,1,0,0,0,0.589418888092041,0.0
GER-Bundesliga,2627,Schalke 04,Mertcan Ayhan,3,2026,124,15017,S,2,26,0,0.0,0,0.0,0,0.0,0,0,0,0,0.0,0.0
GER-Bundesliga,2627,Schalke 04,Moussa Sylla,3,2026,124,6070,F S,3,207,0,1.2578149959445,0,1.2578149959445,0,0.15722836554050446,5,2,0,0,1.0443177595734596,0.228528194129467
GER-Bundesliga,2627,Schalke 04,Nikola Katic,3,2026,124,15012,D,4,347,0,0.512136697769165,0,0.512136697769165,0,0.07215715572237968,1,2,1,0,1.3111874237656593,1.2390302792191505
GER-Bundesliga,2627,Schalke 04,Robin Gosens,3,2026,124,6155,D S,4,247,1,0.348859503865242,1,0.348859503865242,0,0.02990386076271534,4,1,0,0,0.43260495364665985,0.08374545723199844
GER-Bundesliga,2627,Schalke 04,Ron Schallenberg,3,2026,124,15015,M S,2,74,0,0.1489270031452179,0,0.1489270031452179,0,0.0,1,0,0,1,0.0789417251944542,0.0789417251944542
GER-Bundesliga,2627,Schalke 04,Satoshi Tanaka,3,2026,124,15019,M,3,259,0,0.18211190402507782,0,0.18211190402507782,0,0.0,3,0,0,0,0.9886120855808258,0.8065001890063286
GER-Bundesliga,2627,Schalke 04,Soufiane El-Faouzi,3,2026,124,15016,M,4,360,0,0.2203858643770218,0,0.2203858643770218,0,0.3588469699025154,5,3,0,0,1.2242853790521622,0.8877730518579483
GER-Bundesliga,2627,Schalke 04,Timo Becker,3,2026,124,8148,D,4,333,0,0.0,0,0.0,0,0.0,0,0,0,0,1.442761704325676,1.442761704325676
GER-Bundesliga,2627,Schalke 04,Vitalie Becker,3,2026,124,15014,D S,3,105,0,0.0,0,0.0,0,0.015337147749960423,0,1,0,0,0.09716203156858683,0.0818248838186264
GER-Bundesliga,2627,Union Berlin,Aljoscha Kemlein,3,2026,240,11236,M S,4,224,0,0.0,0,0.0,0,0.018616503104567528,0,1,1,0,0.04239218682050705,0.023775683715939522
GER-Bundesliga,2627,Union Berlin,Andras Schafer,3,2026,240,7410,M S,4,205,0,0.08772975206375122,0,0.08772975206375122,0,0.06787660717964172,1,1,0,0,0.15560635924339294,0.0
GER-Bundesliga,2627,Union Berlin,Christopher Trimmel,3,2026,240,7875,D S,2,88,0,0.0,0,0.0,0,0.34111326932907104,0,1,0,0,0.0,0.0
GER-Bundesliga,2627,Union Berlin,Derrick Köhn,3,2026,240,13093,S,2,7,0,0.06060782074928284,0,0.06060782074928284,0,0.0,2,0,0,0,0.014036916196346283,0.0
GER-Bundesliga,2627,Union Berlin,Emmanuel Latte Lath,3,2026,240,1648,F,4,259,1,0.3593292310833931,1,0.3593292310833931,0,0.0,4,0,0,0,0.0,0.0
GER-Bundesliga,2627,Union Berlin,Felix Uduokhai,3,2026,240,6100,D,3,270,0,0.13361996971070766,0,0.13361996971070766,0,0.060745351016521454,2,1,3,0,0.08386845886707306,0.08386845886707306
GER-Bundesliga,2627,Union Berlin,Frederik Rönnow,3,2026,240,7048,GK,3,270,0,0.0,0,0.0,0,0.0,0,0,0,0,0.029316512867808342,0.029316512867808342
GER-Bundesliga,2627,Union Berlin,Janik Haberer,3,2026,240,4271,M S,4,97,0,0.40713786892592907,0,0.40713786892592907,0,0.0,3,0,0,0,0.4487760253250599,0.041638147085905075
GER-Bundesliga,2627,Union Berlin,Josip Juranovic,3,2026,240,11333,D,3,255,0,0.0942979995161295,0,0.0942979995161295,2,0.6440187580883503,4,9,0,0,0.17150212079286575,0.023775683715939522
GER-Bundesliga,2627,Union Berlin,Leopold Querfeld,3,2026,240,12920,D,3,270,1,0.4578149542212486,1,0.4578149542212486,1,0.9684152528643608,3,4,0,0,0.8657841980457306,0.834092766046524
GER-Bundesliga,2627,Union Berlin,Livan Burcu,3,2026,240,14177,M S,4,177,0,0.05629624053835869,0,0.05629624053835869,0,0.0,2,1,1,0,0.14522885158658028,0.1214531697332859
GER-Bundesliga,2627,Union Berlin,Marin Ljubicic,3,2026,240,13428,F S,3,222,0,0.2262796089053154,0,0.2262796089053154,0,0.07110818475484848,4,1,1,0,0.3899559825658798,0.1025058850646019
GER-Bundesliga,2627,Union Berlin,Matheo Raab,3,2026,240,13867,GK,1,90,0,0.0,0,0.0,0,0.0,0,0,0,0,0.0,0.0
GER-Bundesliga,2627,Union Berlin,Michel Aebischer,3,2026,240,10383,M,4,310,0,0.18359371274709702,0,0.18359371274709702,0,0.2493431232869625,5,4,1,0,0.31411660835146904,0.009937700815498829
GER-Bundesliga,2627,Union Berlin,Rani Khedira,3,2026,240,5251,M,4,360,0,0.0,0,0.0,0,0.07869718968868256,0,1,1,0,0.07826614379882812,0.07826614379882812
GER-Bundesliga,2627,Union Berlin,Robert Skov,3,2026,240,7867,S,1,1,0,0.0,0,0.0,0,0.05509573593735695,0,1,0,0,0.5477578043937683,0.5477578043937683
GER-Bundesliga,2627,Union Berlin,Tim Skarke,3,2026,240,10926,S,4,101,2,1.6857146508991718,2,1.6857146508991718,0,0.499706057831645,6,4,0,0,1.354127872735262,0.07110818475484848
GER-Bundesliga,2627,Union Berlin,Tom Rothe,3,2026,240,10550,D,4,360,0,0.9619093798100948,0,0.9619093798100948,1,0.6966424882411957,6,3,0,0,0.8702600877732038,0.10815398208796978
GER-Bundesliga,2627,Union Berlin,Woo-Yeong Jeong,3,2026,240,7267,F M S,4,199,0,0.27069395035505295,0,0.27069395035505295,0,0.6054920069873333,6,4,0,0,0.39692816510796547,0.023775683715939522
GER-Bundesliga,2627,Union Berlin,Zeno Van den Bosch,3,2026,240,14970,D S,3,197,0,0.0,0,0.0,0,0.08266839385032654,0,2,2,0,0.023775683715939522,0.0
GER-Bundesliga,2627,VfB Stuttgart,Angelo Stiller,3,2026,133,9725,M,4,303,0,0.049410708248615265,0,0.049410708248615265,0,0.08559822663664818,1,3,1,0,0.7401722818613052,0.654574066400528
GER-Bundesliga,2627,VfB Stuttgart,Bilal El Khannouss,3,2026,133,13020,M S,4,198,1,0.34807010740041733,1,0.34807010740041733,0,0.709451787173748,6,3,0,0,1.4265911132097244,0.5869610458612442
GER-Bundesliga,2627,VfB Stuttgart,Chema Andres,3,2026,133,13078,S,1,1,0,0.0,0,0.0,0,0.0,0,0,0,0,0.0,0.0
GER-Bundesliga,2627,VfB Stuttgart,Chris Führich,3,2026,133,6449,D M,3,205,0,0.0,0,0.0,0,0.8422233909368515,0,5,0,0,1.1571136638522148,0.4374128505587578
GER-Bundesliga,2627,VfB Stuttgart,Deniz Undav,3,2026,133,10804,M S,4,230,0,0.18584731221199036,0,0.18584731221199036,0,0.09228979796171188,2,3,0,0,0.7496077790856361,0.5466323718428612
GER-Bundesliga,2627,VfB Stuttgart,Dzenan Pejcinovic,3,2026,133,11227,F M S,4,269,0,1.915450967848301,0,1.915450967848301,0,0.10331584513187408,9,3,0,0,2.1295631770044565,0.2672837506979704
GER-Bundesliga,2627,VfB Stuttgart,Ermedin Demirovic,3,2026,133,6496,F M S,4,206,1,1.4139789529144764,1,1.4139789529144764,0,0.29608389735221863,8,1,1,0,1.7257924750447273,0.05134802684187889
GER-Bundesliga,2627,VfB Stuttgart,Fabian Bredlow,3,2026,133,7030,GK,4,360,0,0.0,0,0.0,0,0.0,0,0,0,0,0.40995505452156067,0.40995505452156067
GER-Bundesliga,2627,VfB Stuttgart,Finn Jeltsch,3,2026,133,13426,D,4,360,0,0.8386916518211365,0,0.8386916518211365,1,0.4616779088973999,6,4,1,0,1.073870301246643,0.7132302522659302
GER-Bundesliga,2627,VfB Stuttgart,Grischa Prömel,3,2026,133,4340,M,4,355,1,0.5735162794589996,1,0.5735162794589996,0,0.09460119903087616,9,2,1,0,1.4661411195993423,0.9495081305503845
GER-Bundesliga,2627,VfB Stuttgart,Jamie Leweling,3,2026,133,9718,S,4,76,0,0.0,0,0.0,0,0.03561849147081375,0,1,0,0,0.5228304341435432,0.5228304341435432
GER-Bundesliga,2627,VfB Stuttgart,Joshua Vagnoman,3,2026,133,6626,D,4,356,2,0.8082106709480286,2,0.8082106709480286,1,0.5980321392416954,6,7,0,0,2.042500138282776,0.6841587424278259
GER-Bundesliga,2627,VfB Stuttgart,Julian Chabot,3,2026,133,7937,D,4,345,0,0.6891054213047028,0,0.6891054213047028,0,0.0,5,0,1,0,1.2703743129968643,1.0247065350413322
GER-Bundesliga,2627,VfB Stuttgart,Leo Sauer,3,2026,133,15034,S,3,21,0,0.19672030210494995,0,0.19672030210494995,0,0.0,2,0,0,0,0.19672030210494995,0.0
GER-Bundesliga,2627,VfB Stuttgart,Leonidas Stergiou,3,2026,133,11975,S,1,15,0,0.0,0,0.0,0,0.0,0,0,0,0,0.0,0.0
GER-Bundesliga,2627,VfB Stuttgart,Maximilian Mittelstädt,3,2026,133,419,D,4,348,1,0.46304914727807045,1,0.46304914727807045,1,2.1613057255744934,5,14,1,0,2.1670867204666138,1.0327541083097458
GER-Bundesliga,2627,VfB Stuttgart,Nikolas Nartey,3,2026,133,6415,S,1,5,0,0.0,0,0.0,0,0.0,0,0,0,0,0.20548903942108154,0.20548903942108154
GER-Bundesliga,2627,VfB Stuttgart,Ramon Hendriks,3,2026,133,12927,D S,3,188,0,0.0,0,0.0,0,0.07002223283052444,0,1,0,0,0.4067061319947243,0.4067061319947243
GER-Bundesliga,2627,VfB Stuttgart,Tiago Tomás,3,2026,133,10367,F,1,63,0,0.649919867515564,0,0.649919867515564,0,0.0,2,0,0,0,0.747579038143158,0.09765917807817459
GER-Bundesliga,2627,VfB Stuttgart,Yanik Spalt,3,2026,133,15035,S,2,57,0,0.0,0,0.0,0,0.0,0,0,0,0,0.0211295448243618,0.0211295448243618
GER-Bundesliga,2627,Werder Bremen,Amos Pieper,3,2026,123,7320,D,4,351,0,0.16363351698964834,0,0.16363351698964834,0,0.01564917340874672,4,1,0,0,1.3184840232133865,1.3028503209352493
GER-Bundesliga,2627,Werder Bremen,Arthur,3,2026,123,11868,D,3,243,0,0.0,0,0.0,0,0.052545685321092606,0,1,1,0,0.8115950897336006,0.759049404412508
GER-Bundesliga,2627,Werder Bremen,Cedric Itten,3,2026,123,9954,S,3,48,0,0.05741351470351219,0,0.05741351470351219,0,0.06728046387434006,1,1,0,0,0.12469397857785225,0.0
GER-Bundesliga,2627,Werder Bremen,Chuki,3,2026,123,12896,F M,4,356,0,0.6855998039245605,0,0.6855998039245605,2,1.252057135105133,7,8,1,0,2.376450330018997,1.243203580379486
GER-Bundesliga,2627,Werder Bremen,Dariusz Stalmach,3,2026,123,15005,S,3,65,1,0.38375362753868103,1,0.38375362753868103,0,0.05741351470351219,1,1,0,0,0.05741351470351219,0.0
GER-Bundesliga,2627,Werder Bremen,Eren Sami Dinkci,3,2026,123,9201,F M S,4,229,1,0.741040475666523,1,0.741040475666523,0,0.0,5,0,0,0,1.303636685013771,0.6604270935058594
GER-Bundesliga,2627,Werder Bremen,Justin Njinmah,3,2026,123,10585,F,1,62,0,0.032791465520858765,0,0.032791465520858765,0,0.0,1,0,0,0,0.09314121305942535,0.09314121305942535
GER-Bundesliga,2627,Werder Bremen,Karl Hein,3,2026,123,9692,GK,4,360,0,0.0,0,0.0,0,0.05015970766544342,0,1,0,0,0.3382784500718117,0.28811874240636826
GER-Bundesliga,2627,Werder Bremen,Ludovit Reis,3,2026,123,15004,M,4,328,0,0.31720829010009766,0,0.31720829010009766,0,0.09314121305942535,5,1,1,0,1.1723495498299599,0.8964098021388054
GER-Bundesliga,2627,Werder Bremen,Marco Friedl,3,2026,123,5340,D,4,360,0,0.07081012986600399,0,0.07081012986600399,0,0.07595549523830414,2,1,0,0,1.2610818445682526,1.1851263493299484
GER-Bundesliga,2627,Werder Bremen,Marco Grüll,3,2026,123,12924,D F M,4,356,2,0.8733147978782654,2,0.8733147978782654,3,0.8111602813005447,10,9,1,0,1.144240364432335,0.4697355180978775
GER-Bundesliga,2627,Werder Bremen,Mick Schmetgens,3,2026,123,13422,D S,4,118,0,0.0,0,0.0,0,0.0,0,0,0,0,0.06728046387434006,0.06728046387434006
GER-Bundesliga,2627,Werder Bremen,Mitchell Weiser,3,2026,123,28,S,2,25,1,0.37130007147789,1,0.37130007147789,0,0.0,2,0,0,0,0.37130007147789,0.0
GER-Bundesliga,2627,Werder Bremen,Niclas Füllkrug,3,2026,123,6098,F,4,312,3,1.539030684158206,3,1.539030684158206,0,0.5970743000507355,11,6,0,0,2.14837346971035,0.9273220002651215
GER-Bundesliga,2627,Werder Bremen,Olivier Deman,3,2026,123,12028,D,4,360,0,0.099922314286232,0,0.099922314286232,0,0.39687928557395935,3,2,1,0,1.4823695719242096,1.3824472725391388
GER-Bundesliga,2627,Werder Bremen,Oskar Wójcik,3,2026,123,15043,S,1,9,0,0.0,0,0.0,0,0.0,0,0,0,0,0.0,0.0
GER-Bundesliga,2627,Werder Bremen,Patrice Covic,3,2026,123,13291,S,1,4,0,0.02579394541680813,0,0.02579394541680813,0,0.0,1,0,0,0,0.0,0.0
GER-Bundesliga,2627,Werder Bremen,Paul Erevbenagie,3,2026,123,15007,S,2,25,0,0.07394149899482727,0,0.07394149899482727,0,0.0,1,0,0,0,0.07394149899482727,0.0
GER-Bundesliga,2627,Werder Bremen,Salim Musah,3,2026,123,14481,S,3,42,0,0.0,0,0.0,0,0.0,0,0,0,0,0.0,0.0
GER-Bundesliga,2627,Werder Bremen,Senne Lynen,3,2026,123,11835,M,1,47,0,0.0,0,0.0,0,0.0,0,0,0,0,0.0,0.0
GER-Bundesliga,2627,Werder Bremen,Youri Regeer,3,2026,123,15041,M,3,261,0,0.011924982070922852,0,0.011924982070922852,0,0.3736589178442955,1,6,0,0,1.027424931526184,0.9435057789087296
ITA-Serie A,2627,AC Milan,Adrien Rabiot,2,2026,111,3291,M S,5,306,2,0.9657443966716528,2,0.9657443966716528,2,0.36153409257531166,4,3,0,0,2.940570404753089,2.029208768159151
ITA-Serie A,2627,AC Milan,Alexis Saelemaekers,2,2026,111,8297,M S,4,185,0,0.1645718738436699,0,0.1645718738436699,1,1.4294666908681393,2,4,0,0,3.0812289714813232,1.48719035461545
ITA-Serie A,2627,AC Milan,Alphadjo Cissè,2,2026,111,11418,M S,4,233,2,0.48052114248275757,2,0.48052114248275757,0,0.13588019646704197,7,2,1,0,1.1007331311702728,0.4952341616153717
ITA-Serie A,2627,AC Milan,Ardon Jashari,2,2026,111,13895,M S,3,74,0,0.5152838826179504,0,0.5152838826179504,0,0.1351461261510849,1,2,0,0,1.0079005360603333,0.4507104344666004
ITA-Serie A,2627,AC Milan,Christian Pulisic,2,2026,111,2662,M S,2,111,1,0.45562365651130676,1,0.45562365651130676,1,1.2596366703510284,3,6,1,0,1.8212746977806091,1.052600383758545
ITA-Serie A,2627,AC Milan,Davide Bartesaghi,2,2026,111,11967,D S,3,128,0,0.0,0,0.0,0,0.7021367847919464,0,4,0,0,1.2717610597610474,0.7106921672821045
ITA-Serie A,2627,AC Milan,Diego Moreira,2,2026,111,11978,D S,3,127,3,0.8720810413360596,3,0.8720810413360596,0,0.0,5,0,0,0,1.5681852120906115,0.6961041409522295
ITA-Serie A,2627,AC Milan,Estupiñán,2,2026,111,5136,D S,5,281,0,0.4185331529006362,0,0.4185331529006362,0,0.07241871953010559,5,2,1,0,1.2272895760834217,1.0630115512758493
ITA-Serie A,2627,AC Milan,Filippo Terracciano,2,2026,111,8512,S,1,1,0,0.0,0,0.0,0,0.0,0,0,0,0,0.0,0.0
ITA-Serie A,2627,AC Milan,Francesco Camarda,2,2026,111,12218,S,2,6,0,0.0,0,0.0,0,0.0,0,0,0,0,0.0,0.0
ITA-Serie A,2627,AC Milan,Gonçalo Ramos,2,2026,111,11767,F,5,447,1,2.329848550260067,1,2.329848550260067,1,0.6264547053724527,14,4,0,0,4.211195493116975,1.3178513273596764
ITA-Serie A,2627,AC Milan,Koni de Winter,2,2026,111,9964,D,5,450,0,0.8317001778632402,0,0.8317001778632402,0,0.0,4,0,1,0,2.8590860087424517,2.8590860087424517
ITA-Serie A,2627,AC Milan,Luka Modric,2,2026,111,2250,M S,5,320,0,0.0,0,0.0,0,0.531991982832551,0,5,0,0,2.2477651573717594,2.2477651573717594
ITA-Serie A,2627,AC Milan,Mario Gila,2,2026,111,10577,D,5,436,0,0.7065239548683167,0,0.7065239548683167,0,0.20620473846793175,1,4,1,0,2.605908812955022,2.5595793146640062
ITA-Serie A,2627,AC Milan,Matteo Gabbia,2,2026,111,4920,S,2,15,0,0.0,0,0.0,0,0.0,0,0,0,0,0.0,0.0
ITA-Serie A,2627,AC Milan,Mike Maignan,2,2026,111,3737,GK,5,450,0,0.0,0,0.0,0,0.0,0,0,0,0,0.6684796120971441,0.6684796120971441
ITA-Serie A,2627,AC Milan,Omari Hutchinson,2,2026,111,10348,S,1,11,0,0.017888696864247322,0,0.017888696864247322,0,0.0,1,0,0,0,0.0,0.0
ITA-Serie A,2627,AC Milan,Ruben Loftus-Cheek,2,2026,111,688,M S,5,213,0,0.29181291721761227,0,0.29181291721761227,0,1.1892626285552979,5,8,1,0,1.0014086030423641,0.3415125645697117
ITA-Serie A,2627,AC Milan,Samuel Chukwueze,2,2026,111,7208,D S,5,383,0,0.3841381464153528,0,0.3841381464153528,2,1.4348900131881237,6,10,0,0,3.597878973931074,2.146266520023346
ITA-Serie A,2627,AC Milan,Strahinja Pavlovic,2,2026,111,8642,D,5,450,0,0.7046370208263397,0,0.7046370208263397,1,0.294793963432312,5,1,2,0,3.645444305613637,3.0421646554023027
ITA-Serie A,2627,AC Milan,Yunus Musah,2,2026,111,8771,M S,5,326,0,0.6009324789047241,0,0.6009324789047241,0,0.028464097529649734,1,1,0,0,1.1583074033260345,1.1583074033260345
ITA-Serie A,2627,Atalanta,Charles De Ketelaere,2,2026,107,10877,F S,5,355,0,0.11861215531826019,0,0.11861215531826019,1,0.9621261917054653,2,10,0,0,1.3498834185302258,0.5740911327302456
ITA-Serie A,2627,Atalanta,Davide Zappacosta,2,2026,107,1178,D S,3,196,0,0.07520599663257599,0,0.07520599663257599,0,0.0,2,0,0,0,0.36986441910266876,0.2946584224700928
ITA-Serie A,2627,Atalanta,Eljif Elmas,2,2026,107,7912,F S,4,112,0,0.0,0,0.0,0,0.016938289627432823,0,1,0,0,0.016938289627432823,0.016938289627432823
ITA-Serie A,2627,Atalanta,Franck Kessié,2,2026,107,1489,M S,3,170,0,0.5844284892082214,0,0.5844284892082214,0,0.07733724266290665,3,2,1,0,1.2030409276485443,0.6020414233207703
ITA-Serie A,2627,Atalanta,Giacomo Raspadori,2,2026,107,7500,F S,4,179,1,0.4085751324892044,1,0.4085751324892044,0,0.14402128383517265,8,3,0,0,0.5911489296704531,0.2826691586524248
ITA-Serie A,2627,Atalanta,Gianluca Gaetano,2,2026,107,7507,M S,4,287,0,0.010919957421720028,0,0.010919957421720028,1,0.14398373663425446,1,2,0,1,0.250651640817523,0.09574795328080654
ITA-Serie A,2627,Atalanta,Gianluca Scamacca,2,2026,107,6253,F S,5,263,1,0.33759793266654015,1,0.33759793266654015,0,0.24876223877072334,6,4,0,0,0.8134704381227493,0.3026122711598873
ITA-Serie A,2627,Atalanta,Giorgio Scalvini,2,2026,107,9107,D,5,450,0,0.0283904280513525,0,0.0283904280513525,0,0.0,1,0,0,0,0.7577301068231463,0.7577301068231463
ITA-Serie A,2627,Atalanta,Jonathan Rowe,2,2026,107,10172,F S,3,201,0,0.7635890319943428,0,0.7635890319943428,0,0.08468903601169586,7,2,0,0,0.4962327927350998,0.19398310780525208
ITA-Serie A,2627,Atalanta,Lazar Samardzic,2,2026,107,8341,M S,5,258,1,0.6140834158286452,1,0.6140834158286452,0,0.3305095490068197,10,7,0,0,0.9916930077597499,0.39192086458206177
ITA-Serie A,2627,Atalanta,Lorenzo Bernasconi,2,2026,107,11520,D S,3,183,0,0.039150670170784,0,0.039150670170784,0,0.05410020239651203,1,2,0,0,0.40186724811792374,0.34517302364110947
ITA-Serie A,2627,Atalanta,Marco Carnesecchi,2,2026,107,8871,GK,5,450,0,0.0,0,0.0,0,0.0,0,0,0,0,0.4673662520945072,0.4673662520945072
ITA-Serie A,2627,Atalanta,Mario Pasalic,2,2026,107,1134,M S,4,177,0,0.0,0,0.0,0,0.07803340256214142,0,2,0,0,0.36508289724588394,0.2870494909584522
ITA-Serie A,2627,Atalanta,Nicola Zalewski,2,2026,107,9036,F S,3,118,0,0.15805425494909286,0,0.15805425494909286,1,0.09514192771166563,3,3,0,0,0.43293648213148117,0.1797403246164322
ITA-Serie A,2627,Atalanta,Nikola Krstovic,2,2026,107,12008,F S,5,187,1,0.8423242019489408,1,0.8423242019489408,0,0.06383324507623911,6,3,1,0,1.1147610722109675,0.21741121262311935
ITA-Serie A,2627,Atalanta,Odilon Kossounou,2,2026,107,9714,D,4,360,0,0.03866225481033325,0,0.03866225481033325,0,0.0,1,0,0,0,0.4633048651739955,0.4633048651739955
ITA-Serie A,2627,Atalanta,Raoul Bellanova,2,2026,107,6412,D S,4,281,0,0.011755209416151047,0,0.011755209416151047,0,0.16117731761187315,1,2,1,0,1.1423633573576808,0.969430792145431
ITA-Serie A,2627,Atalanta,Sead Kolasinac,2,2026,107,342,D S,4,240,0,0.019743509590625763,0,0.019743509590625763,0,0.0,1,0,0,0,0.07733724266290665,0.07733724266290665
ITA-Serie A,2627,Atalanta,Thomas Thiesson Kristensen,2,2026,107,12040,D,1,90,0,0.14313894510269165,0,0.14313894510269165,0,0.0,2,0,1,0,0.18157027661800385,0.16463197767734528
ITA-Serie A,2627,Atalanta,Éderson,2,2026,107,10404,M,5,419,1,0.13403871469199657,1,0.13403871469199657,0,0.14652416855096817,5,2,0,0,1.0396768786013126,0.83792370185256
ITA-Serie A,2627,Bologna,Artem Dovbyk,2,2026,97,11736,S,3,76,1,1.030492827296257,1,1.030492827296257,0,0.3945821523666382,4,1,1,0,1.8531720489263535,0.42809703946113586
ITA-Serie A,2627,Bologna,Arthur Theate,2,2026,97,9999,D,3,270,0,0.10222260002046824,0,0.10222260002046824,0,0.0,3,0,0,0,0.3219480812549591,0.30835070461034775
ITA-Serie A,2627,Bologna,Eivind Helland,2,2026,97,14382,D,3,240,0,0.16099025309085846,0,0.16099025309085846,0,0.0,2,0,0,0,0.25974199175834656,0.25974199175834656
ITA-Serie A,2627,Bologna,Emil Holm,2,2026,97,10956,D S,5,274,0,0.16303883492946625,0,0.16303883492946625,0,0.027750058099627495,3,1,1,0,1.4788777604699135,1.3653050065040588
ITA-Serie A,2627,Bologna,Federico Bernardeschi,2,2026,97,1424,F M S,5,368,1,0.908880970440805,1,0.908880970440805,0,1.529411405324936,12,7,0,0,2.396535275503993,0.6516029052436352
ITA-Serie A,2627,Bologna,Jay Enem,2,2026,97,15060,S,1,5,0,0.028523379936814308,0,0.028523379936814308,0,0.08354873955249786,1,1,0,0,0.11207211762666702,0.0
ITA-Serie A,2627,Bologna,Jens Odgaard,2,2026,97,7005,M S,5,259,0,0.8001884296536446,0,0.8001884296536446,0,0.14856095612049103,6,2,1,0,0.49704743921756744,0.18260305747389793
ITA-Serie A,2627,Bologna,Juan Miranda,2,2026,97,7286,D S,4,311,0,0.03829115256667137,0,0.03829115256667137,1,1.0839424598962069,1,9,0,0,1.7377830408513546,1.4062066711485386
ITA-Serie A,2627,Bologna,Lewis Ferguson,2,2026,97,11039,M,5,450,0,0.4588475301861763,0,0.4588475301861763,0,0.9891445189714432,3,5,0,0,2.4302603229880333,1.8827590569853783
ITA-Serie A,2627,Bologna,Lorenzo De Silvestri,2,2026,97,1193,S,1,30,0,0.0,0,0.0,0,0.0,0,0,0,0,0.0,0.0
ITA-Serie A,2627,Bologna,Lukasz Skorupski,2,2026,97,1305,GK,4,360,0,0.0,0,0.0,0,0.0,0,0,0,0,0.7595455795526505,0.7595455795526505
ITA-Serie A,2627,Bologna,Marco Libra,2,2026,97,14911,S,2,70,0,0.05876144766807556,0,0.05876144766807556,0,0.07532069087028503,1,1,0,0,0.9791284874081612,0.8450463488698006
ITA-Serie A,2627,Bologna,Massimo Pessina,2,2026,97,13237,GK,1,90,0,0.0,0,0.0,0,0.0,0,0,0,0,0.0,0.0
ITA-Serie A,2627,Bologna,Mikel Amondarain,2,2026,97,14910,M S,3,93,0,0.06002231314778328,0,0.06002231314778328,0,0.010843194089829922,1,1,1,0,0.14663200732320547,0.07576650381088257
ITA-Serie A,2627,Bologna,Nadir Zortea,2,2026,97,9866,D S,3,176,0,0.03542040288448334,0,0.03542040288448334,0,0.0,1,0,0,0,0.14947805926203728,0.11405765637755394
ITA-Serie A,2627,Bologna,Nicolò Cambiaghi,2,2026,97,7576,F M,5,368,0,0.41706494987010956,0,0.41706494987010956,0,0.2566608125343919,8,5,1,0,0.7911389479413629,0.4094257466495037
ITA-Serie A,2627,Bologna,Nikola Moro,2,2026,97,8626,S,4,82,0,0.0,0,0.0,0,0.02598840370774269,0,1,0,0,0.97785434871912,0.9518659450113773
ITA-Serie A,2627,Bologna,Oussama El Azzouzi,2,2026,97,11962,M,1,83,0,0.0,0,0.0,0,0.053967010229825974,0,1,1,0,0.053967010229825974,0.0
ITA-Serie A,2627,Bologna,Rahim Alhassane,2,2026,97,13698,D,2,139,0,0.358102411031723,0,0.358102411031723,0,0.08865651488304138,2,3,0,0,0.6687365472316742,0.24259665980935097
ITA-Serie A,2627,Bologna,Riccardo Orsolini,2,2026,97,6160,M S,3,96,0,0.0,0,0.0,0,0.15919530391693115,0,2,0,0,0.06140880659222603,0.02598840370774269
ITA-Serie A,2627,Bologna,Roberto Piccoli,2,2026,97,7375,F,5,366,1,1.7570508494973183,1,1.7570508494973183,0,0.11987711116671562,10,3,1,0,1.9083869941532612,0.5484653450548649
ITA-Serie A,2627,Bologna,Samuel Mbangula,2,2026,97,12904,S,2,6,0,0.08354873955249786,0,0.08354873955249786,0,0.0,1,0,0,0,0.08354873955249786,0.08354873955249786
ITA-Serie A,2627,Bologna,Tommaso Pobega,2,2026,97,8912,M,4,262,0,0.23919204249978065,0,0.23919204249978065,0,0.06204196438193321,6,2,0,0,0.6177434474229813,0.3478500535711646
ITA-Serie A,2627,Bologna,Torbjørn Heggem,2,2026,97,13894,D,5,450,0,0.09070948511362076,0,0.09070948511362076,0,0.17683521285653114,1,3,1,0,0.8979323357343674,0.8442025184631348
ITA-Serie A,2627,Cagliari,Adam Obert,2,2026,116,10073,D,5,450,0,0.14941171929240227,0,0.14941171929240227,0,0.21918806247413158,3,4,0,0,0.5848804637789726,0.3215741515159607
ITA-Serie A,2627,Cagliari,Alessandro Deiola,2,2026,116,1634,D M,5,445,0,0.2644155025482178,0,0.2644155025482178,0,0.0,1,0,2,0,1.0578586086630821,1.0578586086630821
ITA-Serie A,2627,Cagliari,Alessandro Romano,2,2026,116,13342,M,5,446,1,0.1989654954522848,1,0.1989654954522848,0,0.327183248475194,7,3,0,0,0.7434112094342709,0.5969892665743828
ITA-Serie A,2627,Cagliari,Alessandro Sugamele,2,2026,116,15061,S,1,14,0,0.26067468523979187,0,0.26067468523979187,0,0.0,1,0,0,0,0.4056450128555298,0.14497032761573792
ITA-Serie A,2627,Cagliari,Alieu Fadera,2,2026,116,12997,S,4,89,0,0.1960003823041916,0,0.1960003823041916,0,0.3965298607945442,4,3,0,0,0.6501110568642616,0.05758082494139671
ITA-Serie A,2627,Cagliari,Daniel Maldini,2,2026,116,8163,F M,5,378,3,2.0635621584951878,2,1.3022633139044046,0,0.562257930636406,10,5,0,0,1.5630778297781944,0.7366410195827484
ITA-Serie A,2627,Cagliari,Elia Caprile,2,2026,116,7087,GK,5,450,0,0.0,0,0.0,0,0.0,0,0,0,0,0.316385168582201,0.316385168582201
ITA-Serie A,2627,Cagliari,Gabriele Zappa,2,2026,116,8857,S,1,21,0,0.0,0,0.0,0,0.06982602924108505,0,1,0,0,0.06982602924108505,0.06982602924108505
ITA-Serie A,2627,Cagliari,Gennaro Borrelli,2,2026,116,11883,S,2,31,0,0.08640872873365879,0,0.08640872873365879,0,0.0,2,0,0,0,0.13856685161590576,0.06874082237482071
ITA-Serie A,2627,Cagliari,Giuseppe Aurelio,2,2026,116,8530,S,1,1,0,0.0,0,0.0,0,0.0,0,0,0,0,0.0,0.0
ITA-Serie A,2627,Cagliari,Harry Winks,2,2026,116,971,M,5,419,0,0.1766465175896883,0,0.1766465175896883,0,0.0,4,0,0,0,1.1894295662641525,1.0997772589325905
ITA-Serie A,2627,Cagliari,Jacopo Fazzini,2,2026,116,10303,M,4,249,0,0.1580280466005206,0,0.1580280466005206,1,0.8552611768245697,4,4,1,0,0.25681280717253685,0.181671891361475
ITA-Serie A,2627,Cagliari,Juan Rodríguez,2,2026,116,14065,D,5,398,0,0.02013535238802433,0,0.02013535238802433,0,0.046706315129995346,1,2,0,0,0.5155181922018528,0.4720809757709503
ITA-Serie A,2627,Cagliari,Kevin Omoruyi,2,2026,116,8768,S,3,71,0,0.0,0,0.0,0,0.0,0,0,1,0,0.016050849109888077,0.016050849109888077
ITA-Serie A,2627,Cagliari,Kingstone Mutandwa,2,2026,116,12334,S,1,1,0,0.0,0,0.0,0,0.0,0,0,0,0,0.0,0.0
ITA-Serie A,2627,Cagliari,Mattia Felici,2,2026,116,12868,S,2,34,0,0.0582893043756485,0,0.0582893043756485,0,0.020673563703894615,1,1,0,0,0.14878889918327332,0.09049959294497967
ITA-Serie A,2627,Cagliari,Ndary Adopo,2,2026,116,6706,D M,5,450,0,0.1625908464193344,0,0.1625908464193344,2,0.6937877386808395,4,8,0,0,1.197778083384037,0.5004660040140152
ITA-Serie A,2627,Cagliari,Paul Mendy,2,2026,116,14445,F,5,370,1,1.2306996062397957,1,1.2306996062397957,0,0.16102236974984407,9,3,0,0,1.4791351407766342,0.09949265886098146
ITA-Serie A,2627,Cagliari,Raphael Kofler,2,2026,116,14810,S,3,63,0,0.046185046434402466,0,0.046185046434402466,0,0.03076944686472416,1,1,0,0,0.0,0.0
ITA-Serie A,2627,Cagliari,Riccardo Ciervo,2,2026,116,9329,S,2,6,0,0.0475543774664402,0,0.0475543774664402,0,0.0,1,0,0,0,0.03396473918110132,0.03396473918110132
ITA-Serie A,2627,Cagliari,Roberto Gagliardini,2,2026,116,1496,S,2,18,0,0.0,0,0.0,0,0.05758082494139671,0,1,0,0,0.05758082494139671,0.0
ITA-Serie A,2627,Cagliari,Yerry Mina,2,2026,116,6521,D,1,90,0,0.0,0,0.0,0,0.0,0,0,0,0,0.02411554753780365,0.02411554753780365
ITA-Serie A,2627,Cagliari,Yukinari Sugawara,2,2026,116,12761,S,2,51,0,0.0,0,0.0,0,0.08526565879583359,0,1,0,0,0.08526565879583359,0.0
ITA-Serie A,2627,Cagliari,Zé Pedro,2,2026,116,14019,D,5,408,0,0.33542928099632263,0,0.33542928099632263,0,0.0656308252364397,1,2,1,0,0.9032507427036762,0.8610522635281086
ITA-Serie A,2627,Como,Assane Diao,2,2026,286,12081,M S,5,341,2,0.7972423285245895,2,0.7972423285245895,1,1.5659523531794548,10,13,1,0,3.635944217443466,1.4359873160719872
ITA-Serie A,2627,Como,Ivan Smolcic,2,2026,286,13443,S,2,29,0,0.0,0,0.0,0,0.0,0,0,0,0,0.06007097288966179,0.06007097288966179
ITA-Serie A,2627,Como,Jacobo Ramón,2,2026,286,12436,D,5,450,1,1.4136273507028818,1,1.4136273507028818,0,0.5223944326862693,4,3,0,0,3.266304388642311,2.750764101743698
ITA-Serie A,2627,Como,Jean Butez,2,2026,286,5610,GK,4,360,0,0.0,0,0.0,0,0.0,0,1,0,0,0.9736139699816704,0.9736139699816704
ITA-Serie A,2627,Como,Jesús Rodriguez,2,2026,286,13059,M S,3,147,0,0.844192735850811,0,0.844192735850811,0,0.2695176601409912,10,1,0,0,1.2047612443566322,0.3464980497956276
ITA-Serie A,2627,Como,Kaiki,2,2026,286,14798,D S,3,107,1,0.7763784341514111,1,0.7763784341514111,0,0.1346234604716301,4,3,0,0,1.1017125211656094,0.37837372347712517
ITA-Serie A,2627,Como,Lucas Da Cunha,2,2026,286,8182,M S,5,325,0,0.36869025602936745,0,0.36869025602936745,0,0.6884351298213005,9,9,0,0,3.5066474974155426,2.8328871726989746
ITA-Serie A,2627,Como,Luis Milla,2,2026,286,8725,M S,5,275,0,0.06196952238678932,0,0.06196952238678932,0,0.765129966661334,1,7,0,0,0.8931201733648777,0.8311506509780884
ITA-Serie A,2627,Como,Marc-Oliver Kempf,2,2026,286,4291,D S,2,111,0,0.04327322170138359,0,0.04327322170138359,0,0.02014213800430298,2,1,0,0,0.5838598012924194,0.5838598012924194
ITA-Serie A,2627,Como,Martin Baturina,2,2026,286,13934,M,5,285,2,0.5963130090385675,2,0.5963130090385675,1,0.4272240623831749,11,4,1,0,2.2617266476154327,1.4975669831037521
ITA-Serie A,2627,Como,Mattia Liberali,2,2026,286,13151,S,2,21,0,0.09185882657766342,0,0.09185882657766342,0,0.07225365191698074,2,1,0,0,0.16411247849464417,0.0
ITA-Serie A,2627,Como,Maxence Caqueret,2,2026,286,7328,S,4,86,0,0.0,0,0.0,0,0.36224369145929813,0,3,1,0,0.923617884516716,0.5871797278523445
ITA-Serie A,2627,Como,Moise Kean,2,2026,286,1304,F S,4,152,0,0.6091385632753372,0,0.6091385632753372,1,0.38280459493398666,6,2,0,0,1.0260204821825027,0.34267253801226616
ITA-Serie A,2627,Como,Máximo Perrone,2,2026,286,11378,M S,5,261,0,0.28897838294506073,0,0.28897838294506073,1,0.6252654120326042,5,8,0,0,2.5436123237013817,1.9120504148304462
ITA-Serie A,2627,Como,Nico Paz,2,2026,286,11541,M,5,427,1,1.5697270035743713,1,1.5697270035743713,1,1.352516632527113,27,10,0,0,4.00810232758522,2.78780435025692
ITA-Serie A,2627,Como,Robert Sánchez,2,2026,286,9098,GK,1,90,0,0.0,0,0.0,0,0.0,0,0,0,0,0.554345428943634,0.554345428943634
ITA-Serie A,2627,Como,Samuele Ricci,2,2026,286,7530,S,3,57,0,0.08794767409563065,0,0.08794767409563065,0,0.39316096901893616,1,2,0,0,1.3674850538372993,1.2003481984138489
ITA-Serie A,2627,Como,Tasos Douvikas,2,2026,286,12030,F S,5,323,2,3.6228500455617905,2,3.6228500455617905,0,0.34816140681505203,13,5,0,0,3.787815600633621,0.5794073306024075
ITA-Serie A,2627,Como,Trevoh Chalobah,2,2026,286,6615,D,4,360,0,0.17758949100971222,0,0.17758949100971222,0,0.020203998312354088,2,1,0,0,1.5061842203140259,1.4030679911375046
ITA-Serie A,2627,Como,Yan Couto,2,2026,286,10946,D,5,422,0,0.34795176703482866,0,0.34795176703482866,1,1.116836003959179,6,9,1,0,2.909243457019329,1.9158619940280914
ITA-Serie A,2627,Como,Álex Valle,2,2026,286,12822,D,4,348,0,0.1774835828691721,0,0.1774835828691721,1,0.2508482038974762,5,7,0,0,1.2733705639839172,1.0271949544548988
ITA-Serie A,2627,Fiorentina,Albert Gudmundsson,2,2026,110,10366,F S,4,107,1,0.3855462968349457,1,0.3855462968349457,0,0.9306812714785337,6,7,1,0,1.3162275403738022,0.0487932413816452
ITA-Serie A,2627,Fiorentina,Alejandro Jiménez,2,2026,110,12168,D S,4,293,1,0.36614277958869934,1,0.36614277958869934,1,0.5275014098733664,3,6,1,0,1.788729377090931,1.2693048864603043
ITA-Serie A,2627,Fiorentina,Alieu Njie,2,2026,110,12365,F M S,4,266,0,1.2393666356801987,0,1.2393666356801987,0,1.0971164256334305,7,10,1,0,2.7665876746177673,0.5991073548793793
ITA-Serie A,2627,Fiorentina,Arthur Atta,2,2026,110,11800,M S,5,335,0,1.1758023723959923,0,1.1758023723959923,0,0.30557811725884676,11,5,0,0,2.4927604719996452,1.2957948856055737
ITA-Serie A,2627,Fiorentina,Beto,2,2026,110,9983,F S,3,95,0,0.7908569946885109,0,0.7908569946885109,1,0.036340322345495224,5,1,0,0,0.9273818805813789,0.10018457472324371
ITA-Serie A,2627,Fiorentina,Cher Ndour,2,2026,110,11768,M S,5,401,0,0.238588385283947,0,0.238588385283947,1,0.571785606443882,5,5,0,0,1.6182627975940704,0.8272225111722946
ITA-Serie A,2627,Fiorentina,Christ Inao Oulaï,2,2026,110,14919,M S,3,123,0,0.015219743363559246,0,0.015219743363559246,0,0.10774824768304825,1,3,0,0,0.32047785073518753,0.26110317558050156
ITA-Serie A,2627,Fiorentina,David de Gea,2,2026,110,546,GK,5,450,0,0.0,0,0.0,0,0.29393380880355835,0,1,1,0,0.6595944166183472,0.36566062271595
ITA-Serie A,2627,Fiorentina,Dodô,2,2026,110,10935,D,1,90,0,0.012313642539083958,0,0.012313642539083958,0,0.0,1,0,0,0,0.016107013449072838,0.016107013449072838
ITA-Serie A,2627,Fiorentina,Franco Mastantuono,2,2026,110,13847,F M,5,385,3,2.3416033685207367,3,2.3416033685207367,0,0.789076954126358,22,10,1,0,3.430962076410651,1.0141446124762297
ITA-Serie A,2627,Fiorentina,João Mário,2,2026,110,13946,D S,3,175,0,0.0,0,0.0,0,0.14955922588706017,0,2,0,0,0.4027688726782799,0.2992032393813133
ITA-Serie A,2627,Fiorentina,Luca Ranieri,2,2026,110,6696,D,3,266,0,0.06244559958577156,0,0.06244559958577156,0,0.222776859998703,1,1,1,0,0.20794527418911457,0.20794527418911457
ITA-Serie A,2627,Fiorentina,Marco Brescianini,2,2026,110,7284,M S,4,131,0,0.015101534314453602,0,0.015101534314453602,0,0.0,1,0,0,0,0.015101534314453602,0.0
ITA-Serie A,2627,Fiorentina,Marin Pongracic,2,2026,110,8303,D S,3,69,0,0.0,0,0.0,0,0.0,0,0,0,0,0.10285916924476624,0.10285916924476624
ITA-Serie A,2627,Fiorentina,Mateo Pellegrino,2,2026,110,13446,F S,5,355,2,0.7397412545979023,2,0.7397412545979023,0,0.32936234027147293,5,6,1,0,1.667515343055129,0.5984117537736893
ITA-Serie A,2627,Fiorentina,Nicolo Fagioli,2,2026,110,7379,M S,5,360,0,0.18422354198992252,0,0.18422354198992252,1,0.5329923685640097,6,3,1,0,1.8074905294924974,1.2399190831929445
ITA-Serie A,2627,Fiorentina,Pote,2,2026,110,15038,S,3,38,0,0.09384487569332123,0,0.09384487569332123,0,0.01320616900920868,2,1,0,0,0.45251724123954773,0.3454661965370178
ITA-Serie A,2627,Fiorentina,Radu Dragusin,2,2026,110,9105,D,5,450,0,0.22692604921758175,0,0.22692604921758175,1,0.05139552429318428,3,1,1,0,1.7065801303833723,1.6551845949143171
ITA-Serie A,2627,Fiorentina,Rolando Mandragora,2,2026,110,3821,M S,5,294,1,0.35617050528526306,1,0.35617050528526306,1,0.16239799186587334,8,6,0,0,1.1961739510297775,1.0490568950772285
ITA-Serie A,2627,Fiorentina,Valde,2,2026,110,13543,D S,4,231,0,0.19805661588907242,0,0.19805661588907242,0,0.1808948703110218,2,3,0,0,1.0734553337097168,0.753234326839447
ITA-Serie A,2627,Fiorentina,Viery,2,2026,110,14920,D S,4,253,0,0.0,0,0.0,0,0.0,0,0,0,0,0.7663361802697182,0.7663361802697182
ITA-Serie A,2627,Fiorentina,Wilfried Gnonto,2,2026,110,11155,S,3,77,0,0.18141619861125946,0,0.18141619861125946,0,0.0,3,0,0,0,1.0118019729852676,0.899203896522522
ITA-Serie A,2627,Frosinone,Aleksa Terzic,2,2026,112,7911,S,2,24,0,0.013416200876235962,0,0.013416200876235962,0,0.13734427094459534,1,1,0,0,0.17091721296310425,0.02015674114227295
ITA-Serie A,2627,Frosinone,Alessio Zerbin,2,2026,112,4911,S,4,75,0,0.1495431810617447,0,0.1495431810617447,0,0.02015674114227295,2,1,0,0,0.4826856702566147,0.31298574805259705
ITA-Serie A,2627,Frosinone,Anouar El Azzouzi,2,2026,112,14892,S,1,1,0,0.0,0,0.0,0,0.0,0,0,0,0,0.0,0.0
ITA-Serie A,2627,Frosinone,Anthony Oyono,2,2026,112,11879,D S,5,380,0,0.2414681389927864,0,0.2414681389927864,1,0.5210505425930023,7,4,1,0,1.4698797017335892,0.9350938349962234
ITA-Serie A,2627,Frosinone,Antonio Raimondo,2,2026,112,9539,F,5,427,4,3.0122673138976097,4,3.0122673138976097,0,0.43326485902071,14,3,2,0,3.455183818936348,0.08543274737894535
ITA-Serie A,2627,Frosinone,Daniel Bîrligea,2,2026,112,14987,S,2,8,0,0.0,0,0.0,0,0.0,0,0,0,0,0.05355377495288849,0.05355377495288849
ITA-Serie A,2627,Frosinone,Farès Ghedjemis,2,2026,112,12303,M S,3,194,0,0.7972727939486504,0,0.7972727939486504,0,0.06522796303033829,7,2,0,0,1.9922105744481087,1.2253354489803314
ITA-Serie A,2627,Frosinone,Florian Grillitsch,2,2026,112,116,S,1,5,0,0.0,0,0.0,0,0.0,0,0,0,0,0.0,0.0
ITA-Serie A,2627,Frosinone,Gabriele Bracaglia,2,2026,112,14888,D,5,426,1,0.49765261448919773,1,0.49765261448919773,1,0.5389738641679287,7,6,3,0,2.837754726409912,2.1124685928225517
ITA-Serie A,2627,Frosinone,Gabriele Calvani,2,2026,112,14887,D,5,437,0,0.16559982299804688,0,0.16559982299804688,0,0.0,4,0,2,0,1.2023299168795347,1.2023299168795347
ITA-Serie A,2627,Frosinone,Giacomo Calo,2,2026,112,1814,M,5,439,1,0.5122215300798416,1,0.5122215300798416,1,1.2191248834133148,8,21,0,0,2.2935329601168633,1.7867121323943138
ITA-Serie A,2627,Frosinone,Giorgi Kvernadze,2,2026,112,11882,M,5,445,3,1.7348382025957108,3,1.7348382025957108,1,1.3913454227149487,13,12,1,0,3.451414570212364,1.2320981323719025
ITA-Serie A,2627,Frosinone,Giorgio Cittadini,2,2026,112,10268,D S,5,266,0,0.039530690759420395,0,0.039530690759420395,0,0.0,1,0,1,0,0.18243153393268585,0.18243153393268585
ITA-Serie A,2627,Frosinone,Ilario Monterisi,2,2026,112,8197,D S,5,267,0,0.2372592557221651,0,0.2372592557221651,0,0.142129959538579,5,3,0,0,0.5578309204429388,0.5276840589940548
ITA-Serie A,2627,Frosinone,Lorenzo Palmisani,2,2026,112,11886,GK,5,450,0,0.0,0,0.0,0,0.10719648376107216,0,2,0,0,0.9037915915250778,0.7965951040387154
ITA-Serie A,2627,Frosinone,Luis Hasa,2,2026,112,12347,S,2,36,0,0.1579580008983612,0,0.1579580008983612,0,0.09285527840256691,4,4,0,0,0.4275769367814064,0.19367623329162598
ITA-Serie A,2627,Frosinone,Matteo Cichella,2,2026,112,14889,M S,3,105,0,0.0339852012693882,0,0.0339852012693882,0,0.0,1,0,0,0,0.21860702335834503,0.18462182581424713
ITA-Serie A,2627,Frosinone,Patrizio Masini,2,2026,112,12777,M S,5,388,0,0.06526675820350647,0,0.06526675820350647,1,0.7613788843154907,4,1,0,0,2.0059503316879272,1.2117817029356956
ITA-Serie A,2627,Frosinone,Romano Schmid,2,2026,112,9069,M,5,377,0,0.03908677399158478,0,0.03908677399158478,3,0.9806181490421295,2,4,2,0,2.7804837226867676,2.2076397240161896
ITA-Serie A,2627,Frosinone,Seydou Fini,2,2026,112,12011,M S,4,187,0,0.3714881017804146,0,0.3714881017804146,0,0.22965723276138306,2,3,0,0,0.714531384408474,0.19480235874652863
ITA-Serie A,2627,Frosinone,Tomás Bobcek,2,2026,112,15053,S,1,16,0,0.06884312629699707,0,0.06884312629699707,0,0.06695707887411118,1,1,0,0,0.16780544817447662,0.10084837675094604
ITA-Serie A,2627,Frosinone,Wisdom Amey,2,2026,112,9495,S,2,2,0,0.0,0,0.0,0,0.0,0,0,0,0,0.0,0.0
ITA-Serie A,2627,Genoa,Adam Zulevic,2,2026,101,14847,S,1,3,0,0.0,0,0.0,0,0.0,0,0,0,0,0.0,0.0
ITA-Serie A,2627,Genoa,Alessandro Marcandalli,2,2026,101,12958,D,5,442,0,0.0,0,0.0,0,0.10493059456348419,0,2,1,0,0.9418300725519657,0.8368994817137718
ITA-Serie A,2627,Genoa,Alex Amorim,2,2026,101,14426,M S,4,105,0,0.017475035041570663,0,0.017475035041570663,0,0.10112392529845238,1,3,1,0,0.2542681619524956,0.23774530738592148
ITA-Serie A,2627,Genoa,Brooke Norton-Cuffy,2,2026,101,13136,D,2,180,0,0.03957424312829971,0,0.03957424312829971,0,0.13479647040367126,1,4,0,0,0.3948412537574768,0.2548554576933384
ITA-Serie A,2627,Genoa,David Puczka,2,2026,101,14848,S,1,27,0,0.0,0,0.0,0,0.0,0,0,0,0,0.05777762085199356,0.05777762085199356
ITA-Serie A,2627,Genoa,Djibril Sow,2,2026,101,2624,M S,5,323,0,0.10438989847898483,0,0.10438989847898483,1,0.2775759678333998,1,8,1,0,0.7695360481739044,0.6651461496949196
ITA-Serie A,2627,Genoa,Ethan Meichtry,2,2026,101,14846,S,4,39,0,0.4763538986444473,0,0.4763538986444473,0,0.009569060057401657,2,1,0,0,0.6256455443799496,0.1397225707769394
ITA-Serie A,2627,Genoa,Hamed Junior Traore,2,2026,101,6986,S,1,2,0,0.0,0,0.0,0,0.05777762085199356,0,1,0,0,0.05777762085199356,0.05777762085199356
ITA-Serie A,2627,Genoa,Johan Vásquez,2,2026,101,9985,D,4,348,1,0.10417571477591991,1,0.10417571477591991,0,0.05800671875476837,3,1,0,1,0.8992321193218231,0.7986909821629524
ITA-Serie A,2627,Genoa,Junior Messias,2,2026,101,8838,M S,5,204,0,0.5051965191960335,0,0.5051965191960335,0,0.2689056061208248,11,4,0,0,0.5583617985248566,0.2615525722503662
ITA-Serie A,2627,Genoa,Justin Bijlow,2,2026,101,14380,GK,5,450,0,0.0,0,0.0,0,0.03168504312634468,0,1,0,0,0.8193721957504749,0.7876871526241302
ITA-Serie A,2627,Genoa,Kingsley Ehizibue,2,2026,101,7785,D S,3,149,0,0.0979805663228035,0,0.0979805663228035,0,0.09124107658863068,3,1,1,0,0.16621799021959305,0.0
ITA-Serie A,2627,Genoa,Leo Østigard,2,2026,101,10237,D,5,426,0,0.1772066466510296,0,0.1772066466510296,0,0.017475035041570663,4,1,3,0,0.8705155029892921,0.8530404679477215
ITA-Serie A,2627,Genoa,Lorenzo Colombo,2,2026,101,8478,F S,5,322,0,0.8939458765089512,0,0.1326470449566841,2,1.4976526834070683,5,6,0,0,1.7587806172668934,0.6790775209665298
ITA-Serie A,2627,Genoa,Mikael Ellertsson,2,2026,101,10957,D M,5,443,0,0.106251310557127,0,0.106251310557127,0,0.1258230023086071,2,2,1,0,0.927483394742012,0.7620449997484684
ITA-Serie A,2627,Genoa,Milutin Osmajic,2,2026,101,9762,F S,4,293,2,1.098447795957327,2,1.098447795957327,0,0.5027314461767673,6,4,0,0,1.7603426799178123,0.1591634340584278
ITA-Serie A,2627,Genoa,Morten Frendrup,2,2026,101,10365,M,5,450,0,0.07263485714793205,0,0.07263485714793205,0,0.15941837709397078,2,5,0,0,1.1431418135762215,0.9960152208805084
ITA-Serie A,2627,Genoa,Sebastian Otoa,2,2026,101,13478,D S,2,87,0,0.0,0,0.0,0,0.0,0,0,1,0,0.0,0.0
ITA-Serie A,2627,Genoa,Stefano Sabelli,2,2026,101,1898,M,1,47,0,0.0,0,0.0,0,0.0,0,0,0,0,0.11849434673786163,0.11849434673786163
ITA-Serie A,2627,Genoa,Stephan El Shaarawy,2,2026,101,1252,S,2,54,0,0.0,0,0.0,0,0.0,0,0,0,0,0.10143230110406876,0.10143230110406876
ITA-Serie A,2627,Genoa,Tommaso Baldanzi,2,2026,101,9951,M,5,336,0,0.7456430196762085,0,0.7456430196762085,0,0.09739841148257256,10,2,0,0,1.4313421696424484,0.7037519812583923
ITA-Serie A,2627,Genoa,Vitinha,2,2026,101,11380,M S,5,219,0,0.4320378862321377,0,0.4320378862321377,0,0.0,8,0,0,0,0.6009639129042625,0.21661140024662018
ITA-Serie A,2627,Inter,Aleksandar Stankovic,2,2026,106,11149,S,2,13,0,0.08008119463920593,0,0.08008119463920593,0,0.0,1,0,0,0,0.0,0.0
ITA-Serie A,2627,Inter,Alessandro Bastoni,2,2026,106,4939,D,5,400,0,0.2099708877503872,0,0.2099708877503872,0,0.6634716540575027,3,5,1,0,3.9742358401417732,3.561862835660577
ITA-Serie A,2627,Inter,Andy Diouf,2,2026,106,9523,D M,4,346,0,0.13581162504851818,0,0.13581162504851818,3,1.7840423882007599,4,13,0,0,2.6641906052827835,1.7937082760035992
ITA-Serie A,2627,Inter,Ange-Yoan Bonny,2,2026,106,12784,S,4,62,1,1.052764616906643,1,1.052764616906643,0,0.0,3,0,0,0,1.2040611803531647,0.15129655599594116
ITA-Serie A,2627,Inter,Benjamin Pavard,2,2026,106,3363,D S,2,117,0,0.04468739405274391,0,0.04468739405274391,0,0.13428504765033722,1,1,0,0,1.8397682905197144,1.7054831981658936
ITA-Serie A,2627,Inter,Carlos Augusto,2,2026,106,10891,D S,3,147,1,0.132370263338089,1,0.132370263338089,1,0.4830057844519615,2,4,0,0,1.4243430495262146,0.9998609647154808
ITA-Serie A,2627,Inter,Curtis Jones,2,2026,106,6665,M S,4,147,0,0.051317053847014904,0,0.051317053847014904,0,0.1448271982371807,2,3,0,0,1.955116681754589,1.7589724361896515
ITA-Serie A,2627,Inter,Federico Dimarco,2,2026,106,1324,D M S,5,322,0,0.7568998038768768,0,0.7568998038768768,1,1.8747487589716911,7,14,0,0,3.003049459308386,1.0769444219768047
ITA-Serie A,2627,Inter,Francesco Pio Esposito,2,2026,106,14003,F S,5,298,2,2.307159185409546,2,2.307159185409546,1,0.5023978799581528,13,4,0,0,3.25453382730484,0.545040987432003
ITA-Serie A,2627,Inter,Hakan Calhanoglu,2,2026,106,189,M S,3,136,2,0.08910028077661991,2,0.08910028077661991,0,0.5502183437347412,3,5,1,0,2.352625072002411,1.9783773459494114
ITA-Serie A,2627,Inter,Henrikh Mkhitaryan,2,2026,106,317,M,1,63,0,0.5902351140975952,0,0.5902351140975952,0,0.11342054605484009,6,2,1,0,0.8706099987030029,0.3474019765853882
ITA-Serie A,2627,Inter,John Stones,2,2026,106,586,D S,3,97,0,0.09506939724087715,0,0.09506939724087715,0,0.0,2,0,0,0,0.8240441009402275,0.8240441009402275
ITA-Serie A,2627,Inter,Josep Martínez,2,2026,106,9052,GK,5,450,0,0.0,0,0.0,0,0.0,0,0,0,0,1.1627482119947672,1.1627482119947672
ITA-Serie A,2627,Inter,Lautaro Martínez,2,2026,106,7006,F,4,325,4,4.770701169967651,4,4.770701169967651,0,0.8546852171421051,22,6,2,0,4.416922667995095,1.0518342684954405
ITA-Serie A,2627,Inter,Luis Henrique,2,2026,106,8980,D S,3,121,0,0.08745013549923897,0,0.08745013549923897,0,0.0,2,0,0,0,0.9788360744714737,0.9788360744714737
ITA-Serie A,2627,Inter,Manuel Akanji,2,2026,106,6490,D,5,416,0,1.1409875825047493,0,1.1409875825047493,1,0.7548836413770914,7,2,2,0,2.6983312759548426,2.658206442371011
ITA-Serie A,2627,Inter,Marcus Thuram,2,2026,106,5992,F S,4,224,2,3.358635738492012,2,3.358635738492012,2,1.011175747960806,15,6,0,0,4.738861083984375,1.6599059700965881
ITA-Serie A,2627,Inter,Nicolò Barella,2,2026,106,1409,M,5,450,1,0.6207426376640797,1,0.6207426376640797,1,1.7724017798900604,8,13,1,0,5.204698592424393,4.529863595962524
ITA-Serie A,2627,Inter,Petar Sucic,2,2026,106,13964,M S,4,185,0,0.0,0,0.0,0,0.11966725811362267,0,3,0,0,1.0177166908979416,0.9921189695596695
ITA-Serie A,2627,Inter,Piotr Zielinski,2,2026,106,1386,M S,5,356,1,0.6200557816773653,1,0.6200557816773653,1,0.784995935857296,10,3,0,0,3.234069347381592,2.2239934131503105
ITA-Serie A,2627,Inter,Yann Bisseck,2,2026,106,6414,D S,4,277,1,0.5463771522045135,1,0.5463771522045135,0,0.1140876654535532,5,3,0,0,1.4413794130086899,0.8812697939574718
ITA-Serie A,2627,Juventus,Andrea Cambiaso,2,2026,98,9841,S,2,28,0,0.0,0,0.0,0,0.0,0,0,1,0,0.0,0.0
ITA-Serie A,2627,Juventus,Bremer,2,2026,98,6960,D,5,450,2,1.0640088319778442,2,1.0640088319778442,0,0.6640757210552692,4,5,0,0,0.950844906270504,0.8549584299325943
ITA-Serie A,2627,Juventus,Douglas Luiz,2,2026,98,6122,M,5,431,0,0.23875603172928095,0,0.23875603172928095,0,0.8354422617703676,11,7,1,0,1.7412135004997253,1.1979155763983727
ITA-Serie A,2627,Juventus,Edon Zhegrova,2,2026,98,10328,S,4,67,2,0.5323749203234911,2,0.5323749203234911,1,0.9293685406446457,5,8,0,0,0.7910058423876762,0.03774438053369522
ITA-Serie A,2627,Juventus,Federico Gatti,2,2026,98,10993,S,1,1,1,0.4502857029438019,1,0.4502857029438019,0,0.0,1,0,1,0,0.06525038927793503,0.06525038927793503
ITA-Serie A,2627,Juventus,Francisco Conceição,2,2026,98,13052,M,5,374,1,1.520641963928938,1,1.520641963928938,1,0.6041135936975479,12,8,1,0,2.0358266681432724,0.4158053882420063
ITA-Serie A,2627,Juventus,Guglielmo Vicario,2,2026,98,8858,GK,5,450,0,0.0,0,0.0,0,0.0,0,0,0,0,0.37963462620973587,0.37963462620973587
ITA-Serie A,2627,Juventus,Jeremie Boga,2,2026,98,3544,M S,3,102,0,0.01812490075826645,0,0.01812490075826645,0,0.06525038927793503,1,2,0,0,0.08337529003620148,0.0
ITA-Serie A,2627,Juventus,Jhon Lucumí,2,2026,98,11038,D,4,305,0,0.0,0,0.0,0,0.01812490075826645,1,1,2,0,0.49289773777127266,0.4747728407382965
ITA-Serie A,2627,Juventus,Jonathan Christian David,2,2026,98,8636,F,1,61,0,0.0,0,0.0,0,0.0,2,1,0,0,0.0,0.0
ITA-Serie A,2627,Juventus,Justin Oboavwoduo,2,2026,98,15085,S,1,3,0,0.0,0,0.0,0,0.0,0,0,0,0,0.049878012388944626,0.049878012388944626
ITA-Serie A,2627,Juventus,Kenan Yildiz,2,2026,98,11942,M,1,72,0,0.1322833001613617,0,0.1322833001613617,0,0.23905833065509796,2,3,0,0,0.7883044481277466,0.6010693311691284
ITA-Serie A,2627,Juventus,Kerim-Sam Alajbegovic,2,2026,98,13202,M S,4,230,0,0.28154775500297546,0,0.28154775500297546,0,0.0,10,0,0,0,0.649847973138094,0.4260030835866928
ITA-Serie A,2627,Juventus,Lloyd Kelly,2,2026,98,8090,D S,4,146,0,0.11873103678226471,0,0.11873103678226471,0,0.0,1,0,0,0,0.1907985396683216,0.1907985396683216
ITA-Serie A,2627,Juventus,Manuel Locatelli,2,2026,98,1122,M,3,270,0,0.5725479125976562,0,0.5725479125976562,1,0.10777022689580917,2,6,1,0,1.039353847503662,0.43814563751220703
ITA-Serie A,2627,Juventus,Mattia Perin,2,2026,98,1093,S,1,1,0,0.0,0,0.0,0,0.0,0,0,0,0,0.0,0.0
ITA-Serie A,2627,Juventus,Mehmet Zeki Çelik,2,2026,98,6872,D,5,432,0,0.057513004168868065,0,0.057513004168868065,1,0.8717397982254624,2,6,1,0,1.8283802419900894,0.9953965991735458
ITA-Serie A,2627,Juventus,Nick Woltemade,2,2026,98,8117,S,3,44,0,0.33994075655937195,0,0.33994075655937195,0,0.36733484268188477,3,1,0,0,0.5759726911783218,0.11513473838567734
ITA-Serie A,2627,Juventus,Nicolás González,2,2026,98,7074,D M S,4,228,1,0.33086996525526047,1,0.33086996525526047,0,0.24961384013295174,8,5,0,0,0.42166440933942795,0.1039398955181241
ITA-Serie A,2627,Juventus,Pape Sarr,2,2026,98,9021,S,2,62,0,0.06759703904390335,0,0.06759703904390335,0,0.0,2,0,0,0,0.8177340775728226,0.7501370459794998
ITA-Serie A,2627,Juventus,Pierre Kalulu Kyatengwa,2,2026,98,8313,D,5,450,0,0.07590045779943466,0,0.07590045779943466,0,0.1422302946448326,1,4,0,0,1.188208669424057,0.9866049960255623
ITA-Serie A,2627,Juventus,Randal Kolo Muani,2,2026,98,5743,F,5,450,0,1.2342319712042809,0,1.2342319712042809,1,0.2143498957157135,11,3,0,0,1.5427891910076141,1.0471520945429802
ITA-Serie A,2627,Juventus,Teun Koopmeiners,2,2026,98,9969,M S,5,121,1,0.16168787516653538,1,0.16168787516653538,1,0.4502857029438019,5,1,0,0,0.15642837435007095,0.057505395263433456
ITA-Serie A,2627,Juventus,Weston McKennie,2,2026,98,5360,M,2,177,0,0.26559168100357056,0,0.26559168100357056,0,0.10797180235385895,3,1,0,0,0.5352016985416412,0.24603044986724854
ITA-Serie A,2627,Lazio,Adam Marusic,2,2026,96,6176,D,1,18,0,0.0,0,0.0,0,0.0,0,0,0,0,0.02391268126666546,0.02391268126666546
ITA-Serie A,2627,Lazio,Alfonso,2,2026,96,2521,D S,4,112,0,0.032165790908038616,0,0.032165790908038616,0,0.039632225409150124,2,2,0,0,0.2919081896543503,0.24930797517299652
ITA-Serie A,2627,Lazio,Andrea Pinamonti,2,2026,96,4895,F S,4,106,0,0.10560739040374756,0,0.10560739040374756,0,0.0,1,0,0,0,0.2270033061504364,0.12139591574668884
ITA-Serie A,2627,Lazio,Boulaye Dia,2,2026,96,7224,F,2,167,0,0.0,0,0.0,1,0.5429759621620178,0,4,1,0,0.7815594375133514,0.3617158979177475
ITA-Serie A,2627,Lazio,Christos Mandas,2,2026,96,12043,GK,5,450,0,0.0,0,0.0,0,0.0,0,0,0,0,0.9168699458241463,0.9168699458241463
ITA-Serie A,2627,Lazio,Danilho Doekhi,2,2026,96,10725,D,3,270,0,0.966125100851059,0,0.966125100851059,1,0.1459088772535324,3,2,0,0,0.39721520990133286,0.25130633264780045
ITA-Serie A,2627,Lazio,Davide Frattesi,2,2026,96,4981,M S,5,386,3,1.749478042125702,3,1.749478042125702,0,0.9915677607059479,8,5,0,0,3.198252499103546,0.5833569439128041
ITA-Serie A,2627,Lazio,Diogo Leite,2,2026,96,10724,S,1,4,0,0.0,0,0.0,0,0.0,0,0,0,0,0.0,0.0
ITA-Serie A,2627,Lazio,Fisayo Dele-Bashiru,2,2026,96,12872,M,1,58,0,0.0,0,0.0,0,0.0,0,0,0,0,0.02391268126666546,0.02391268126666546
ITA-Serie A,2627,Lazio,Gustav Isaksen,2,2026,96,11951,F S,5,153,0,0.21385135501623154,0,0.21385135501623154,0,0.07694607973098755,3,1,1,0,0.4185110926628113,0.14865835011005402
ITA-Serie A,2627,Lazio,Josip Sutalo,2,2026,96,15022,D,2,176,0,0.0,0,0.0,0,0.0,0,0,0,0,1.1858974695205688,1.1858974695205688
ITA-Serie A,2627,Lazio,Kenneth Taylor,2,2026,96,14341,M,5,423,0,0.19179637730121613,0,0.19179637730121613,0,0.4568362906575203,5,6,0,0,3.7481659054756165,3.195503056049347
ITA-Serie A,2627,Lazio,Manuel Lazzari,2,2026,96,6180,S,3,22,0,0.020568177103996277,0,0.020568177103996277,0,0.0,1,0,0,0,0.020568177103996277,0.0
ITA-Serie A,2627,Lazio,Matteo Cancellieri,2,2026,96,9071,F S,5,300,1,0.7689223969355226,1,0.7689223969355226,0,0.5893561374396086,7,5,1,0,2.120936542749405,0.7898073494434357
ITA-Serie A,2627,Lazio,Mattia Zaccagni,2,2026,96,1958,F,5,447,1,2.2699383348226547,0,1.508639544248581,2,1.8946239054203033,16,8,2,0,3.9936898052692413,1.462707992643118
ITA-Serie A,2627,Lazio,Nicolo Rovella,2,2026,96,7411,M,2,126,0,0.03821427375078201,0,0.03821427375078201,0,0.04398836940526962,1,2,0,0,0.13948923349380493,0.13948923349380493
ITA-Serie A,2627,Lazio,Nuno Tavares,2,2026,96,9691,D S,5,339,0,0.5353384241461754,0,0.5353384241461754,2,1.1406703852117062,7,6,0,0,2.470544219017029,0.9463428519666195
ITA-Serie A,2627,Lazio,Oliver Provstgaard,2,2026,96,13447,D,5,450,0,0.08748076856136322,0,0.08748076856136322,0,0.01685580424964428,1,1,1,0,2.1807909160852432,2.093310132622719
ITA-Serie A,2627,Lazio,Reda Belahyane,2,2026,96,11049,M S,4,324,0,0.046317748725414276,0,0.046317748725414276,0,0.16120952926576138,1,3,1,0,1.3744238764047623,1.236092485487461
ITA-Serie A,2627,Lazio,Romano Floriani,2,2026,96,10075,D S,5,410,0,0.06212911009788513,0,0.06212911009788513,0,0.36519853863865137,1,3,1,0,1.6617190912365913,1.6429362818598747
ITA-Serie A,2627,Lazio,Tijjani Noslin,2,2026,96,12378,F S,4,177,2,1.832009805366397,2,1.832009805366397,0,0.046317748725414276,5,1,0,0,2.732021391391754,0.9798440635204315
ITA-Serie A,2627,Lecce,Amar Ahmed Fatah,2,2026,243,11246,S,4,91,0,0.09374482557177544,0,0.09374482557177544,0,0.01811259612441063,3,1,0,0,0.12039855495095253,0.00854113046079874
ITA-Serie A,2627,Lecce,Antonino Gallo,2,2026,243,8009,D,4,318,0,0.011043170467019081,0,0.011043170467019081,0,0.10137370321899652,1,2,0,0,0.09789563994854689,0.07831133902072906
ITA-Serie A,2627,Lecce,Corrie Ndaba,2,2026,243,13876,D S,2,132,0,0.0,0,0.0,0,0.0,0,0,0,0,0.7237807512283325,0.7237807512283325
ITA-Serie A,2627,Lecce,Danilo Veiga,2,2026,243,13395,D,5,450,0,0.0,0,0.0,1,0.7491965442895889,0,3,3,0,0.7092321673408151,0.0315204756334424
ITA-Serie A,2627,Lecce,Ivan Ilic,2,2026,243,8828,M S,4,221,0,0.08524773269891739,0,0.08524773269891739,2,0.6483802683651447,2,3,1,0,0.28688493371009827,0.18638189136981964
ITA-Serie A,2627,Lecce,Jamil Siebert,2,2026,243,13875,D S,5,382,0,0.09283257275819778,0,0.09283257275819778,0,0.6219924688339233,1,2,1,0,0.6787955434992909,0.0568030746653676
ITA-Serie A,2627,Lecce,Joël Monteiro,2,2026,243,15062,F M,3,214,0,0.02047730516642332,0,0.02047730516642332,0,0.06318139284849167,2,1,0,0,0.08365869428962469,0.0
ITA-Serie A,2627,Lecce,Kialonda Gaspar,2,2026,243,12885,D,4,338,0,0.8136727511882782,0,0.8136727511882782,0,0.0,2,0,2,0,0.7099227206781507,0.7099227206781507
ITA-Serie A,2627,Lecce,Konan N’Dri,2,2026,243,13451,F S,5,195,0,0.19984781369566917,0,0.19984781369566917,0,0.0,3,0,1,0,0.8308273926377296,0.6309795789420605
ITA-Serie A,2627,Lecce,Lassana Coulibaly,2,2026,243,3334,F M,5,450,2,1.5806555859744549,2,1.5806555859744549,1,0.14395245630294085,6,5,0,0,2.3379743844270706,0.9174525812268257
ITA-Serie A,2627,Lecce,Medon Berisha,2,2026,243,10908,S,1,6,0,0.03313199803233147,0,0.03313199803233147,0,0.0,1,0,0,0,0.03313199803233147,0.0
ITA-Serie A,2627,Lecce,Mohamed Kaba,2,2026,243,11946,S,2,23,0,0.0,0,0.0,0,0.0,0,0,0,0,0.0,0.0
ITA-Serie A,2627,Lecce,Nikola Stulic,2,2026,243,13969,F S,5,259,0,1.3301760703325272,0,1.3301760703325272,0,0.0061641475185751915,5,1,0,0,1.4556632675230503,0.11932304967194796
ITA-Serie A,2627,Lecce,Olaf Gorter,2,2026,243,13878,M,2,112,1,0.06215522810816765,1,0.06215522810816765,0,0.029512930661439896,1,1,0,0,0.06215522810816765,0.0
ITA-Serie A,2627,Lecce,Omri Gandelman,2,2026,243,14339,S,1,1,0,0.0,0,0.0,0,0.0,0,0,0,0,0.0,0.0
ITA-Serie A,2627,Lecce,Oumar Ngom,2,2026,243,14347,M S,5,255,0,0.056029331870377064,0,0.056029331870377064,0,0.0719780046492815,4,3,1,0,0.8631355809047818,0.7665371121838689
ITA-Serie A,2627,Lecce,Paco Esteban,2,2026,243,14886,S,2,58,0,0.0,0,0.0,0,0.0,0,0,0,0,0.0,0.0
ITA-Serie A,2627,Lecce,Santiago Pierotti,2,2026,243,12362,F M S,5,373,0,0.18488528300076723,0,0.18488528300076723,0,0.843276634812355,3,2,0,0,1.2469796920195222,0.2188177490606904
ITA-Serie A,2627,Lecce,Tiago Gabriel,2,2026,243,13396,D S,4,243,2,1.2188577353954315,2,1.2188577353954315,0,0.0,2,0,0,0,0.8004751950502396,0.8004751950502396
ITA-Serie A,2627,Lecce,Willem Geubbels,2,2026,243,6332,F,2,133,0,0.257948637008667,0,0.257948637008667,0,0.0,2,0,0,0,0.2284357100725174,0.0
ITA-Serie A,2627,Lecce,Wladimiro Falcone,2,2026,243,4984,GK,5,450,0,0.0,0,0.0,0,0.0,0,0,1,0,0.02556565124541521,0.02556565124541521
ITA-Serie A,2627,Lecce,Youssef Maleh,2,2026,243,9893,M S,5,247,0,0.22488383576273918,0,0.22488383576273918,0,0.18184414133429527,4,2,0,0,0.4005839005112648,0.21191458404064178
ITA-Serie A,2627,Monza,Adam Bakoune,2,2026,271,14791,D S,4,151,0,0.04802238941192627,0,0.04802238941192627,0,0.02644052542746067,1,1,0,0,0.16101477295160294,0.11299238353967667
ITA-Serie A,2627,Monza,Andrea Carboni,2,2026,271,8232,D,5,444,0,0.4579277765005827,0,0.4579277765005827,0,0.6086803078651428,4,2,0,0,2.6090992130339146,1.839197438210249
ITA-Serie A,2627,Monza,Andrea Colpani,2,2026,271,6718,F M S,4,256,1,1.0739773139357567,1,1.0739773139357567,0,0.6406841035932302,6,6,0,0,1.515436314046383,0.49409453198313713
ITA-Serie A,2627,Monza,Dany Mota,2,2026,271,10895,F S,3,101,0,0.8679337501525879,0,0.8679337501525879,0,0.20177427120506763,4,4,0,0,1.4190071448683739,0.3723387084901333
ITA-Serie A,2627,Monza,Demba Thiam,2,2026,271,6976,GK,3,270,0,0.0,0,0.0,0,0.03534119948744774,0,1,0,0,0.2231505997478962,0.18780939653515816
ITA-Serie A,2627,Monza,Ebenezer Akinsanmiro,2,2026,271,11586,M S,4,268,0,0.0,0,0.0,1,0.4591757543385029,0,4,0,0,2.3451544642448425,2.206564575433731
ITA-Serie A,2627,Monza,Eddy Kouadio,2,2026,271,13045,D,5,444,0,0.6976683735847473,0,0.6976683735847473,0,0.7010137289762497,2,2,2,0,1.9698238857090473,1.26881018653512
ITA-Serie A,2627,Monza,Exequiel Zeballos,2,2026,271,15079,S,1,24,1,0.05787656456232071,1,0.05787656456232071,0,0.0,2,0,0,0,0.04802238941192627,0.04802238941192627
ITA-Serie A,2627,Monza,Filippo Delli Carri,2,2026,271,4952,S,2,28,0,0.0,0,0.0,0,0.0,0,0,0,0,0.34007808566093445,0.34007808566093445
ITA-Serie A,2627,Monza,Gustavo Varela,2,2026,271,14794,F,4,341,4,2.6201901733875275,3,1.85889133810997,0,1.1076453179121017,11,6,1,0,3.7159799933433533,0.8248954266309738
ITA-Serie A,2627,Monza,Jay Robinson,2,2026,271,13582,M S,4,240,1,0.7280638795346022,1,0.7280638795346022,0,0.09847581386566162,6,2,0,0,2.8842669427394867,2.0577272772789
ITA-Serie A,2627,Monza,Leonardo Colombo,2,2026,271,11283,S,1,25,0,0.0,0,0.0,0,0.0,0,0,1,0,0.0,0.0
ITA-Serie A,2627,Monza,Lorenzo Lucchesi,2,2026,271,12877,D,5,422,0,0.5492794066667557,0,0.5492794066667557,0,0.2824534773826599,4,1,2,0,1.782197211869061,1.782197211869061
ITA-Serie A,2627,Monza,Manga Foe Ondoa,2,2026,271,14792,M S,3,178,0,0.1301434226334095,0,0.1301434226334095,0,0.0884186215698719,4,2,0,0,0.8413707725703716,0.744226485490799
ITA-Serie A,2627,Monza,Mathis Mout,2,2026,271,14793,M S,5,143,0,0.101295399479568,0,0.101295399479568,1,0.06918638944625854,3,1,0,0,1.1803359491750598,1.0098541378974915
ITA-Serie A,2627,Monza,Michael Folorunsho,2,2026,271,11877,M S,4,304,0,0.4611536655575037,0,0.4611536655575037,0,0.6704024970531464,7,3,2,0,2.8568892180919647,2.3781651109457016
ITA-Serie A,2627,Monza,Nicolas Galazzi,2,2026,271,9886,S,1,19,0,0.016976090148091316,0,0.016976090148091316,0,0.0,1,0,0,0,0.06803686171770096,0.06803686171770096
ITA-Serie A,2627,Monza,Noel Törnqvist,2,2026,271,14325,GK,1,90,0,0.0,0,0.0,0,0.0,0,0,0,0,0.09559357166290283,0.09559357166290283
ITA-Serie A,2627,Monza,Omari Forson,2,2026,271,12340,M S,4,93,0,0.14244608581066132,0,0.14244608581066132,0,0.07257046923041344,2,4,0,0,0.9961761496961117,0.836753960698843
ITA-Serie A,2627,Monza,Patrick Cutrone,2,2026,271,4918,M S,4,191,0,0.7677075602114201,0,0.7677075602114201,0,0.3798321262001991,4,4,0,0,1.4578680992126465,0.3905982915312052
ITA-Serie A,2627,Monza,Ricardo Mangas,2,2026,271,9806,D F,5,376,1,1.116548316553235,1,1.116548316553235,2,1.0373100508004427,3,8,0,0,4.233649216592312,2.139836274087429
ITA-Serie A,2627,Monza,Samuele Birindelli,2,2026,271,10892,D,5,446,0,0.2372519699856639,0,0.2372519699856639,2,1.3532276973128319,6,8,1,0,2.7626921012997627,2.0264875032007694
ITA-Serie A,2627,Monza,Semuel Pizzignacco,2,2026,271,6507,GK,1,90,0,0.0,0,0.0,0,0.0,0,0,0,0,0.0,0.0
ITA-Serie A,2627,Monza,Yvan Maye,2,2026,271,14211,S,2,7,0,0.01482965238392353,0,0.01482965238392353,0,0.0,1,0,0,0,0.03534119948744774,0.03534119948744774
ITA-Serie A,2627,Napoli,Alex Meret,2,2026,105,1892,GK,3,270,0,0.0,0,0.0,0,0.0,0,0,0,0,0.10640009306371212,0.10640009306371212
ITA-Serie A,2627,Napoli,Alisson Santos,2,2026,105,14427,F S,3,180,0,0.23203769698739052,0,0.23203769698739052,0,0.12390896677970886,8,2,0,0,0.41604455560445786,0.09208352863788605
ITA-Serie A,2627,Napoli,Amir Rrahmani,2,2026,105,7924,D,5,450,0,0.05731055699288845,0,0.05731055699288845,1,0.06928355246782303,4,1,0,0,2.1124761551618576,2.091833218932152
ITA-Serie A,2627,Napoli,Antonio Vergara,2,2026,105,10241,M S,3,138,1,1.0263417661190033,1,1.0263417661190033,1,0.475740572437644,3,2,1,0,1.671673722565174,0.1695914063602686
ITA-Serie A,2627,Napoli,Benoit Badiashile Mukinayi,2,2026,105,7240,S,1,6,0,0.0,0,0.0,0,0.0,0,0,0,0,0.0,0.0
ITA-Serie A,2627,Napoli,Billy Gilmour,2,2026,105,7988,M S,3,187,1,0.09633145481348038,1,0.09633145481348038,0,0.0,2,0,0,0,2.0059536695480347,1.955912709236145
ITA-Serie A,2627,Napoli,Costantino Favasuli,2,2026,105,11138,S,2,57,0,0.5838437043130398,0,0.5838437043130398,1,0.44084271788597107,3,2,0,0,1.4396641254425049,0.4149777293205261
ITA-Serie A,2627,Napoli,David Neres,2,2026,105,12993,S,3,61,0,0.6962773483246565,0,0.6962773483246565,0,0.5481997132301331,3,2,0,0,1.2994998376816511,0.05502273142337799
ITA-Serie A,2627,Napoli,Franck Zambo,2,2026,105,6434,M S,4,242,0,1.2754745446145535,0,1.2754745446145535,0,0.052859146147966385,5,1,0,0,1.9207617416977882,0.6452870890498161
ITA-Serie A,2627,Napoli,Giovanni Di Lorenzo,2,2026,105,6978,D,5,450,0,0.012472892180085182,0,0.012472892180085182,1,0.4355035871267319,1,3,1,0,3.237919956445694,3.2025174647569656
ITA-Serie A,2627,Napoli,Kevin De Bruyne,2,2026,105,447,M S,5,257,1,0.7088299104943871,1,0.7088299104943871,1,1.3613394275307655,5,13,0,0,3.355715423822403,2.67877796292305
ITA-Serie A,2627,Napoli,Leonardo Spinazzola,2,2026,105,1500,D S,4,300,0,0.14008789137005806,0,0.14008789137005806,0,0.29465179331600666,3,5,0,0,1.4565214961767197,1.0446362271904945
ITA-Serie A,2627,Napoli,Lorenzo Lucca,2,2026,105,11936,S,5,75,0,0.18920468538999557,0,0.18920468538999557,0,1.0182011239230633,3,3,0,0,1.7622882835566998,0.6890644617378712
ITA-Serie A,2627,Napoli,Mathías Olivera,2,2026,105,6368,D S,4,160,0,0.9765939861536026,0,0.9765939861536026,0,0.2169928476214409,6,3,0,0,2.533879190683365,1.3671659007668495
ITA-Serie A,2627,Napoli,Matteo Politano,2,2026,105,1473,F M,5,346,1,0.4666620194911957,1,0.4666620194911957,1,0.9428509175777435,3,6,1,0,2.2832721807062626,1.7018621154129505
ITA-Serie A,2627,Napoli,Noa Lang,2,2026,105,13881,F M S,4,184,0,0.37138913571834564,0,0.37138913571834564,0,0.14316019415855408,4,2,0,0,1.140768013894558,0.6469435468316078
ITA-Serie A,2627,Napoli,Rafa Marín,2,2026,105,10200,D,5,441,0,0.1138088395819068,0,0.1138088395819068,0,0.09548065066337585,3,1,1,0,2.2166753336787224,2.2016802355647087
ITA-Serie A,2627,Napoli,Rasmus Højlund,2,2026,105,11055,F,5,375,2,1.4979403465986252,2,1.4979403465986252,0,0.01457923837006092,8,1,0,0,1.587333695963025,0.17029473837465048
ITA-Serie A,2627,Napoli,Scott McTominay,2,2026,105,5560,M,2,150,0,0.17565434984862804,0,0.17565434984862804,0,0.10998310893774033,2,2,0,0,0.8833670914173126,0.5977296307682991
ITA-Serie A,2627,Napoli,Stanislav Lobotka,2,2026,105,6125,M,5,443,1,0.44519476033747196,1,0.44519476033747196,0,0.4028684180229902,4,3,0,0,2.2713978216052055,1.8655096869915724
ITA-Serie A,2627,Napoli,Vanja Milinkovic-Savic,2,2026,105,6167,GK,2,180,0,0.0,0,0.0,0,0.0,0,0,0,0,0.431132972240448,0.431132972240448
ITA-Serie A,2627,Parma Calcio 1913,Abdou-Salam Konate,2,2026,230,14181,M S,2,93,0,0.011492544785141945,0,0.011492544785141945,0,0.0,1,0,1,0,0.02419697493314743,0.02419697493314743
ITA-Serie A,2627,Parma Calcio 1913,Adrián Bernabé,2,2026,230,8867,M S,3,178,0,0.02419697493314743,0,0.02419697493314743,0,0.051198460161685944,1,3,0,0,0.612652737647295,0.5799534842371941
ITA-Serie A,2627,Parma Calcio 1913,Benjamín Cremaschi,2,2026,230,14021,S,2,27,0,0.0,0,0.0,0,0.0,0,0,0,0,0.0,0.0
ITA-Serie A,2627,Parma Calcio 1913,Christian Ordóñez,2,2026,230,13948,M S,4,210,0,0.12279788590967655,0,0.12279788590967655,0,0.04221634939312935,4,2,0,0,0.11636405624449253,0.0
ITA-Serie A,2627,Parma Calcio 1913,David Romero,2,2026,230,14808,F S,4,167,2,0.9650033116340637,2,0.9650033116340637,0,0.0,8,0,0,0,0.9650033116340637,0.0
ITA-Serie A,2627,Parma Calcio 1913,Diego Carlos,2,2026,230,5712,D,3,223,0,0.057441774755716324,0,0.057441774755716324,0,0.0,1,0,0,0,1.281901091337204,1.281901091337204
ITA-Serie A,2627,Parma Calcio 1913,Dominik Drobnic,2,2026,230,14344,D,2,180,0,0.0,0,0.0,0,0.0,0,0,1,0,0.08880722522735596,0.08880722522735596
ITA-Serie A,2627,Parma Calcio 1913,Edoardo Corvi,2,2026,230,8290,GK,5,450,0,0.0,0,0.0,0,0.0,0,0,0,0,0.35962280072271824,0.35962280072271824
ITA-Serie A,2627,Parma Calcio 1913,El Bilal Touré,2,2026,230,8294,F M,5,380,0,0.5390480803325772,0,0.5390480803325772,1,0.08104575797915459,5,2,0,0,0.7052649520337582,0.2222055345773697
ITA-Serie A,2627,Parma Calcio 1913,Emanuele Valeri,2,2026,230,11027,D,5,450,0,0.036518581211566925,0,0.036518581211566925,0,1.5573718845844269,2,9,0,0,1.178538290783763,0.046045420691370964
ITA-Serie A,2627,Parma Calcio 1913,Enrico Del Prato,2,2026,230,6692,D,5,450,0,0.1331973373889923,0,0.1331973373889923,0,0.07806714251637459,3,4,2,0,0.4306770861148834,0.3555733412504196
ITA-Serie A,2627,Parma Calcio 1913,Giovanni Fabbian,2,2026,230,11964,M S,3,78,0,0.10811859369277954,0,0.10811859369277954,0,0.07344697415828705,1,1,0,0,0.48471584916114807,0.41126886010169983
ITA-Serie A,2627,Parma Calcio 1913,Lautaro Valenti,2,2026,230,8967,S,1,41,0,0.0,0,0.0,0,0.0,0,0,0,0,0.13478082418441772,0.13478082418441772
ITA-Serie A,2627,Parma Calcio 1913,Mandela Keita,2,2026,230,13097,F M,5,438,0,0.020625367760658264,0,0.020625367760658264,0,0.13881375640630722,1,3,1,0,1.1940554827451706,1.0840884074568748
ITA-Serie A,2627,Parma Calcio 1913,Mariano Troilo,2,2026,230,13979,D,5,448,0,0.0,0,0.0,0,0.1567687727510929,0,2,2,0,1.5091359838843346,1.5091359838843346
ITA-Serie A,2627,Parma Calcio 1913,Matija Frigan,2,2026,230,14809,S,2,75,0,0.10787251591682434,0,0.10787251591682434,0,0.09238525107502937,1,2,0,0,0.8652998358011246,0.6650421023368835
ITA-Serie A,2627,Parma Calcio 1913,Nesta Elphege,2,2026,230,14412,F S,4,104,0,0.3500640504062176,0,0.3500640504062176,1,0.42661278788000345,3,2,0,0,0.5206098789349198,0.020550133660435677
ITA-Serie A,2627,Parma Calcio 1913,Niakhate Ndiaye,2,2026,230,9447,D,1,90,0,0.45347023010253906,0,0.45347023010253906,0,0.0,1,0,0,0,0.02419697493314743,0.02419697493314743
ITA-Serie A,2627,Parma Calcio 1913,Ousmane Diallo,2,2026,230,14806,S,1,12,0,0.0,0,0.0,0,0.0,0,0,0,0,0.0,0.0
ITA-Serie A,2627,Parma Calcio 1913,Pontus Almqvist,2,2026,230,9061,S,5,72,1,0.41126886010169983,1,0.41126886010169983,1,0.3354258257895708,1,3,1,0,0.8201416432857513,0.07344697415828705
ITA-Serie A,2627,Parma Calcio 1913,Rachid Kouda,2,2026,230,14805,S,1,12,0,0.0,0,0.0,0,0.0,0,0,0,0,0.0,0.0
ITA-Serie A,2627,Parma Calcio 1913,Sascha Britschgi,2,2026,230,13980,D M S,4,255,0,0.012788664549589157,0,0.012788664549589157,0,0.0,1,0,0,0,1.1548713892698288,1.1420827358961105
ITA-Serie A,2627,Parma Calcio 1913,Simone Lontani,2,2026,230,14804,F M S,5,327,1,0.6596158072352409,1,0.6596158072352409,0,0.45347023010253906,5,1,0,0,0.7220967262983322,0.1972617506980896
ITA-Serie A,2627,Parma Calcio 1913,Vincent Sierro,2,2026,230,5311,M S,3,190,0,0.04957856982946396,0,0.04957856982946396,0,0.3882497251033783,1,1,0,0,1.015345185995102,0.6270954422652721
ITA-Serie A,2627,Roma,Bryan Cristante,2,2026,95,1168,M,5,425,0,0.4280400052666664,0,0.4280400052666664,0,0.05142786726355553,8,1,0,0,4.604396000504494,4.311288550496101
ITA-Serie A,2627,Roma,Daniele Ghilardi,2,2026,95,12858,D S,3,138,0,0.0,0,0.0,0,0.0,0,0,1,0,0.6548173725605011,0.6548173725605011
ITA-Serie A,2627,Roma,Devyne Rensch,2,2026,95,13389,S,2,28,0,0.0,0,0.0,0,0.0,0,0,0,0,0.13931211829185486,0.13931211829185486
ITA-Serie A,2627,Roma,Donyell Malen,2,2026,95,9749,F,5,352,6,5.8672687113285065,6,5.8672687113285065,0,0.4971594214439392,20,7,1,0,7.501896485686302,1.3149362411350012
ITA-Serie A,2627,Roma,Emanuele Lulli,2,2026,95,14300,D M,4,324,0,0.06298177689313889,0,0.06298177689313889,0,0.802893191576004,1,4,0,0,2.656240552663803,2.35429148375988
ITA-Serie A,2627,Roma,Evan Ndicka,2,2026,95,7049,D S,3,185,0,0.5121009349822998,0,0.5121009349822998,0,0.0,2,0,1,0,1.5120915323495865,1.0607800036668777
ITA-Serie A,2627,Roma,Gianluca Mancini,2,2026,95,6159,D,5,396,0,0.9607918560504913,0,0.9607918560504913,2,1.852626383304596,4,5,0,0,4.591441363096237,1.855822630226612
ITA-Serie A,2627,Roma,Konstantinos Koulierakis,2,2026,95,13063,S,2,26,0,0.0,0,0.0,0,0.0,0,0,1,0,0.22732236981391907,0.22732236981391907
ITA-Serie A,2627,Roma,Kouadio Kone,2,2026,95,7482,M S,5,329,2,1.0707238763570786,2,1.0707238763570786,0,0.29515098221600056,6,6,1,0,2.75623220205307,1.6747097000479698
ITA-Serie A,2627,Roma,Leonardo Balerdi,2,2026,95,7486,D S,3,181,0,0.06907214224338531,0,0.06907214224338531,0,0.0,1,0,0,0,0.49934501200914383,0.49934501200914383
ITA-Serie A,2627,Roma,Mario Hermoso,2,2026,95,6136,D,5,424,1,0.14961040019989014,1,0.14961040019989014,0,1.0967543981969357,2,6,2,0,4.807531714439392,3.7767271548509598
ITA-Serie A,2627,Roma,Marten de Roon,2,2026,95,1710,S,2,28,0,0.0,0,0.0,0,0.03361152857542038,0,1,0,0,0.14683789014816284,0.11322635412216187
ITA-Serie A,2627,Roma,Matìas Soulè Malvano,2,2026,95,9965,M S,5,280,2,2.1045790556818247,2,2.1045790556818247,1,0.5145326089113951,16,5,0,0,5.529041111469269,3.181347757577896
ITA-Serie A,2627,Roma,Mile Svilar,2,2026,95,10967,GK,5,450,0,0.0,0,0.0,0,0.0,0,0,0,0,0.2308858335018158,0.2308858335018158
ITA-Serie A,2627,Roma,Nahuel Molina,2,2026,95,8963,D S,4,215,0,0.1286441795527935,0,0.1286441795527935,1,0.9898909628391266,3,7,0,0,3.979471266269684,3.491409182548523
ITA-Serie A,2627,Roma,Neil El Aynaoui,2,2026,95,12104,S,1,9,0,0.0,0,0.0,0,0.0,0,0,0,0,0.6868959665298462,0.6868959665298462
ITA-Serie A,2627,Roma,Niccolò Pisilli,2,2026,95,11470,M S,4,146,2,0.7807044386863708,2,0.7807044386863708,0,0.20516785979270935,3,3,1,0,1.6171734482049942,0.7118231542408466
ITA-Serie A,2627,Roma,Paulo Dybala,2,2026,95,1294,F M,5,413,0,1.864550694823265,0,1.864550694823265,4,4.2060305923223495,18,20,0,0,8.697067379951477,3.4297453463077545
ITA-Serie A,2627,Roma,Rodrigo Mora,2,2026,95,14918,M S,4,170,1,1.0425245761871338,1,1.0425245761871338,0,0.8695764727890491,9,4,0,0,1.8830506354570389,0.5114014744758606
ITA-Serie A,2627,Roma,Santiago Castro,2,2026,95,12528,S,4,98,0,1.0753992656245828,0,1.0753992656245828,0,0.1347646862268448,7,2,0,0,1.7777208387851715,0.5790067687630653
ITA-Serie A,2627,Roma,Wesley,2,2026,95,13891,D M,4,333,0,0.15054061263799667,0,0.15054061263799667,1,1.6749088019132614,3,14,0,0,3.9289329051971436,2.5707299783825874
ITA-Serie A,2627,Sassuolo,Andrea Ghion,2,2026,104,7627,S,1,7,0,0.0,0,0.0,0,0.0,0,0,0,0,0.0,0.0
ITA-Serie A,2627,Sassuolo,Arijanet Muric,2,2026,104,7027,GK,5,450,0,0.0,0,0.0,0,0.0,0,0,0,0,1.2157235983759165,1.2157235983759165
ITA-Serie A,2627,Sassuolo,Armand Lauriente,2,2026,104,6697,F M,5,450,0,1.721360631287098,0,1.721360631287098,1,1.5468326061964035,19,7,1,0,4.031417593359947,1.3712960928678513
ITA-Serie A,2627,Sassuolo,Benjamín Domínguez,2,2026,104,13061,S,4,78,0,0.06563889514654875,0,0.06563889514654875,0,0.0,2,0,0,0,0.06563889514654875,0.051809508353471756
ITA-Serie A,2627,Sassuolo,Cas Odenthal,2,2026,104,14085,D,1,90,1,0.5228176116943359,1,0.5228176116943359,0,0.012120059691369534,1,1,0,0,0.7770265936851501,0.2542089819908142
ITA-Serie A,2627,Sassuolo,Cristian Volpato,2,2026,104,10084,F,3,189,1,0.24649817496538162,1,0.24649817496538162,0,0.8351967036724091,5,8,1,0,0.9399782717227936,0.48626691848039627
ITA-Serie A,2627,Sassuolo,Darryl Bakola,2,2026,104,12601,M S,4,299,0,0.3650053106248379,0,0.3650053106248379,1,0.4988787919282913,2,6,0,0,2.0888942778110504,1.6192477643489838
ITA-Serie A,2627,Sassuolo,Domenico Berardi,2,2026,104,1612,F M S,4,213,1,1.0234300270676613,1,1.0234300270676613,0,0.2516331523656845,9,4,0,0,1.983877494931221,1.0178338289260864
ITA-Serie A,2627,Sassuolo,Duje Caleta-Car,2,2026,104,7007,D S,2,99,0,0.0,0,0.0,0,0.0,0,0,0,0,0.7064511179924011,0.7064511179924011
ITA-Serie A,2627,Sassuolo,Fedde Leysen,2,2026,104,14903,D S,5,375,0,0.07967192679643631,0,0.07967192679643631,1,0.09619040042161942,2,1,1,0,0.9132558479905128,0.9132558479905128
ITA-Serie A,2627,Sassuolo,Gabriel Kulla,2,2026,104,14904,S,1,1,0,0.0,0,0.0,0,0.0,0,0,0,0,0.0,0.0
ITA-Serie A,2627,Sassuolo,Jay Idzes,2,2026,104,12989,D,3,261,0,0.01674560457468033,0,0.01674560457468033,0,0.07805909216403961,1,1,1,0,0.26461784169077873,0.26461784169077873
ITA-Serie A,2627,Sassuolo,Josh Doig,2,2026,104,11023,D,5,417,1,0.1796961296349764,1,0.1796961296349764,0,0.4602200333029032,4,5,0,0,2.2950384616851807,1.9852434694766998
ITA-Serie A,2627,Sassuolo,Kieron Bowie,2,2026,104,14417,F S,5,297,1,1.5745534524321556,1,1.5745534524321556,0,0.845339335501194,9,8,0,0,2.37851420044899,0.6867436170578003
ITA-Serie A,2627,Sassuolo,Kristian Thorstvedt,2,2026,104,10994,M S,5,216,0,0.944519892334938,0,0.944519892334938,0,0.10630922019481659,7,2,0,0,1.721705600619316,1.5250908136367798
ITA-Serie A,2627,Sassuolo,Laurs Skjellerup,2,2026,104,14104,S,1,6,0,0.0,0,0.0,0,0.0,0,0,0,0,0.0,0.0
ITA-Serie A,2627,Sassuolo,Luca Lipani,2,2026,104,11929,M S,4,143,0,0.0,0,0.0,0,0.0,0,0,2,0,0.7652999833226204,0.7652999833226204
ITA-Serie A,2627,Sassuolo,Nemanja Matic,2,2026,104,697,M,5,404,0,0.09186803549528122,0,0.09186803549528122,1,0.9963381737470627,4,7,1,0,3.800132244825363,3.4380087107419968
ITA-Serie A,2627,Sassuolo,Rafael Obrador,2,2026,104,8554,S,2,33,0,0.0,0,0.0,0,0.0,0,0,0,0,0.0635477751493454,0.0635477751493454
ITA-Serie A,2627,Sassuolo,Sebastiano Esposito,2,2026,104,7969,F,2,144,1,0.3629574812948704,1,0.3629574812948704,0,0.7712806761264801,4,4,0,0,1.454908311367035,0.7721179574728012
ITA-Serie A,2627,Sassuolo,Simone Cinquegrano,2,2026,104,14244,D,5,450,0,0.4640753138810396,0,0.4640753138810396,0,0.08634123206138611,6,2,0,0,1.678104653954506,1.4579216837882996
ITA-Serie A,2627,Sassuolo,Sulemana,2,2026,104,10985,S,1,27,0,0.0,0,0.0,0,0.0,0,0,0,0,0.33251938223838806,0.33251938223838806
ITA-Serie A,2627,Sassuolo,Tommaso Macchioni,2,2026,104,14200,D,1,75,0,0.0,0,0.0,0,0.0,0,0,0,0,0.17747515439987183,0.17747515439987183
ITA-Serie A,2627,Sassuolo,Vasilije Adzic,2,2026,104,13072,M S,5,226,3,1.6974174827337265,3,1.6974174827337265,1,0.8090071827173233,11,12,0,0,2.4634398072957993,1.1067548990249634
ITA-Serie A,2627,Torino,Alessio Cacciamani,2,2026,113,13599,D M S,5,364,0,0.13142065703868866,0,0.13142065703868866,1,0.40586119145154953,1,2,0,0,1.3258746638894081,1.1944539919495583
ITA-Serie A,2627,Torino,Ardian Ismajli,2,2026,113,9090,D S,4,251,0,0.0,0,0.0,0,0.0,0,0,0,0,0.7499273717403412,0.7499273717403412
ITA-Serie A,2627,Torino,Cesare Casadei,2,2026,113,10433,M,1,70,0,0.0,0,0.0,0,0.0,0,0,0,0,0.0,0.0
ITA-Serie A,2627,Torino,Che Adams,2,2026,113,7700,F S,3,196,2,0.8535634912550449,2,0.8535634912550449,0,0.14918363094329834,3,2,0,0,1.0553425252437592,0.2551664896309376
ITA-Serie A,2627,Torino,Daniel Bragança,2,2026,113,15039,M S,3,129,0,0.04584546014666557,0,0.04584546014666557,0,0.2740946412086487,2,1,1,0,0.35784323140978813,0.03790314868092537
ITA-Serie A,2627,Torino,Diego Mascardi,2,2026,113,14897,GK,2,180,0,0.0,0,0.0,0,0.0,0,0,0,0,0.4411962330341339,0.4411962330341339
ITA-Serie A,2627,Torino,Duván Zapata,2,2026,113,1148,S,2,10,0,0.0,0,0.0,0,0.0,0,0,0,0,0.0,0.0
ITA-Serie A,2627,Torino,Emirhan Ilkhan,2,2026,113,10899,S,3,70,0,0.0,0,0.0,0,0.29363077878952026,0,1,0,0,0.7849150281399488,0.4912842493504286
ITA-Serie A,2627,Torino,Eray Cömert,2,2026,113,10382,D,4,320,0,0.023473400622606277,0,0.023473400622606277,1,0.023655856028199196,1,1,0,0,1.017135209403932,0.9700059359893203
ITA-Serie A,2627,Torino,Gaetano Oristanio,2,2026,113,11958,S,1,20,0,0.052492521703243256,0,0.052492521703243256,0,0.3965635299682617,1,2,0,0,0.44905605912208557,0.0
ITA-Serie A,2627,Torino,Giovanni Simeone,2,2026,113,1102,F S,5,342,0,0.9633775427937508,0,0.9633775427937508,0,0.0762375071644783,9,1,0,0,1.4576447159051895,0.45298760011792183
ITA-Serie A,2627,Torino,Gvidas Gineitis,2,2026,113,11278,M,4,281,0,0.10880263149738312,0,0.10880263149738312,1,0.053387466818094254,1,1,1,0,0.5522444723173976,0.4434418408200145
ITA-Serie A,2627,Torino,Kian Fitz-Jim,2,2026,113,14898,M,5,387,0,0.026172481011599302,0,0.026172481011599302,0,1.082703523337841,2,8,0,0,1.6313046654686332,1.0150353237986565
ITA-Serie A,2627,Torino,Lucas Perri,2,2026,113,12369,GK,3,270,0,0.0,0,0.0,0,0.0,0,0,0,0,0.6375356903299689,0.6375356903299689
ITA-Serie A,2627,Torino,Marcus Pedersen,2,2026,113,12012,D,1,70,0,0.0,0,0.0,0,0.0996403694152832,0,1,0,0,0.0996403694152832,0.0996403694152832
ITA-Serie A,2627,Torino,Nathan Patterson,2,2026,113,10292,S,2,72,0,0.0,0,0.0,0,0.0,0,0,1,0,0.06917481869459152,0.06917481869459152
ITA-Serie A,2627,Torino,Niccolò Fortini,2,2026,113,12609,D M S,5,278,0,0.05455248802900314,0,0.05455248802900314,0,0.08988752961158752,1,1,0,0,1.2549434900283813,1.2549434900283813
ITA-Serie A,2627,Torino,Nikola Vlasic,2,2026,113,6276,F M,5,430,0,0.3004073966294527,0,0.3004073966294527,0,0.27506841253489256,6,2,0,0,1.9159220671281219,1.3953918358311057
ITA-Serie A,2627,Torino,Pietro Comuzzo,2,2026,113,11902,D,4,339,1,0.6325240731239319,1,0.6325240731239319,0,0.07728452235460281,2,2,0,0,1.8432761505246162,1.4847762361168861
ITA-Serie A,2627,Torino,Rafik Belghali,2,2026,113,13962,D S,3,97,0,0.0,0,0.0,1,0.5640427581965923,0,2,1,0,0.6791033213958144,0.11506057064980268
ITA-Serie A,2627,Torino,Ricardo Rodríguez,2,2026,113,308,S,1,16,0,0.0,0,0.0,0,0.0,0,0,0,0,0.0,0.0
ITA-Serie A,2627,Torino,Sandro Kulenovic,2,2026,113,14403,S,3,52,1,0.3749625086784363,1,0.3749625086784363,0,0.0,3,0,0,0,0.4441373348236084,0.06917481869459152
ITA-Serie A,2627,Torino,Saúl Coco,2,2026,113,11741,D,5,399,0,0.5688030123710632,0,0.5688030123710632,0,0.03772175684571266,4,2,0,0,1.3508694767951965,1.3508694767951965
ITA-Serie A,2627,Torino,Zakaria Aboukhlal,2,2026,113,10796,S,2,23,0,0.32329099252820015,0,0.32329099252820015,0,0.0,2,0,0,0,0.32329099252820015,0.0
ITA-Serie A,2627,Udinese,Alessandro Zanoli,2,2026,99,9876,S,1,18,0,0.015638547018170357,0,0.015638547018170357,0,0.1223125234246254,1,2,0,0,0.1379510760307312,0.027572952210903168
ITA-Serie A,2627,Udinese,Christian Kabasele,2,2026,99,1725,D S,3,215,0,0.6011047959327698,0,0.6011047959327698,0,0.0,2,0,0,0,1.066066563129425,1.066066563129425
ITA-Serie A,2627,Udinese,Enzo Ebosse,2,2026,99,8632,D S,5,381,0,0.0193267073482275,0,0.0193267073482275,0,0.89812046661973,1,5,0,0,1.4913985095918179,1.1980218477547169
ITA-Serie A,2627,Udinese,Giorgi Chakvetadze,2,2026,99,15065,S,2,59,0,0.07223483175039291,0,0.07223483175039291,0,0.0,2,0,0,0,0.1928857136517763,0.1928857136517763
ITA-Serie A,2627,Udinese,Hassane Kamara,2,2026,99,3729,D,5,432,2,0.6947631435468793,2,0.6947631435468793,1,0.27930809929966927,9,3,0,0,1.6855198629200459,0.7372812665998936
ITA-Serie A,2627,Udinese,Idrissa Gueye,2,2026,99,13811,F S,4,177,1,1.3636165484786034,1,1.3636165484786034,0,0.16282161325216293,10,3,0,0,2.102445773780346,0.6181367412209511
ITA-Serie A,2627,Udinese,Jakub Piotrowski,2,2026,99,13955,M,3,150,1,0.34086451679468155,1,0.34086451679468155,0,0.22113652527332306,4,3,2,0,0.6007622219622135,0.30949338525533676
ITA-Serie A,2627,Udinese,James Abankwah,2,2026,99,10881,D,5,440,1,0.4437234029173851,1,0.4437234029173851,0,0.05352053605020046,2,2,1,0,1.8721990175545216,1.8721990175545216
ITA-Serie A,2627,Udinese,Jesper Karlström,2,2026,99,12853,M,5,450,1,0.3241366120055318,1,0.3241366120055318,0,0.0737985223531723,3,4,2,0,1.700753364712,1.6174388267099857
ITA-Serie A,2627,Udinese,Juan Arizala,2,2026,99,14386,S,1,3,0,0.0,0,0.0,0,0.0,0,0,0,0,0.0,0.0
ITA-Serie A,2627,Udinese,Jurgen Ekkelenkamp,2,2026,99,9993,M,5,439,2,1.1471973359584808,2,1.1471973359584808,1,0.5566869415342808,14,2,0,0,2.894063949584961,1.3427411019802094
ITA-Serie A,2627,Udinese,Keinan Davis,2,2026,99,1053,F,4,267,0,0.44540202617645264,0,0.44540202617645264,2,1.074964702129364,6,5,1,0,1.6848227977752686,0.6600044472143054
ITA-Serie A,2627,Udinese,Lennon Miller,2,2026,99,13958,M S,5,252,0,0.08385851979255676,0,0.08385851979255676,0,0.12029118277132511,2,4,1,0,1.2240454070270061,1.1273708157241344
ITA-Serie A,2627,Udinese,Maduka Okoye,2,2026,99,8326,GK,5,450,0,0.0,0,0.0,0,0.0,0,0,0,0,0.5187271405011415,0.5187271405011415
ITA-Serie A,2627,Udinese,Matteo Palma,2,2026,99,12635,D,1,49,0,0.0,0,0.0,0,0.0,0,0,0,0,0.0,0.0
ITA-Serie A,2627,Udinese,Mergim Vojvoda,2,2026,99,8819,D,5,432,0,0.12778262794017792,0,0.12778262794017792,0,0.7291592536494136,3,8,0,0,2.733493894338608,2.0306065306067467
ITA-Serie A,2627,Udinese,Nicolo Zaniolo,2,2026,99,6686,M,2,137,0,0.314592570066452,0,0.314592570066452,0,0.6597879081964493,5,5,1,0,1.0224627256393433,0.11186306178569794
ITA-Serie A,2627,Udinese,Nicolò Bertola,2,2026,99,9561,S,3,45,0,0.0,0,0.0,0,0.0,0,0,1,0,0.025911303237080574,0.025911303237080574
ITA-Serie A,2627,Udinese,Oier Zarraga,2,2026,99,8728,S,3,39,0,0.0,0,0.0,0,0.0,0,0,0,0,0.09602534025907516,0.09602534025907516
ITA-Serie A,2627,Udinese,Oumar Solet,2,2026,99,6618,D,3,217,0,0.0,0,0.0,0,0.12026670761406422,0,2,0,0,0.30591337010264397,0.1856466569006443
ITA-Serie A,2627,Udinese,Sandi Lovric,2,2026,99,10878,S,1,9,0,0.0,0,0.0,0,0.025911303237080574,0,1,0,0,0.36418405175209045,0.36418405175209045
ITA-Serie A,2627,Udinese,Unai Gómez,2,2026,99,11531,M S,5,208,0,0.2494693286716938,0,0.2494693286716938,1,0.593361034989357,3,3,1,0,0.3697648122906685,0.027572952210903168
ITA-Serie A,2627,Udinese,Vakoun Bayo,2,2026,99,13956,S,4,82,0,0.9027885515242815,0,0.9027885515242815,1,0.33827275037765503,4,1,1,0,1.3838537782430649,0.1427924856543541
ITA-Serie A,2627,Venezia,Akor Adams,2,2026,265,11783,F,5,417,1,1.5804618820548058,1,1.5804618820548058,0,0.023242516443133354,17,2,0,0,2.026816710829735,0.48639410734176636
ITA-Serie A,2627,Venezia,Albion Rrahmani,2,2026,265,14878,F S,4,77,0,0.18162314221262932,0,0.18162314221262932,0,0.0,4,0,0,0,0.13550526928156614,0.027212648652493954
ITA-Serie A,2627,Venezia,Antoine Hainaut,2,2026,265,12785,D,5,447,1,0.890985632315278,1,0.890985632315278,1,1.6460535302758217,6,7,0,0,2.556200474500656,0.7154368460178375
ITA-Serie A,2627,Venezia,Armel Bella Kotchap,2,2026,265,9710,D,3,195,0,0.5029945271089673,0,0.5029945271089673,0,0.0,2,0,0,0,0.3276779539883137,0.31853312253952026
ITA-Serie A,2627,Venezia,Bartol Franjic,2,2026,265,10733,D,2,137,0,0.43690529465675354,0,0.43690529465675354,0,0.0,2,0,0,0,0.47520866990089417,0.47520866990089417
ITA-Serie A,2627,Venezia,Filip Stankovic,2,2026,265,8308,GK,5,450,0,0.0,0,0.0,0,0.0,0,0,0,0,0.36552621982991695,0.36552621982991695
ITA-Serie A,2627,Venezia,Gianluca Busio,2,2026,265,9904,M,4,313,0,0.32822538912296295,0,0.32822538912296295,2,0.31235814094543457,5,5,1,0,2.009534813463688,1.7216100543737411
ITA-Serie A,2627,Venezia,John Yeboah,2,2026,265,7234,F S,5,382,1,2.4652764052152634,1,1.703977569937706,0,1.3471614718437195,13,10,0,0,3.0546763986349106,0.628586595878005
ITA-Serie A,2627,Venezia,Joël Schingtienne,2,2026,265,13006,D,5,450,0,0.0,0,0.0,0,0.09504655748605728,0,2,3,0,0.5072321984916925,0.4972417000681162
ITA-Serie A,2627,Venezia,Juan Jesus,2,2026,265,1247,D S,2,109,0,0.0,0,0.0,0,0.0,0,0,1,0,0.017503155395388603,0.017503155395388603
ITA-Serie A,2627,Venezia,Kike Pérez,2,2026,265,8470,M,5,425,0,0.022275492548942566,0,0.022275492548942566,0,0.9467114023864269,1,11,2,0,1.0599151849746704,0.448557423427701
ITA-Serie A,2627,Venezia,Lamine Fanne,2,2026,265,14883,S,1,17,0,0.0,0,0.0,0,0.0,0,0,0,0,0.018067816272377968,0.018067816272377968
ITA-Serie A,2627,Venezia,Lion Lauberbach,2,2026,265,14879,S,3,31,0,0.0,0,0.0,0,0.0,0,0,0,0,0.042765062302351,0.042765062302351
ITA-Serie A,2627,Venezia,Matteo Dagasso,2,2026,265,14877,S,1,18,0,0.0,0,0.0,0,0.0,0,0,1,0,0.02002852037549019,0.02002852037549019
ITA-Serie A,2627,Venezia,Matías Moreno,2,2026,265,13083,D S,3,172,0,0.3264281451702118,0,0.3264281451702118,0,0.0,5,0,2,0,0.2082206755876541,0.18329263478517532
ITA-Serie A,2627,Venezia,Redouane Halal,2,2026,265,10013,D S,2,133,0,0.05572638660669327,0,0.05572638660669327,0,0.0,1,0,1,0,0.10709972679615021,0.10709972679615021
ITA-Serie A,2627,Venezia,Richie Sagrado,2,2026,265,12874,D S,4,163,1,1.0449923910200596,1,1.0449923910200596,0,0.0,4,0,0,0,1.0742517206817865,0.10742873884737492
ITA-Serie A,2627,Venezia,Ridgeciano Haps,2,2026,265,9952,D S,4,262,0,0.5742291808128357,0,0.5742291808128357,1,0.5258232485502958,1,3,1,0,1.3020798154175282,0.22891388460993767
ITA-Serie A,2627,Venezia,Simon Sohm,2,2026,265,9029,M S,4,244,0,0.10875261574983597,0,0.10875261574983597,0,0.0844101095572114,2,4,2,0,0.20225334260612726,0.1580340564250946
ITA-Serie A,2627,Venezia,Thierry Correia,2,2026,265,8058,D S,4,182,0,0.557151310145855,0,0.557151310145855,0,0.06505499128252268,5,3,1,0,0.7548937555402517,0.2095899935811758
ITA-Serie A,2627,Venezia,Thórir Helgason,2,2026,265,10906,M S,2,120,0,0.047492572106420994,0,0.047492572106420994,0,0.03608524799346924,2,1,0,0,0.18205836415290833,0.17475661635398865
ITA-Serie A,2627,Venezia,Toma Basic,2,2026,265,6902,M,2,155,0,0.0,0,0.0,0,0.5602833032608032,0,3,0,0,0.3032099287956953,0.3032099287956953
ITA-Serie A,2627,Venezia,Toni Fernández,2,2026,265,13110,S,3,51,0,0.0,0,0.0,0,0.0,0,0,1,0,0.015672514215111732,0.015672514215111732
