player,birth_date
James Milner,1986-01-04
Anastasios Tsokanis,1991-05-02
Jonas Hofmann,1992-07-14
Javier García,1987-01-29
Cristiano Ronaldo,1985-02-05
Luiz Gustavo,1987-07-23
Ramiro Funes Mori,1991-03-05
Lionel Carole,1991-04-12
Éver Banega,1988-06-29
Daley Blind,1990-03-09
Lukas Podolski,1985-06-04
Raúl Albiol,1985-09-04
Igor Akinfeev,1986-04-08
Casemiro,1992-02-23
Oleg Ivanov,1986-08-04
Kasper Schmeichel,1986-11-05
Manuel Neuer,1986-03-27
Hugo Lloris,1986-12-26
Karim Benzema,1987-12-19
Rémy Riou,1987-08-06
José Sosa,1985-06-19
Ron-Robert Zieler,1989-02-12
Ionuț Pop,1997-08-01
Jesper Hansen,1985-03-31
Ricardo Batista,1986-11-19
Sergio Ramos,1986-03-30
Mikhail Kerzhakov,1987-01-28
Daniele Padelli,1985-10-25
Luka Modrić,1985-09-09
Lionel Messi,1987-06-24
Dani Pacheco,1991-01-05
Jasmin Buric,1987-02-18
Edin Dzeko,1986-03-17
João Moutinho,1986-09-08
Guillermo Ochoa,1985-07-13
Lukasz Fabianski,1985-04-18
John Ruddy,1986-10-24
Óscar Trejo,1988-04-26
Maxi Moralez,1987-02-27
Marco Ruben,1986-10-26
Jonathan de Guzmán,1987-09-13
Haroune Camara,1998-01-01
Tobias Sippel,1988-03-22
Turki Al-Ammar,1999-09-24
Przemyslaw Tyton,1987-01-04
Lorenzo De Silvestri,1988-05-23
Tom Heaton,1986-04-15
Athanasios Papageorgiou,1987-05-09
Tomislav Bozic,1987-11-01
Axel Witsel,1989-01-12
Marco Reus,1989-05-31
Kamil Vacek,1987-05-18
Janko Tumbasevic,1985-01-14
Brian Graham,1987-11-23
Arturo Vidal,1987-05-22
Dejan Lovren,1989-07-05
Kamil Grosicki,1988-06-08
Hugo Rodallega,1985-07-25
Robert Lewandowski,1988-08-21
Tomas Pekhart,1989-05-26
Borna Barisic,1992-11-10
Radamel Falcao,1986-02-10
Régis Gurtner,1986-12-08
Jens Grahl,1988-09-22
Alexis Sánchez,1988-12-19
Roman Neustädter,1988-02-18
Sven Ulreich,1988-08-03
Trevor Carson,1988-03-05
Ruben Yttergård Jenssen,1988-05-04
Ricky van Wolfswinkel,1989-01-27
Marko Arnautovic,1989-04-19
Johan Dahlin,1986-09-08
Yann Sommer,1988-12-17
Artur Jędrzejczyk,1987-11-04
Dayro Moreno,1985-09-16
Ivan Perišić,1989-02-02
Jo Coppens,1990-12-21
Jelle Vossen,1989-03-22
Taijo Teniste,1988-01-31
Lasse Nielsen,1988-01-08
Grant Kekana,1992-10-31
Albert Rusnák,1994-07-07
Ciprian Deac,1986-02-16
Kevin Müller,1991-03-15
André-Pierre Gignac,1985-12-05
Wojciech Szczesny,1990-04-18
Juan Mata,1988-04-28
Sergi Moreno,1987-11-25
Luis Suárez,1987-01-24
Mário Camora,1986-11-10
Anders Jacobsen,1989-10-27
Gabriel Mercado,1987-03-18
Ángel Di María,1988-02-14
André Ayew,1989-12-17
Alexander Gorgon,1988-10-28
Said Ahmed Said,1993-04-20
Martin Hansen,1990-06-15
Eric-Maxim Choupo-Moting,1989-03-23
Cenk Tosun,1991-06-07
Kevin Trapp,1990-07-08
Moussa Sissoko,1989-08-16
Domagoj Vida,1989-04-29
Stevan Jovetić,1989-11-02
Ante Budimir,1991-07-22
Duje Cop,1990-02-01
Kamil Glik,1988-02-03
Krunoslav Hendija,1989-03-19
Andrej Kramaric,1991-06-19
Ionuț Larie,1987-01-16
Teemu Pukki,1990-03-29
Sasa Stamenkovic,1985-01-05
Aleksandr Dovbnya,1987-04-10
Vladan Milosavljev,1987-02-01
Nenad Tomovic,1987-08-30
Fagner,1989-06-11
Lukas Hradecky,1989-11-24
Artem Dzyuba,1988-08-22
Danijel Aleksic,1991-04-30
Slobodan Medojevic,1990-10-20
Edinson Cavani,1987-02-14
Domagoj Antolic,1990-06-30
Jonas Lössl,1989-02-01
Erik Sviatchenko,1991-10-04
Koki Yonekura,1988-05-17
Georginio Wijnaldum,1990-11-11
Roberto Rosales,1988-11-20
Andreas Weimann,1991-08-05
Timothy Chandler,1990-03-29
Milan Mitrovic,1988-07-02
Vedran Jugovic,1989-07-31
Aaron Ramsey,1990-12-26
Dean Bouzanis,1990-10-02
Cássio,1987-06-06
Kosta Barbarouses,1990-02-19
Simon Mignolet,1988-03-06
Efecan Karaca,1989-11-16
Nacho Fernández,1990-01-12
Adnan Aganovic,1987-10-03
Chicharito,1988-06-01
Johny Placide,1988-01-29
Héctor Moreno,1988-01-17
Pablo Barrera,1987-06-21
Peter Pekarík,1986-10-30
Aleksandar Mitrović,1994-09-16
Zivko Zivkovic,1989-04-14
Rizvan Utsiev,1988-02-07
Mikkel Rygaard,1990-12-25
Joe Allen,1990-03-14
Mateo Kovacic,1994-05-06
Kevin Escamilla,1994-02-21
Marin Leovac,1988-08-07
Ermin Bicakcic,1990-01-24
Andrew Shinnie,1989-07-17
Mert Günok,1989-03-01
Andrew Redmayne,1989-01-13
Pavao Pervan,1987-11-13
Zanka,1990-04-23
Patrick van Aanholt,1990-08-29
Volkan Babacan,1988-08-11
Güray Vural,1988-06-11
Marcelo Grohe,1987-01-13
Fraser Forster,1988-03-17
Willian,1988-08-09
Fabiano,1988-02-29
Everton Ribeiro,1989-04-10
Marcelo Lomba,1986-12-18
Alberto Botía,1989-01-27
Julio César Domínguez,1987-11-08
Kevin Kampl,1990-10-09
Carlos Zambrano,1989-07-10
Tolgay Arslan,1990-08-16
İlkay Gündoğan,1990-10-24
Lars Unnerstall,1990-07-20
Raúl Fernández,1988-03-13
Ryan McGowan,1989-08-15
Gabriel Arias,1987-09-13
Gabriel Leite,1987-12-28
Tommy Smith,1990-03-31
Agustín Marchesín,1988-03-16
Leonardo Sigali,1987-05-29
Ilija Nestorovski,1990-03-12
Germán Cano,1988-01-02
Carlos Quintana,1988-02-11
Magnus Wolff Eikrem,1990-08-08
Nicolás Otamendi,1988-02-12
Matteo Darmian,1989-12-02
Oliver Baumann,1990-06-02
Nicolas Höfler,1990-03-09
Jorge Broun,1986-05-26
Scott Arfield,1988-11-01
Johnny Russell,1990-04-08
Lewis Holtby,1990-09-18
Darwin Quintero,1987-09-19
Henrikh Mkhitaryan,1989-01-21
Guram Kashia,1987-07-04
Giorgi Loria,1986-01-27
Enzo Pérez,1986-02-22
Jeremy Bokila,1988-11-14
Alexandre Oukidja,1988-07-19
Juan Neira,1989-02-21
Aaron Meijers,1987-10-28
Bibars Natcho,1988-02-18
Péter Gulácsi,1990-05-06
Damien Da Silva,1988-05-17
Mohamed Youssouf,1988-03-26
César Azpilicueta,1989-08-28
Fernando Muslera,1986-06-16
Thomas Müller,1989-09-13
Bojan Brac,1989-02-28
Gökhan Değirmenci,1989-03-21
Pierre-Emerick Aubameyang,1989-06-18
Oleksiy Palamarchuk,1991-07-22
Giorgiy Shelia,1988-12-11
Junior Hoilett,1990-06-05
Anthony Jung,1991-11-03
David Alaba,1992-06-24
Roman Bürki,1990-11-14
Aleksandar Dragovic,1991-03-06
Stefan Hierländer,1991-02-03
Lukas Hinterseer,1991-03-28
Heinz Lindner,1990-07-17
Gernot Trauner,1992-03-25
Marwin Hitz,1987-09-18
Luca Zuffi,1990-03-27
Oleksandr Karavaev,1992-06-02
Cristhian Stuani,1986-10-12
Aleksandr Martynovich,1987-08-26
David de Gea,1990-11-07
Artem Putivtsev,1988-08-29
Andy Halliday,1991-10-11
Dani Parejo,1989-04-16
Denis Odoi,1988-05-27
Ruslan Chernenko,1992-09-29
Taras Stepanenko,1989-08-08
Marcos Acuña,1991-10-28
Jonathan dos Santos,1990-04-26
Slobodan Simovic,1989-05-22
Yacine Brahimi,1990-02-08
Mathieu Gorgelin,1990-08-05
Anthony Lopes,1990-10-01
Samuel Souprayen,1989-02-18
Kévin Théophile-Catherine,1989-10-28
Sebastian Polter,1991-04-01
Milos Dragojevic,1989-02-03
Milan Mijatovic,1987-07-26
Matteo Vitaioli,1989-10-27
Sergey Pesjakov,1988-12-16
Jordan Henderson,1990-06-17
Wes Foderingham,1991-01-14
Yuri Berchiche,1990-02-10
Adam Smith,1991-04-29
Federico Macheda,1991-08-22
James Tavernier,1991-10-31
Abdoulaye Bamba,1990-04-25
Panagiotis Tachtsidis,1991-02-15
Páll Klettskard,1990-05-17
Ashley Barnes,1989-10-30
Josh Magennis,1990-08-15
Alfonso Blanco,1987-07-31
Marcus Sandberg,1990-11-07
Daniel Wass,1989-05-31
Nikolaos Karelis,1992-02-24
Vasilios Lampropoulos,1990-03-31
Aron Gunnarsson,1989-04-22
Vaclav Pilar,1988-10-13
Dragoș Huiban,1990-01-29
Alexandru Chipciu,1989-05-18
Néstor Araújo,1991-08-29
Alexandru Mateiu,1989-12-10
Yannick Thoelen,1990-07-18
Tomas Frystak,1987-08-18
Pizzi,1989-10-06
Kostas Lamprou,1991-09-18
Vicente Guaita,1987-01-10
Leonardo Pavoletti,1988-11-26
Thierry Moutinho,1991-02-26
Pedro,1987-07-28
Ilie Sánchez,1990-11-21
Milos Kosanovic,1990-05-28
Azwan Saleh,1988-01-06
Josep Antoni,1985-12-03
Amir Abrashi,1990-03-27
Sergio Canales,1991-02-16
Alex Teixeira,1990-01-06
Mario Ticinovic,1991-08-20
Lisandro Magallán,1993-09-27
Danny Welbeck,1990-11-26
Léo Vieira,1990-09-22
Milan Djuric,1990-05-22
Milan Borjan,1987-10-23
Sergey Politevich,1990-04-09
Paulo Victor,1987-01-12
Ganso,1989-10-12
Vaso Vasic,1990-04-26
Steven Zuber,1991-08-17
Denis Onyango,1985-05-15
Rafael,1989-06-23
Neymar,1992-02-05
Jay O'Shea,1988-08-10
Séamus Coleman,1988-10-11
Stefanos Kapino,1994-03-18
Matthew Jurman,1989-12-08
Chun-Ching Wu,1988-12-18
Abdullah Al-Hamdan,1999-09-12
Hariss Harun,1990-11-19
Diego Churín,1989-12-01
Mauro Icardi,1993-02-19
Damir Kreilach,1989-04-16
Milan Rodic,1991-04-02
Andriy Yarmolenko,1989-10-23
Adem Ljajic,1991-09-29
Weverton,1987-12-13
Patrick Mortensen,1989-07-13
Tobgay,1998-09-29
Christian Eriksen,1992-02-14
Jens Stryger,1991-02-21
Po-Liang Chen,1988-08-11
Tobias Kainz,1992-10-31
Fernando Tobio,1989-10-18
El Fardou Ben,1989-06-10
Artur Nigmatullin,1991-05-17
Anton Zabolotnyi,1991-06-13
Lukas Marecek,1990-04-17
Adama Traoré,1990-02-03
Manuchekhr Dzhalilov,1990-09-27
David Simão,1990-05-15
Nemanja Milunovic,1989-05-31
Raffaele Di Gennaro,1993-10-03
Petr Reinberk,1989-05-23
Jan Kalabiska,1986-12-22
Bartosz Salamon,1991-05-01
Dusan Cvetinovic,1988-12-24
Adrián San Miguel,1987-01-03
Stefan Scepovic,1990-01-10
Rodolfo Cota,1987-07-03
Iago Herrerín,1988-01-25
Mile Skoric,1991-06-19
Iago Aspas,1987-08-01
Rasmus Schüller,1991-06-18
Rafael Tolói,1990-10-10
Bernd Leno,1992-03-04
Luuk de Jong,1990-08-27
Guillaume François,1990-06-03
Nélson Oliveira,1991-08-08
Josué,1990-09-17
Milos Cvetkovic,1990-01-06
Jo Inge Berget,1990-09-11
Arild Østbø,1991-04-19
Vegar Hedenstad,1991-06-26
Danovis Banguero,1989-10-27
David Ospina,1988-08-31
Ørjan Nyland,1990-09-10
Guillermo Allison,1990-09-25
Lars Gerson,1990-02-05
Jason Steele,1990-08-18
Nikolaos Kaltsas,1990-05-03
Silviu Lung Jr.,1989-06-04
Adrián Ramos,1986-01-22
Duván Zapata,1991-04-01
Sinan Osmanoğlu,1990-01-09
Wilson Morelo,1987-05-21
David Silva,1986-12-13
Camilo Vargas,1989-03-09
Michael Sollbauer,1990-05-15
Koke,1992-01-08
Nassim Ben Khalifa,1992-01-13
Nemanja Gudelj,1991-11-16
Gaël Kakuta,1991-06-21
Andrés Mosquera,1990-02-20
Ayron del Valle,1989-01-27
Nikola Lekovic,1989-12-19
İsmail Köybaşı,1989-07-10
Nemanja Matić,1988-08-01
Marinho,1990-05-29
Mario Götze,1992-06-03
Marc-André ter Stegen,1992-04-30
Francis Coquelin,1991-05-13
Martin Dúbravka,1989-01-15
Franco Jara,1988-07-15
Ezequiel Muñoz,1990-10-08
Carlo Pinsoglio,1990-03-16
Marcos Rocha,1988-12-11
Robin Olsen,1990-01-08
Lucas Hoyos,1989-04-29
Yannick Bolasie,1989-05-24
Niclas Füllkrug,1993-02-09
Miroslav Stevanovic,1990-07-29
Kristoffer Nordfeldt,1989-06-23
Tobias Sana,1989-07-11
Stefan Krell,1992-06-12
Christopher Trimmel,1987-02-24
Tomás Rincón,1988-01-13
Taison,1988-01-13
Alexander Meyer,1991-04-13
César Rigamonti,1987-04-07
Franco Vázquez,1989-02-22
Osvaldo,1987-04-11
Ivan Covic,1990-09-17
Tjaronn Chery,1988-06-04
Kiko Femenía,1991-02-02
Marco Pérez,1990-09-18
Marek Hanousek,1991-08-06
Luis Mejía,1991-03-16
Felipe Pardo,1990-08-17
Teófilo Gutiérrez,1985-05-17
Lucas Moura,1992-08-13
Christopher Wernitznig,1990-02-24
Hernán Galíndez,1987-03-30
Diego Chará,1986-04-05
Anders Christiansen,1990-06-08
Ehsan Hajsafi,1990-02-25
Samuel Sahin-Radlinger,1992-11-07
Necip Uysal,1991-01-24
Etrit Berisha,1989-03-10
Markus Pink,1991-02-24
Rafał Gikiewicz,1987-10-26
Anthony Moris,1990-04-29
Joël Mall,1991-04-05
Jeroen Zoet,1991-01-06
Gabriel,1992-09-27
Eloy Room,1989-02-06
Daisuke Suzuki,1990-01-29
Hiroki Iikura,1986-06-01
Shu Kurata,1988-11-26
Kota Mizunuma,1990-02-22
Keylor Navas,1986-12-15
Valentin Crețu,1989-01-02
Shuichi Gonda,1989-03-03
Yuto Nagatomo,1986-09-12
Shun Nagasawa,1988-08-25
Yohei Takeda,1987-06-30
Alex Sandro,1991-01-26
Serdar Dursun,1991-10-19
Odmar Færø,1989-11-01
Salomón Rondón,1989-09-16
Aïssa Mandi,1991-10-22
Mykyta Shevchenko,1993-01-26
Roberts Savalnieks,1993-02-04
Graham Carey,1989-05-20
Stopira,1988-05-20
Hulk,1986-07-25
Mark Birighitti,1991-04-17
Łukasz Sekulski,1990-11-03
Takuji Yonemoto,1990-12-03
Lukasz Skorupski,1991-05-05
Janis Blaswich,1991-05-02
Denis Alibec,1991-01-05
Christian Kabasele,1991-02-24
Celso Borges,1988-05-27
Michael Boxall,1988-08-18
Nahir Besara,1991-02-25
Shinji Kagawa,1989-03-17
Masato Morishige,1987-05-21
Shusaku Nishikawa,1986-06-18
Maya Yoshida,1988-08-24
Kwang-hoon Shin,1987-03-18
Sung-yueng Ki,1989-01-24
Jan Kovarik,1988-06-19
Chung-yong Lee,1988-07-02
Tomas Poznar,1988-09-27
Ivo Pinto,1990-01-07
Stefan Bell,1991-08-24
Bryan Linssen,1990-10-08
Olivier Giroud,1986-09-30
Stanislav Dostal,1991-06-20
Christopher Braun,1991-07-15
Pascal Groß,1991-06-15
Hiroki Sakai,1990-04-12
Reinhold Ranftl,1992-01-24
Benedikt Zech,1990-11-03
Marcelo Díaz,1986-12-30
Lucas Mendes,1990-07-03
Timothée Kolodziejczak,1991-10-01
Marc Vales,1990-04-04
Benjamin André,1990-08-03
Jonatan Gómez,1989-12-21
Dion Malone,1989-02-13
Aleksandr Erokhin,1989-10-13
Eduardo Salvio,1990-07-13
Maicon,1988-09-14
João Aurélio,1988-08-17
Darko Gojkovic,1988-09-26
Taishi Taguchi,1991-03-16
James Forrest,1991-07-07
Daniel Heuer Fernandes,1992-11-13
Ognjen Cancarevic,1989-09-25
Slavisa Stojanovic,1989-01-27
Zoran Popovic,1988-05-28
Nathaniel Clyne,1991-04-05
Isco,1992-04-21
Jordi Amat,1992-03-21
Soner Aydoğdu,1991-01-05
Iván Balliu,1992-01-01
Juan Muñiz,1992-03-14
Sergi Roberto,1992-02-07
Marco Silvestri,1991-03-02
Niklas Lomb,1993-07-28
Scott Bain,1991-11-22
Stefan Lainer,1992-08-27
Gerrit Nauber,1992-04-13
Danny da Costa,1993-07-13
Stefan Ortega,1992-11-06
Akihiro Ienaga,1986-06-13
Antonio Rüdiger,1993-03-03
Hasan Al-Haydos,1990-12-11
Serikzhan Muzhikov,1989-06-17
Mattia Bottani,1991-05-24
Dante Stipica,1991-05-30
Ricardo Rodríguez,1992-08-25
Xherdan Shaqiri,1991-10-10
Yevgen Opanasenko,1990-08-25
Zarko Udovicic,1987-08-31
Ignacio Malcorra,1987-07-24
Cristian Montano,1991-12-11
Roderick Miranda,1991-03-30
Nahuel Guzmán,1986-02-10
Ramón Ábila,1989-10-14
James Rodríguez,1991-07-12
Alexandros Paschalakis,1989-07-28
Veysel Sarı,1988-07-25
Steve Rouiller,1990-07-10
Rubén Botta,1990-01-31
Mauro Vigorito,1990-05-22
Kevin De Bruyne,1991-06-28
Rasmus Falk,1992-01-15
Jóhann Berg Gudmundsson,1990-10-27
Rodrigo Battaglia,1991-07-12
Simon Piesinger,1992-05-13
Amin Nouri,1990-01-10
Charles Aránguiz,1989-04-17
Eduardo Vargas,1989-11-20
Daniel Batz,1991-01-12
Iván Marcone,1990-06-03
Denis Kolinger,1994-01-14
Diego Rodríguez,1989-06-25
Peter Gal-Andrezly,1990-05-03
Joshua King,1992-01-15
Jun-yeon Jeong,1989-04-30
Marley Watkins,1990-10-17
Ashley Westwood,1990-04-01
Dmytro Korkishko,1990-05-04
Kian Hansen,1989-03-03
Nemanja Miletic,1991-07-26
Sergio Vittor,1989-06-09
Heung-min Son,1992-07-08
Thomas Delaney,1991-09-03
Ertuğrul Taşkıran,1989-11-05
Trigueira,1988-01-04
Juan Cuadrado,1988-05-26
Chang-woo Rim,1992-02-13
Seung-gyu Kim,1990-09-30
Roberto Puncec,1991-10-27
Mats Rits,1993-07-18
Nicolai Larsen,1991-03-09
Mateusz Klich,1990-06-13
Sergi Gómez,1992-03-28
Nick Viergever,1989-08-03
Kalidou Koulibaly,1991-06-20
Dani Torres,1989-11-15
Marcos Rojo,1990-03-20
Aleksandr Zotov,1990-08-27
Rafael Santos,1989-03-14
Henrik Dalsgaard,1989-07-27
Manuel Ott,1992-05-06
Lukas Kübler,1992-08-30
Mario Engels,1993-10-22
Christian Günter,1993-02-28
Alexandre Lacazette,1991-05-28
Willi Orbán,1992-11-03
Alexander Schwolow,1992-06-02
Tom Trybull,1993-03-09
Leonardo Bittencourt,1993-12-19
Muhamed Besic,1992-09-10
Kike García,1989-11-25
Sead Kolasinac,1993-06-20
Radim Breite,1989-08-10
Patrick Drewes,1993-02-04
Saliou Sané,1992-07-19
Filip Djuricic,1992-01-30
Marko Dmitrovic,1992-01-24
Carlos Cáceda,1991-09-27
Stephan El Shaarawy,1992-10-27
Yoshimar Yotún,1990-04-07
Bogdan Butko,1991-01-13
Ruslan Babenko,1992-07-08
Renan Ribeiro,1990-03-23
Pedro Gallese,1990-02-23
Aleksandar Pejovic,1990-12-28
Tom Pettersson,1990-03-25
Kyle Walker,1990-05-28
Osama Rashid,1992-01-13
Marko Livaja,1993-08-26
Joel Allansson,1992-11-03
Henri Anier,1990-12-17
Tom van Weert,1990-06-07
Volodymyr Tanchyk,1991-10-17
Martin Braithwaite,1991-06-05
Jan Chramosta,1990-10-12
Václav Hladký,1990-11-14
Jan Navratil,1990-04-13
Kieran Trippier,1990-09-19
Graeme Shinnie,1991-08-04
Hallur Hansson,1992-07-08
Mikael Dyrestam,1991-12-10
Lukas Hejda,1990-03-09
Pietro Terracciano,1990-03-08
Federico Mancuello,1989-03-26
Romelu Lukaku,1993-05-13
Youssef El Arabi,1987-02-03
Sebastian Mladen,1991-12-11
Gheorghe Grozav,1990-09-29
Victor Pálsson,1991-04-30
Jeppe Grønning,1991-05-24
Andrei Sava,1991-05-07
Takayuki Seto,1986-02-05
Sotirios Papagiannopoulos,1990-09-05
Evgeniy Pavlov,1991-03-12
Munir El Kajoui,1989-05-10
Zander Clark,1992-06-26
Hiroshi Ibusuki,1991-02-27
Marko Vesovic,1991-08-28
Zeki Yavru,1991-09-05
Takashi Inui,1988-06-02
Serdar Gürler,1991-09-14
Enrico Pepe,1989-11-12
Artur Ioniță,1990-08-17
Daniel Høegh,1991-01-06
Maurice Cova,1992-08-11
Jannik Vestergaard,1992-08-03
Ander Herrera,1989-08-14
Portu,1992-05-21
Karl Darlow,1990-10-08
Markus Kolke,1990-08-18
Nícolas,1988-04-12
Stefan Frei,1986-04-20
Pylyp Budkivskyi,1992-03-10
Marc Bartra,1991-01-15
William Carvalho,1992-04-07
Thomas Meunier,1991-09-12
Rafael Romo,1990-02-25
Joel Robles,1990-06-17
Matej Vydra,1992-05-01
Jorginho,1991-12-20
Jamal Bhuyan,1990-04-10
Viljormur Davidsen,1991-07-19
Thorgan Hazard,1993-03-29
Leandro Cabrera,1991-06-17
Carlos Lampe,1987-03-17
Jean Carlos,1992-02-15
Sergey Petrov,1991-01-02
Islom Tukhtakhuzhaev,1989-10-30
Felipe Rodríguez,1989-04-03
Diego de Buen,1991-07-03
Kensuke Nagai,1989-03-05
Gotoku Sakai,1991-03-14
Tiquinho Soares,1991-01-17
Simon Strand,1993-05-25
Chris Smalling,1989-11-22
Bjørn Paulsen,1991-07-02
Thomas Lehne Olsen,1991-06-29
Danny Wilson,1991-12-27
Luis Advíncula,1990-03-02
Rafael Cabral,1990-05-20
Jannich Storch,1993-05-12
Fernando Zampedri,1988-02-14
Michail Antonio,1990-03-28
Jordy Clasie,1991-06-27
Milan Joksimovic,1990-02-09
Sasa Markovic,1991-03-13
Victor Cuesta,1988-11-19
Filip Kurto,1991-06-14
Alan Patrick,1991-05-13
Théo Defourny,1992-04-25
Bram Nuytinck,1990-05-04
Alisher Dzhalilov,1993-08-29
Christian Sørensen,1992-08-06
El Mahdi Soliman,1987-06-08
Jakub Vojtus,1993-10-22
Alisson,1992-10-02
Ciro Immobile,1990-02-20
Emmanuel Olivera,1990-04-02
Lucas Castro,1989-04-09
Everson,1990-07-22
Florian Kainz,1992-10-24
Jeffrey Gouweleeuw,1991-07-10
Magnar Ødegaard,1993-05-11
Milos Mijic,1989-11-22
Andreas Leitner,1994-03-25
Kevin Stöger,1993-08-27
Artak Dashyan,1989-11-20
Marcel Sabitzer,1994-03-17
Stefan Savic,1991-01-08
Leart Paçarada,1994-10-08
Damián Martínez,1990-01-31
Roberto Fernández,1988-03-29
Ali Khaseif,1987-06-09
Antonio Briseño,1994-02-05
Mohamad Haidar,1989-11-08
Hugo Nervo,1991-01-06
Parvizdzhon Umarbaev,1994-11-01
Jonas Meffert,1994-09-04
Daniel Sundgren,1990-11-22
Ruben Gabrielsen,1992-03-10
Filip Novak,1990-06-26
Frederik Rönnow,1992-08-04
Rhyan Grant,1991-02-26
Jordan Ayew,1991-09-11
Thibaut Courtois,1992-05-11
Ivan Schranz,1993-09-13
Yuya Osako,1990-05-18
Attila Fiola,1990-02-17
Vladyslav Kalitvintsev,1993-01-04
Chris Wood,1991-12-07
Dmytro Pospelov,1991-10-19
Koen Casteels,1992-06-25
Márton Eppel,1991-11-20
Edin Visca,1990-02-17
Marcel Heister,1992-07-29
Dominique Heintz,1993-08-15
Eduardo,1989-10-17
Geoffry Hairemans,1991-10-21
Ramahlwe Mphahlele,1990-02-01
Kamil Ahmet Çörekçi,1992-02-01
Ömer Ali Şahiner,1992-01-02
Fredrik Gulbrandsen,1992-09-10
Hannes Van Der Bruggen,1993-04-01
Sam Johnstone,1993-03-25
Ryo Takeuchi,1991-03-08
Mattia Perin,1992-11-10
Nampalys Mendy,1992-06-23
Emil Forsberg,1991-10-23
Javier Aquino,1990-01-01
Warner Hahn,1992-06-15
Joël Veltman,1992-01-15
Stefan de Vrij,1992-02-05
Philipp Max,1993-09-30
Benjamin Siegrist,1992-01-31
Roman Buess,1992-09-21
Stevie May,1992-11-03
Granit Xhaka,1992-09-27
Allan Nyom,1988-05-10
Ahmed Hegazy,1991-01-25
Joonas Tamm,1992-02-02
Ryan Mendes,1990-01-08
Alejandro Bedoya,1987-04-29
Florent Hanin,1990-02-04
Neto,1989-07-19
Jack Hamilton,1994-03-22
Emiliano Martínez,1992-09-02
Takashi Usami,1992-05-06
Bruno Martins Indi,1992-02-08
Roberto Pereyra,1991-01-07
Marcos Alonso,1990-12-28
Andrey Lunev,1991-11-13
Paul Papp,1989-11-11
Rakan Al-Najjar,1995-05-30
Karl-Johan Johnsson,1990-01-28
Benito Raman,1994-11-07
Jakub Brabec,1992-08-06
Cédric Soares,1991-08-31
Niklas Hult,1990-02-13
Rubén Pérez,1989-04-26
Leandro González Pírez,1992-02-26
Germán Pezzella,1991-06-27
Georgiy Zotov,1990-01-12
Keigo Higashi,1990-07-20
Rémy Cabella,1990-03-08
Masaaki Higashiguchi,1986-05-12
Abdulaziz Hatim,1990-10-28
Benjí Villalobos,1988-07-15
Kyohei Noborizato,1990-11-13
Ali Lotfi,1989-10-14
Anselmo,1989-02-20
Luke Brattan,1990-03-08
Günay Güvenç,1991-06-25
Dudu,1992-01-07
Milton Casco,1988-04-11
Juanpe,1991-04-30
Guilherme,1991-04-05
Bruno Zuculini,1993-04-02
Koray Günter,1994-08-16
Tatsuya Morita,1990-08-03
Dejan Stojanovic,1993-07-19
Marius Bülter,1993-03-29
Yutaka Yoshida,1990-02-17
Nicolás Colazo,1990-07-08
Hobie Verhulst,1993-04-02
Hovhannes Hambardzumyan,1990-10-04
Viktor Claesson,1992-01-02
Loret Sadiku,1991-07-28
Marcus Bettinelli,1992-05-24
Sergey Ignatovich,1992-06-29
Simon Hedlund,1993-03-11
Jonas Lindberg,1989-03-24
Carlos Izquierdoz,1988-11-03
Hisashi Jogo,1986-04-16
Karl Andre Vallner,1998-02-28
Kevin Behrens,1991-02-03
Paweł Olkowski,1990-02-13
Marnon Busch,1994-12-08
Roman Mysak,1991-09-09
Maximilian Arnold,1994-05-27
Michał Chrapek,1992-04-03
Marius Müller,1993-07-12
Rachid Ghezzal,1992-05-09
Nikolaos Vergos,1996-01-13
Dardo Miloc,1990-10-16
Alessandro Schöpf,1994-02-07
Juan Barrera,1989-05-02
Tae-hee Nam,1991-07-03
Jin-hyeon Kim,1987-07-06
Hotaru Yamaguchi,1990-10-06
Michael Keane,1993-01-11
Leonardo Spinazzola,1993-03-25
Dominik Kohr,1994-01-31
Hussein Zein,1995-01-27
Aitor Fernández,1991-05-03
Pedro Franco,1991-04-23
Kaan Ayhan,1994-11-10
Loris Benito,1992-01-07
Jan Kopic,1990-06-04
Mislav Orsic,1992-12-29
Mitchell Weiser,1994-04-21
Luis Muriel,1991-04-16
Karim Onisiwo,1992-03-17
Carlos Bacca,1986-09-08
Yannick Gerhardt,1994-03-13
Emre Can,1994-01-12
Gustavo Cuéllar,1992-10-14
Edwin Cardona,1992-12-08
Rodrigo Moledo,1987-10-27
Milan Heca,1991-03-21
Clark Robertson,1993-09-05
Joe Shaughnessy,1992-07-06
Franco Armani,1986-10-16
Michal Frydrych,1990-02-27
Johan Wallens,1992-08-03
Džiugas Bartkus,1989-11-07
Jan Hanus,1988-04-28
Paul McGinn,1990-10-22
Martin Kreuzriegler,1994-01-10
Michael Gregoritsch,1994-04-18
Lukas Jäger,1994-02-12
Santiago Arias,1992-01-13
Andre Gray,1991-06-26
Alphonse Areola,1993-02-27
Juan Carlos,1988-01-20
Rafał Leszczyński,1992-04-26
Callum McGregor,1993-06-14
Isaác Brizuela,1990-08-28
Adam Davies,1992-07-17
Nathan Byrne,1992-06-05
John Egan,1992-10-20
Grant Hanley,1991-11-20
Jan Oblak,1993-01-07
Kostakis Artymatas,1993-04-15
Konstantinos Laifis,1993-05-19
Anton Fagerström,1991-12-06
Éric Davis,1991-03-31
Goro Kawanami,1991-04-30
Jack Hingert,1990-09-26
Juan Jesus,1991-06-10
Héctor Herrera,1990-04-19
Tobias Figueiredo,1994-02-02
Paul Pogba,1993-03-15
Willian José,1991-11-23
Amir Sayoud,1990-09-30
Juan Fernando Quintero,1993-01-18
Issam Jebali,1991-12-25
Loïc Nego,1991-01-15
Cătălin Straton,1989-10-09
Vlad Chiricheș,1989-11-14
Tom Cairney,1991-01-20
Zakaria Labyad,1993-03-09
Jesús Hernández,1993-01-06
Kelle Roos,1992-05-31
Simon Moore,1990-05-19
Sergiu Buș,1992-11-02
Callum Wilson,1992-02-27
Jóan Símun Edmundsson,1991-07-26
Sergiy Sydorchuk,1991-05-02
Rani Khedira,1994-01-27
Odysseas Vlachodimos,1994-04-26
Robin Yalçın,1994-01-25
Matthias Ginter,1994-01-19
Sebastian Kerk,1994-04-17
Bebeto,1990-01-01
Cristiano Biraghi,1992-09-01
Alen Stevanovic,1991-01-07
Ahmed El Shenawy,1991-05-14
Koen Van Langendonck,1989-06-09
Ahmed Waseem Razeek,1994-09-13
Carlos Orrantía,1991-02-01
Marco Bizot,1991-03-10
Bart Schenkeveld,1991-08-28
Benjamin Leroy,1989-04-07
Lisandro López,1989-09-01
José Luis Palomino,1990-01-05
Henry Bonello,1988-10-13
Steve Borg,1988-05-15
Júnior Morais,1986-07-22
Claudio Corvalán,1989-03-23
Óscar Jiménez,1988-10-12
Pontus Jansson,1991-02-13
Nathaniel Méndez-Laing,1992-04-15
Giovanni Augusto,1989-09-05
Mark Flekken,1993-06-13
Irakliy Kvekveskiri,1990-03-12
Marvin Peersman,1991-02-10
Antoine Griezmann,1991-03-21
Kerem Demirbay,1993-07-03
Lucas Gamba,1987-06-24
Leonardo Gil,1991-05-31
Lucas Villafañez,1991-10-04
Leandro Bacuna,1991-08-21
Alberto Quintero,1987-12-18
Lukas Spendlhofer,1993-06-02
Mathew Leckie,1991-02-04
Alexander Hack,1993-09-08
Yuriy Lodygin,1990-05-26
Hakan Çalhanoğlu,1994-02-08
Allan,1991-01-08
Jonathan Gradit,1992-11-24
Kenny McLean,1992-01-08
Sean Johnson,1989-05-31
Francesco Rossi,1991-04-27
Da-sol Kim,1989-01-04
Young-gwon Kim,1990-02-27
Jong-eun Lim,1990-06-18
Jae-suk Oh,1990-01-04
Lucas Digne,1993-07-20
Idrissa Gueye,1989-09-26
Patric,1993-04-17
Juanmi,1993-05-20
Iñigo Ruiz de Galarreta,1993-08-06
Ali Ahamada,1991-08-19
Cédric Bakambu,1991-04-11
Florian Lejeune,1991-05-20
Benjamin Stambouli,1990-08-13
Benjamin Lecomte,1991-04-26
Abdoulaye Doucouré,1993-01-01
Maxime Dupé,1993-03-04
Geoffrey Kondogbia,1993-02-15
Matz Sels,1992-02-26
Phillipp Mwene,1994-01-29
Mohamed Bassam,1990-12-25
Carles Gil,1992-11-22
Petros Mantalos,1991-08-31
Lars Sætra,1991-07-24
Álvaro Morata,1992-10-23
Robbie Brady,1992-01-14
Scott Wootton,1991-09-12
Bo-kyung Kim,1989-10-06
Esteban Alvarado,1989-04-28
Marlon Licona,1991-02-09
Adrian Błąd,1991-04-16
Dávid Kelemen,1992-05-24
Jack Butland,1993-03-10
Ravel Morrison,1993-02-02
Mathew Ryan,1992-04-08
Hugo González,1990-08-01
Serder Serderov,1994-03-10
João Pedro,1992-03-09
Daniel Bocanegra,1987-04-23
Marcin Kamiński,1992-01-15
Sasa Jovanovic,1991-12-15
David López,1989-10-09
Alexandru Maxim,1990-07-08
Steven Berghuis,1991-12-19
Jordy Croux,1994-01-15
Joris Kayembe,1994-08-08
Dennis Praet,1994-05-14
Ezgjan Alioski,1992-02-12
Jan Boril,1991-01-11
Jan Peterka,1990-04-22
Jeremy Toljan,1994-08-08
Nikki Havenaar,1995-02-16
Ken Matsubara,1993-02-16
Ryo Miyaichi,1992-12-14
Gaku Shibasaki,1992-05-28
Bart Vriends,1991-05-09
Pajtim Kasami,1992-06-02
Giannis Pasas,1990-10-07
Jordan Pickford,1994-03-07
Hördur Magnússon,1993-02-11
Gianluca Lapadula,1990-02-07
Juan Camilo Chaverra,1992-12-12
Stuart Armstrong,1992-03-30
Jonathan Bond,1993-05-19
Antonio Rodríguez,1992-07-04
Francesco Acerbi,1988-02-10
Diego Reyes,1992-09-19
Stefan Medina,1992-06-14
Ramón Arias,1992-07-27
Daniel Cataño,1992-01-17
Salvador Ichazo,1992-01-26
Christian Mafla,1993-01-15
Stiven Mendoza,1992-06-27
Ignacio Arce,1992-02-08
Nicolás Tagliafico,1992-08-31
Esteban Pavez,1990-05-01
Joel Campbell,1992-06-26
Joseph Mora,1993-01-15
Harold Fonseca,1993-10-08
Choco Lozano,1993-04-25
Alexander López,1992-06-05
Ante Erceg,1989-12-12
Danijel Zagorac,1987-02-07
Domagoj Pavicic,1994-03-09
Oliver Zelenika,1993-05-14
Samu Saiz,1991-01-22
Vyacheslav Churko,1993-05-10
Daniel Graovac,1993-08-08
Nikolai Alho,1993-03-12
Jesse Joronen,1993-03-21
Jere Uronen,1994-07-13
Leandro Fernández,1991-03-12
Majed Hassan,1992-08-01
Daniel O'Shaughnessy,1994-09-14
Ross Barkley,1993-12-05
Bertrand Traoré,1995-09-06
Harry Kane,1993-07-28
Marcus Fraser,1994-06-23
Matty Kennedy,1994-11-01
Liam Polworth,1994-10-12
Nikola Mirkovic,1991-07-26
Dong-jin Kim,1992-12-28
Jin-su Kim,1992-06-13
Chang-geun Lee,1993-08-30
Seyed Hossein Hosseini,1992-06-30
Jin-hyun Lee,1997-08-26
Ali Maâloul,1990-01-01
Marten de Roon,1991-03-29
Yesús Cabrera,1990-09-15
Brent Lepistu,1993-03-26
Marc García,1988-03-21
David Babunski,1994-03-01
Patrick Mainka,1994-11-06
Kristijan Kahlina,1992-07-24
Marko Leskovic,1991-04-27
Sergey Maliy,1990-06-05
Georgi Milanov,1992-02-19
Dan Burn,1992-05-09
Raheem Sterling,1994-12-08
Stefan Ashkovski,1992-02-24
Mohamed El Shenawy,1988-12-18
Hélder Tavares,1989-12-26
Aimé Bakula,1985-02-14
Jens Toornstra,1989-04-04
André Carrillo,1991-06-14
Rogelio Funes Mori,1991-03-05
Fabian Schär,1991-12-20
Serif Berbic,2001-11-25
Lindsay Rose,1992-02-08
Mihai Roman,1992-05-31
Thiago Mendes,1992-03-15
Luca Lezzerini,1995-03-24
Omar Mendoza,1988-10-28
Manuel Lanzini,1993-02-15
Fáiner Torijano,1988-08-31
Alexei Koselev,1993-11-19
Nicola Leali,1993-02-17
Vadim Rață,1993-05-05
Jonas Svensson,1993-03-06
Daniel Bentley,1993-07-13
Charalampos Lykogiannis,1993-10-22
Giannis Gianniotas,1993-04-29
Charalampos Mavrias,1994-02-21
Mike Cestor,1992-04-30
Aziz Behich,1990-12-16
Emin Mahmudov,1992-04-27
Magomed Ozdoev,1992-11-05
Buatu,1993-09-27
Hendrik Van Crombrugge,1993-04-30
Hans Vanaken,1992-08-24
Martin Linnes,1991-09-20
Okay Yokuşlu,1994-03-09
Matej Hybs,1993-01-03
Sverrir Ingi Ingason,1993-08-05
Jason Davidson,1991-06-29
Marçal,1989-02-19
William Tesillo,1990-02-02
Haris Belkebla,1994-01-28
Yu Kobayashi,1987-09-23
Mika,1991-03-08
Jakob Haugaard,1992-05-01
Michael Hoyos,1991-08-02
Jonathan Azulay,1993-05-05
Davor Blazevic,1993-02-07
Uros Vitas,1992-07-06
Mario Situm,1992-04-04
Daniel Carvajal,1992-01-11
Virgil van Dijk,1991-07-08
Karol Mets,1993-05-16
Paulo Oliveira,1992-01-08
Tomané,1992-10-23
Ricardo Esgaio,1993-05-16
Bruma,1994-10-24
Dani Rodríguez,1988-06-06
Enner Valencia,1989-11-04
Robert Arboleda,1991-10-22
Aleksandar Katai,1991-02-06
Matías Pisano,1991-12-13
Radoslav Kirilov,1992-06-29
Ladislav Krejci,1992-07-05
Leandro Díaz,1992-06-06
Takahiro Ogihara,1991-10-05
Aleksey Gavrilovich,1990-01-05
Fedor Černych,1991-05-21
Martin Boyle,1993-04-25
Kyrylo Kovalets,1993-07-02
Yannick Carrasco,1993-09-04
Davy Roef,1994-02-06
Santos,1990-03-17
Caio Canedo,1990-08-09
Danilo Pereira,1991-09-09
Vlastimil Danicek,1991-07-15
Luis Rodríguez,1991-01-21
Hung-Fai Yapp,1990-03-21
George Saville,1993-06-01
Jesse Lingard,1992-12-15
Ali Al-Hassan,1997-03-04
Jamaan Al-Dosari,1993-09-06
Saeed Al-Hamsl,1996-04-18
Sergi Darder,1993-12-22
Omar Mascarell,1993-02-02
Jaroslav Zelený,1992-08-20
Aleksandar Varjacic,1991-05-23
Willy Boly,1991-02-03
Mark Gillespie,1992-03-27
Anderson Santamaría,1992-01-10
Aleksandar Trajkovski,1992-09-05
Stefan Mitrovic,1990-05-22
Damjan Djokovic,1990-04-18
Alan Pulido,1991-03-08
Dalei Wang,1989-01-10
Damian Dąbrowski,1992-08-27
Melvyn Lorenzen,1994-11-26
Jakub Czerwiński,1991-08-06
Alex Oxlade-Chamberlain,1993-08-15
Srdjan Mijailovic,1993-11-10
Pavel Kaderabek,1992-04-25
Matías Vecino,1991-08-24
Nikolaos Marinakis,1993-09-12
Thomazella,1990-08-15
Maximilian Philipp,1994-03-01
Leandro Trossard,1994-12-04
Matías Dituro,1987-05-08
Bartosz Bereszyński,1992-07-12
Pablo Magnin,1990-04-25
Pantelis Hatzidiakos,1997-01-18
Ognjen Ozegovic,1994-06-09
Risto Radunovic,1992-05-04
Yarden Shua,1999-06-16
Denis Terentjev,1992-08-13
Nemanja Mijušković,1992-03-04
Arkadiusz Woźniak,1990-06-01
Faton Maloku,1991-06-14
Valon Berisha,1993-02-07
Radomir Milosavljevic,1992-07-30
Walter Kannemann,1991-03-14
Tim Ream,1987-10-05
Dusan Pantelic,1993-04-15
Aleksa Vukanovic,1992-06-18
Danilo,1991-07-15
Lukas Bartosak,1990-07-03
Andy Nájar,1993-03-16
Trent Sainsbury,1992-01-05
Wilfried Zaha,1992-11-10
Marko Milosevic,1991-02-07
Hany Mukhtar,1995-03-21
Hernán Lópes,1991-03-28
Jasper Cillessen,1989-04-22
Jetro Willems,1994-03-30
Wataru Endo,1993-02-09
Borko Duronjic,1997-09-24
Nikolay Kalinskiy,1993-09-22
Manuel Bleda,1990-07-31
Martin Frydek,1992-03-24
Jakub Jugas,1992-05-05
Tomas Koubek,1992-08-26
Simen Rafn,1992-02-16
Ryan Fraser,1994-02-24
Alberto Brignoli,1991-08-19
Peter Ankersen,1990-09-22
Mirko Salvi,1994-02-14
Michael Frey,1994-07-19
Yvon Mvogo,1994-06-06
Mayke,1992-11-10
Alexander Callens,1992-05-04
Louis Schaub,1994-12-29
Numa Lavanchy,1993-08-25
Ales Cermak,1994-10-01
Robert Hruby,1994-04-27
Petr Sevcik,1994-05-04
Lukas Vrastil,1994-03-10
Lukas Zima,1994-01-09
Alain Baroja,1989-10-23
Alexander González,1992-09-13
Brendan Hamill,1992-09-18
Yeison Gordillo,1992-06-25
Khalid Eisa,1989-09-15
Florin Bejan,1991-03-28
Alin Toșca,1992-03-14
Dmitriy Kabutov,1992-03-26
Lewis Dunk,1991-11-21
Nicky Devlin,1993-10-17
Serge-Junior Ngouali,1992-01-23
Lucas Mugni,1992-01-12
Remo Freuler,1992-04-15
Jeppe Andersen,1992-12-06
Jens Jønsson,1993-01-10
Casper Nielsen,1994-04-29
Christian Nørgaard,1994-03-10
Nicolae Stanciu,1993-05-07
Mohamed Salah,1992-06-15
Diego Zivulic,1992-03-23
Jozef Dolny,1992-05-13
Avilés Hurtado,1987-04-20
Sebastián Moyano,1990-08-26
Endre Botka,1994-08-25
Evan Bush,1986-03-06
Saúl Ñíguez,1994-11-21
Gabriel Paulista,1990-11-26
Antonio Caracciolo,1990-06-30
Elbasan Rashani,1993-05-09
Ivan Cavaleiro,1993-10-18
João Mário,1993-01-19
Stefan Mugosa,1992-02-26
Vitor Hugo,1991-05-20
Augusto Max,1992-08-10
Miha Zajc,1994-07-01
Tim Payne,1994-01-10
Jubal,1993-08-29
Safuwan Baharudin,1991-09-22
Hólmbert Aron Fridjónsson,1993-04-19
Izwan Mahbud,1990-07-14
Nazrul Nazari,1991-02-11
Vitalijs Jagodinskis,1992-02-28
Yahya Al-Shehri,1990-06-26
Nika Kvekveskiri,1992-05-29
Bálint Vécsei,1993-07-13
Robin Jansson,1991-11-15
Chul Hong,1990-09-17
Anderson Correia,1991-05-06
Sang-gi Min,1991-08-27
Terence Kongolo,1994-02-14
Onur Bulut,1994-04-16
Nono,1991-05-28
Vladislav Kamilov,1995-08-29
Leon Goretzka,1995-02-06
Ali Hazazi,1994-02-18
Arnór Ingvi Traustason,1993-04-30
Bartosz Kopacz,1992-05-21
Abdulaziz Al-Bishi,1994-03-11
Nemanja Krstic,1994-08-05
Sebastian Griesbeck,1990-10-03
Alexander Scholz,1992-10-24
Mikael Ishak,1993-03-31
Rafał Janicki,1992-07-05
Tobias Mohr,1995-08-24
Khaled Narey,1994-07-23
Bartłomiej Pawłowski,1992-11-13
Kingsley Schindler,1993-07-12
Fabio Varesi-Strauss,1994-08-06
Hauke Wahl,1994-04-15
André Geraldes,1991-05-02
Colin Coosemans,1992-08-03
Jakub Slowik,1991-08-31
Saulo Decarli,1992-02-04
Fábio Cardoso,1994-04-19
Luis Felipe Gallegos,1991-12-03
Árni Frederiksberg,1992-06-13
Nikola Andric,1992-05-23
Filip Bednarek,1992-09-26
Cláudio Ramos,1991-11-16
Varazdat Haroyan,1992-08-24
Kamo Hovhannisyan,1992-10-05
Salman Al-Faraj,1989-08-01
Dan Peter Ulvestad,1989-04-04
Nemanja Jorgic,1988-04-07
Miloje Prekovic,1991-06-07
Mike te Wierik,1992-06-08
Víctor Bernat,1987-05-17
Andriy Tsurikov,1992-10-05
Tae-hwan Kim,1989-07-24
Frank Fabra,1991-02-22
Plamen Iliev,1991-11-30
Marcelo Brozović,1992-11-16
Maxime Colin,1991-11-15
Dan Nistor,1988-05-06
Giorgi Gvelesiani,1991-05-05
Hidajet Hankic,1994-06-29
Oliver Steurer,1995-01-06
Marko Petkovic,1992-09-03
Erik Thommy,1994-08-20
Tyias Browning,1994-05-27
Johan Hammar,1994-02-22
Marco Friedl,1998-03-16
Nazım Sangaré,1994-05-30
Vladlen Yurchenko,1994-01-22
Rob Schoofs,1994-03-23
Jordan Ikoko,1994-02-03
Benjamin Mendy,1994-07-17
M'Baye Niang,1994-12-19
Adrien Tamèze,1994-02-04
Kurt Zouma,1994-10-27
Andreas Bouchalakis,1993-04-05
Konstantinos Fortounis,1992-10-16
Dimitrios Kourbelis,1993-11-02
Yussuf Poulsen,1994-06-15
Vladimír Coufal,1992-08-22
Yustin Arboleda,1991-09-18
Fredrik Ulvestad,1992-06-17
Nick Marsman,1990-10-01
Peter Michorl,1995-05-09
Tarkan Serbest,1994-05-02
Ismael Tajouri-Shradi,1994-03-28
Julio González,1991-04-23
Sébastien Thill,1993-12-29
Daniel Schmidt,1992-02-03
Jordan Obita,1993-12-08
Iñigo Martínez,1991-05-17
Alex Ruiz,1991-09-03
Erdoğan Yeşilyurt,1993-11-06
János Ferenczi,1991-04-03
Robert Andrich,1994-09-22
Philipp Wiesinger,1994-05-23
Aderllan Santos,1989-04-09
Arlind Ajeti,1993-09-25
Felipe Anderson,1993-04-15
Louis Bostyn,1993-10-04
Serge Gnabry,1995-07-14
Patrick Pflücke,1996-11-30
Sam Larsson,1993-04-10
Yoann Barbet,1993-05-10
Theerathon Bunmathan,1990-02-06
Kevin Akpoguma,1995-04-19
Mohamed Elneny,1992-07-11
Ivica Ivusic,1995-02-01
Josip Radosevic,1994-04-03
Josh Risdon,1992-07-27
Vjaceslavs Isajevs,1993-08-27
Antonio Colak,1993-09-17
Ángel Sepúlveda,1991-02-15
Noë Dussenne,1992-04-07
Ben Halloran,1992-06-14
Marvin Schwäbe,1995-04-25
Marc Oliver Kempf,1995-01-28
Jannik Huth,1994-04-15
Robin Zentner,1994-10-28
Leopold Zingerle,1994-04-10
Matteo Bianchetti,1993-03-17
Filip Kostić,1992-11-01
Cristian Nedelcovici,1993-06-02
Joshua Kimmich,1995-02-08
Carl Klaus,1994-01-16
Nemanja Petrovic,1992-04-17
Aníbal Godoy,1990-02-10
Djibril Sidibé,1992-07-29
Andreas Hansen,1995-08-11
Niklas Stark,1995-04-14
Josef Martínez,1993-05-19
Anastasios Bakasetas,1993-06-28
Filip Malbasic,1992-11-18
Dénes Dibusz,1990-11-16
Cauly,1995-09-15
Eduardo Sasha,1992-02-24
Joe Corona,1990-07-09
Daniele Rugani,1994-07-29
Petar Bojic,1991-09-04
Alberto Paleari,1992-08-29
Mame Thiam,1992-10-09
Federico Ceccherini,1992-05-11
Laurent Jans,1992-08-05
Moses Odubajo,1993-07-28
Jérémy Manzorro,1991-11-11
Eli Dasa,1992-12-03
Bit-garam Yoon,1990-05-07
Juri Cisotti,1993-05-05
Lukas Gugganig,1995-02-14
Ivan Lucic,1995-03-23
Romario Benzar,1992-03-26
Aurelian Chițu,1991-03-25
Kei Ishikawa,1992-09-30
Gabriel Iancu,1994-04-15
Ryota Oshima,1993-01-23
Dong-won Ji,1991-05-28
Gen Shoji,1992-12-11
Szymon Sobczak,1992-12-07
Abdulrahman Ghareeb,1997-03-31
Yousef Al-Shammari,1997-12-09
Panagiotis Tsintotas,1993-07-04
Javier Güemez,1991-10-17
Paweł Wszołek,1992-04-30
Mory Diaw,1993-06-22
Soualiho Meïté,1994-03-17
Lionel Mpasi-Nzau,1994-08-01
Denis Suárez,1994-01-06
Stuart Findlay,1995-09-14
Craig Sibbald,1995-05-18
Yimmi Chará,1991-04-02
Thomas Castella,1993-06-30
Stole Dimitrievski,1993-12-25
Berat Djimsiti,1993-02-19
Yanick Brecher,1993-05-25
Hiroki Akino,1994-10-08
Hideki Ishige,1994-09-21
Takuya Iwanami,1994-06-18
Takumi Minamino,1995-01-16
Kosuke Nakamura,1995-02-27
Kyohei Yoshino,1994-11-08
Matteo Politano,1993-08-03
Marllon,1992-04-16
Emiliano Tade,1988-03-03
Amar Rahmanovic,1994-05-13
Moisés San Nicolás,1993-09-17
Roberto Lopes,1992-06-17
Marko Vukcevic,1993-06-07
Leandro Paredes,1994-06-29
Jürgen Locadia,1993-11-07
Roman Zobnin,1994-02-11
Frans Dhia Putros,1993-07-14
Yevgen Volynets,1993-08-26
Rodrigo Rey,1991-03-08
Niklas Süle,1995-09-03
Jordi Quintillà,1993-10-25
Mamadou Sylla,1994-03-20
Lukas Lerager,1993-07-12
Paddy McNair,1995-04-27
Gabriel Pires,1993-09-18
Alassane Pléa,1993-03-10
Adrian Grbic,1996-08-04
Edvinas Girdvainis,1993-01-17
Youssouf M'Changama,1990-08-29
Stefano Sabelli,1993-01-13
Alessandro Micai,1993-07-24
Chimy Ávila,1994-02-06
Vitaliy Buyalskyi,1993-01-06
Andrea Belotti,1993-12-20
Mattia Valoti,1993-09-06
Svenn Crone,1995-05-20
Andrew Hjulsager,1995-01-15
Pierre-Emile Højbjerg,1995-08-05
Memphis Depay,1994-02-13
Filip Mladenovic,1991-08-15
Péter Szappanos,1990-11-14
Boli Bolingoli,1995-07-01
Leander Dendoncker,1995-04-15
Lucas Pirard,1995-03-10
David Lazar,1991-08-08
Ahmed Musa,1992-10-14
Lubomir Satka,1995-12-02
Martin Kralik,1995-04-03
Dawid Abramowicz,1991-05-16
Igor Leshchuk,1996-02-20
Igor Medynskyi,1993-01-03
Eddy Gnahoré,1993-11-14
Bojan Nastic,1994-07-06
Marko Poletanovic,1993-07-20
Nikola Cirkovic,1991-12-04
Silvan Widmer,1993-03-05
Edenilson,1989-12-18
Daniel Johnson,1992-10-08
Slavoljub Srnic,1992-01-12
Milan Radin,1991-06-25
Luka Zahovic,1995-11-15
Juan Cruz,1992-07-28
Uros Radakovic,1994-03-31
Sam Nicholson,1995-01-20
Frederico Venâncio,1993-02-04
Nikolaos Papadopoulos,1990-04-11
Giovanni Di Lorenzo,1993-08-04
Diego Fagúndez,1995-02-14
Jérémy Frick,1993-03-08
Marcel Tisserand,1993-01-10
Devis Epassy,1993-02-02
Dimitri Foulquier,1993-03-23
Jean-Daniel Akpa Akpro,1992-10-11
Julien Lopez,1992-03-01
Timo Werner,1996-03-06
Vyacheslav Karavaev,1995-05-20
Aleksandr Lomakin,1995-02-14
Ludwig Augustinsson,1994-04-21
Mawouna Amevor,1991-12-16
Salih Uçan,1994-01-06
Josip Calusic,1993-10-11
Sebastien Ibeagha,1992-01-21
Garry Rodrigues,1990-11-27
Rudy Camacho,1991-03-05
Donovan Léon,1992-11-03
Massadio Haïdara,1992-12-02
Mario Lemina,1993-09-01
Thomas Delaine,1992-03-24
Raphaël Guerreiro,1993-12-22
Sasa Zdjelar,1995-03-20
Leo Stulac,1994-09-26
Joshua Brillante,1993-03-25
Jack Duncan,1993-04-19
Abdelkarim Hassan,1993-08-28
Ryosuke Yamanaka,1993-04-20
Riyad Mahrez,1991-02-21
Lucas Rodríguez,1993-09-27
Matt Doherty,1992-01-16
Adam Taggart,1993-06-02
Veaceslav Posmac,1990-11-07
Denis Rusu,1990-08-02
Adel Al-Hosani,1989-08-23
Yasser Al-Shahrani,1992-05-25
Fernando Pacheco,1992-05-18
Marco Bürki,1993-07-10
Thomas Bruns,1992-01-07
Baldomero Perlaza,1992-06-02
Cameron Howieson,1994-12-22
Bill Tuiloma,1995-03-27
Ramy Rabia,1993-05-20
Mustafa Malayekah,1986-05-20
Krzysztof Kamiński,1990-11-26
Naser Aliji,1993-12-27
Gurpreet Singh Sandhu,1992-02-03
Joel Pohjanpalo,1994-09-13
James Tarkowski,1992-11-19
Robin Lod,1993-04-17
Ryan Edwards,1993-10-07
Nouha Dicko,1992-05-14
Davide Zappacosta,1992-06-11
Juan Garro,1992-11-24
Morgan Sanson,1994-08-18
Kenny Lala,1991-10-03
Erik Janza,1993-06-21
Rony Lopes,1995-12-28
Leandro Pinto,1994-01-24
Islam Slimani,1988-06-18
Youcef Belaïli,1992-03-14
Bernard,1992-09-08
Luccas Claro,1991-10-02
Caio Secco,1990-12-22
Josué Quijano,1991-03-10
Unai Bilbao,1994-02-04
Jonny Otto,1994-03-03
Moi Gómez,1994-06-23
Woodrow West,1985-09-19
Kazuki Kushibiki,1993-02-12
Ronwen Williams,1992-01-21
Joe Willis,1988-08-10
Jonathan Clauss,1992-09-25
Storm Roux,1993-01-13
Eric Dier,1994-01-15
André Ramalho,1992-02-16
Michał Nalepa,1993-01-22
Ole Selnæs,1994-07-07
Anthony Nwakaeme,1989-03-21
Jesús Imaz,1990-09-26
Rafał Wolski,1992-11-10
Aymeric Laporte,1994-05-27
Themba Zwane,1989-08-03
Sergey Karpovich,1994-03-29
Felipe Mora,1993-08-02
Julián Cuesta,1991-03-28
Rubén Duarte,1995-10-18
Cecilio Waterman,1991-04-13
Simon Murray,1992-03-15
Hayato Nakama,1992-05-16
Bogdan Sarnavskyi,1995-01-29
Evgeniy Frolov,1988-02-05
Abdón Prats,1992-12-07
Gerard Moreno,1992-04-07
Nathan Aké,1995-02-18
Abdullah Al-Jawaey,1996-03-09
Tsukasa Shiotani,1988-12-05
Matheus,1992-03-29
Rory McKenzie,1993-10-07
Alexandru Țigănașu,1990-06-12
Miguel Trauco,1992-08-25
Mitchell Duke,1991-01-18
Janik Haberer,1994-04-02
Domenico Berardi,1994-08-01
Adnan Januzaj,1995-02-05
Mica Pinto,1993-06-04
Harry Maguire,1993-03-05
Ahmed Al-Kassar,1991-05-08
Michael Santos,1993-03-13
Ángelo Rodríguez,1989-04-04
Diego Novoa,1989-05-31
Thom Haye,1995-02-09
Wilker Ángel,1993-03-18
Dani García,1990-05-24
Davie Selke,1995-01-20
Jan Mikula,1992-01-05
Michael Krmencik,1993-03-15
Jean Michaël Seri,1991-07-19
Syazwan Buhari,1992-09-22
Faris Ramli,1992-08-24
Vidar Ari Jónsson,1994-03-10
Luan,1993-05-10
Fábio Lima,1993-06-30
Michy Batshuayi,1993-10-02
Lukas Görtler,1994-06-15
Vladimír Darida,1990-08-08
Andraz Sporar,1994-02-27
Marko Malenica,1994-02-08
Josip Elez,1994-04-25
Antonio Milic,1994-03-10
Konstantin Savichev,1994-03-06
Fredrik Sjølstad,1994-03-29
Nikola Boranijasevic,1992-05-19
Jonathan Ring,1991-12-05
Sivert Heltne Nilsen,1991-10-02
Sardar Azmoun,1995-01-01
Kee-hee Kim,1989-07-13
Ji-ho Han,1988-12-15
Paul Gladon,1992-03-18
Sergi Samper,1995-01-20
Iker Undabarrena,1995-05-18
Tomasz Kędziora,1994-06-11
Piotr Zielinski,1994-05-20
Lawrence Thomas,1992-05-09
Sébastien Haller,1994-06-22
Arthur Masuaku,1993-11-07
Abdoulaye Touré,1994-03-03
Jure Balkovec,1994-09-09
Gonçalo Paciência,1994-08-01
James Ward-Prowse,1994-11-01
Dominik Holec,1994-07-28
Tomas Huk,1994-12-22
Ondrej Karafiat,1994-12-01
Shota Arai,1988-11-01
Lorenzo Faravelli,1993-03-29
Marquinhos,1994-05-14
Hernani,1994-03-27
Charles,1994-02-04
Emerson,1994-08-03
Rodrigo Dourado,1994-06-17
Cláudio Winck,1994-04-15
Paul Izzo,1995-01-06
Veton Berisha,1994-04-13
Seba Pérez,1993-03-29
Didier Moreno,1991-09-15
Milan Rundic,1992-03-29
Ally Samatta,1992-12-23
Kevin Ray Mendoza,1994-09-29
Uros Ljubomirac,1990-04-12
Pieros Sotiriou,1993-01-13
Menno Koch,1994-07-02
Tonny Vilhena,1995-01-03
Joris van Overeem,1994-06-01
Scott Pittman,1992-07-09
Lefteris Choutesiotis,1994-07-20
Manolis Siopis,1994-05-14
Carlos Mané,1994-03-11
João Cancelo,1994-05-27
Bruno Varela,1994-11-04
Fidan Aliti,1993-10-03
Stéphane Lambese,1995-11-10
Anthony Martial,1995-12-05
Seko Fofana,1995-05-07
Jean-Philippe Gbamin,1995-09-25
Clément Lenglet,1995-06-17
Mike Maignan,1995-07-03
Paul Marie,1995-03-24
Hervin Ongenda,1995-06-24
Adrien Rabiot,1995-04-03
Wesley Saïd,1995-04-19
Stefano Denswil,1993-05-07
Davy Klaassen,1993-02-21
Nikola Storm,1994-09-30
Luke Shaw,1995-07-12
Svend Brodersen,1997-03-22
Joe Rothwell,1995-01-11
Chris Long,1995-02-25
Boris Céspedes,1995-06-19
Olivier Custodio,1995-02-10
Jamaal Lascelles,1993-11-11
Kevin Mbabu,1995-04-19
Jimmy Maurer,1988-10-14
Marko Kolaković,1993-02-09
Pieter Gerkens,1995-02-17
Mike van Duinen,1991-11-06
Kento Hashimoto,1993-08-16
Michael Kempter,1995-01-12
Øystein Øvretveit,1994-06-25
Petar Stojanović,1995-10-07
Ming-Yang Yang,1995-07-11
Stephen Kingsley,1994-07-23
Tayfur Bingöl,1993-01-11
Naïm Sliti,1992-07-27
Darijan Bojanic,1994-12-28
Emil Krafth,1994-08-02
Victor Lindelöf,1994-07-17
Guido Carrillo,1991-05-25
Alexander Lundin,1992-10-25
Ahmed Hassan,1993-03-05
Mohamed Awad,1992-07-06
Florian Thauvin,1993-01-26
Arturo González,1994-09-05
Georgiy Dzhikiya,1993-11-21
Vincenzo Grifo,1993-04-07
Brian Kaltak,1993-09-30
Jason Geria,1993-05-10
Akuila Mateisuva,1992-01-15
Ilisoni Tuinawaivuvu,1991-01-08
Jhon Córdoba,1993-05-11
Daniel Giraldo,1992-07-01
Joe Newell,1993-03-15
Almahdi Ali,1992-03-02
Igor Sergeev,1993-04-30
Murad Naji,1991-06-12
Jakob Glesnes,1994-03-25
Branco Ampuero,1993-07-19
Konstantinos Triantafyllopoulos,1993-04-03
Jizz Hornkamp,1998-03-07
Rodinei,1992-01-29
Bobby De Cordova-Reid,1993-02-02
Giorgi Kvilitaia,1993-10-01
Fabricio Pedrozo,1992-11-06
Stephen O'Donnell,1992-05-11
Sascha Horvath,1996-08-22
Valentino Lazaro,1996-03-24
Alexander Schlager,1996-02-01
Lukas Cmelik,1996-04-13
Jakub Hromada,1996-05-25
John Stones,1994-05-28
Mohamed Elyounoussi,1994-08-04
Sime Grzan,1994-04-06
Kristoffer Peterson,1994-11-28
Alin Roman,1994-01-27
Bogdan Țîru,1994-03-15
Robert Mühren,1989-05-18
Andreas Kuen,1995-03-24
Enzo Roco,1992-08-16
Cristian Cuevas,1995-04-02
Marek Rodák,1996-12-13
Evgeniy Chernov,1992-10-23
Budu Zivzivadze,1994-03-10
Robert Gojani,1992-10-19
Mike van der Hoorn,1992-10-15
Vakhtang Chanturishvili,1993-08-05
Hjörtur Hermannsson,1995-02-08
Bas Kuipers,1994-08-17
Kevin Brobbey,1993-07-26
Joey Pelupessy,1993-05-15
Sandy Walsh,1995-03-14
Milos Degenek,1994-04-28
Ben Garuccio,1995-06-15
Timo Baumgartl,1996-03-04
Julian Brandt,1996-05-02
Leonardo Koutris,1995-07-23
Ante Rebić,1993-09-21
Fabian Bredlow,1995-03-02
Clinton Mata,1992-11-07
János Nagy,1992-08-07
Sokratis Dioudis,1993-02-03
Mats Seuntjens,1992-04-17
Yassine Benzia,1994-09-08
André Sousa,1990-07-09
Hugo Sousa,1992-06-04
Riyadh Sharahili,1993-04-28
Ahmed Alaaeldin,1993-01-31
Ryan Christie,1995-02-22
Tatsuki Nara,1993-09-19
Benjamin Verbic,1993-11-27
August Wängberg,1993-12-30
Ramin Rezaeian,1990-03-21
Marko Bakic,1993-11-01
Eddie Hernández,1991-02-27
Francisco Calvo,1992-07-08
Francisco Meza,1991-08-29
Patrick Twumasi,1994-05-09
Guillermo Varela,1993-03-24
Osman Hadzikic,1996-03-12
Sheraldo Becker,1995-02-09
Takuya Kida,1994-08-23
Masaya Matsumoto,1995-01-25
Sei Muroya,1994-04-05
Shoya Nakajima,1994-08-23
Ayumi Niekawa,1994-05-12
Naomichi Ueda,1994-10-24
Danijel Petkovic,1993-05-25
Maxime Crépeau,1994-05-11
Samuel Piette,1994-11-12
Mick van Buren,1992-08-24
Marcel Hartel,1996-01-19
Sasa Ivkovic,1993-05-13
Andy Polo,1994-09-29
Jefferson Mena,1989-06-15
Andrés Correa,1994-01-29
Rodrigo Aguirre,1994-10-01
Martín Benítez,1994-06-17
Guillermo de Amores,1994-10-19
Lucas Ocampos,1994-07-11
Juan Gabriel Rodríguez,1994-02-28
Carlos Gruezo,1995-04-19
Cristian Ramírez,1994-08-12
Omar Browne,1994-05-03
Alfredo Stephens,1994-12-25
Ondrej Kolar,1994-10-17
Michal Travnik,1994-05-17
Khoren Bayramyan,1992-01-07
Dino Dolmagic,1994-02-26
Alvas Powell,1994-07-18
Romario Williams,1994-08-15
Gabriel Castellón,1993-09-08
Aleksandar Cavric,1994-05-18
Paul Arriola,1995-02-05
Kellyn Acosta,1995-07-24
Thomas Goiginger,1993-03-15
Sujan Perera,1992-07-18
Vitaliy Gudiev,1995-04-22
Andriy Klishchuk,1992-07-03
Sander van de Streek,1993-03-24
Predrag Rajković,1995-10-31
Patrik Carlgren,1992-01-08
Maximilian Eggestein,1996-12-08
Gerrit Holtmann,1995-03-25
Corentin Tolisso,1994-08-03
Markas Beneta,1993-07-08
Vykintas Slivka,1995-04-29
Marko Pajac,1993-05-11
Bouna Sarr,1992-01-31
Joshua Smits,1992-11-06
Juan Ramírez,1993-05-25
Uros Djurdjevic,1994-03-02
Mats Møller Dæhli,1995-03-02
Juan Carlos Pereira,1993-02-08
Alejandro Galindo,1992-03-05
Ángelo Sagal,1993-04-18
Brice Samba,1994-04-25
Vichet Um,1993-11-27
Pyae Phyo Aung,1991-07-08
Héctor Bellerín,1995-03-19
Oussama Haddadi,1992-01-28
Mahmoud Dahoud,1996-01-01
Benjamin Kololli,1992-05-15
Fred,1993-03-05
Ryan Camenzuli,1994-09-08
Darko Velkovski,1995-06-21
Dimitrios Goutas,1994-04-04
Giannis Anestis,1991-03-09
Arkadiusz Milik,1994-02-28
Rafał Kurzawa,1993-01-29
Ferjani Sassi,1992-03-18
Unai López,1995-10-30
Nick Pope,1992-04-19
Pius Dorn,1996-09-24
Jonas Föhrenbach,1996-01-26
Kepa Arrizabalaga,1994-10-03
Taxiarchis Fountas,1995-09-04
Jordan Lefort,1993-08-09
Jackson Irvine,1993-03-07
Leroy Sané,1996-01-11
Noam Baumann,1996-04-10
Ulisses Garcia,1996-01-11
Nico Elvedi,1996-09-30
Anto Grgic,1996-11-28
Vladislavs Gutkovskis,1995-04-02
Stanislav Lobotka,1994-11-25
Aleksandar Palocevic,1993-08-22
Ben Davies,1993-04-24
Mehdi Khalil,1991-09-19
William Troost-Ekong,1993-09-01
Francesco Ruberto,1993-03-19
Waldemar Anton,1996-07-20
Mike-Steven Bähre,1995-08-10
Tim Kleindienst,1995-08-31
Ryan Gauld,1995-12-16
Alejandro Grimaldo,1995-09-20
Álex Moreno,1993-06-08
John McGinn,1994-10-18
Mohammed Al-Fatil,1992-01-04
Abdullah Al-Hafith,1992-12-25
Abdullah Otayf,1992-08-03
Damjan Siskovski,1995-03-18
Gauthier Gallon,1993-04-23
Joseph Saliste,1995-04-10
Björn Engels,1994-09-15
Lucas Alario,1992-10-08
Ryan Fulton,1996-05-23
Jordan McGhee,1996-07-24
Robbie Muirhead,1996-03-08
Marius Wolf,1995-05-27
Fabian Hiszpański,1993-10-26
Alex Cairns,1993-01-04
Christoph Nicht,1994-01-05
David Puskac,1993-05-14
Renato Steffen,1991-11-03
Nicolas Wimmer,1995-03-15
Julio Cascante,1993-10-03
Leonardo Bertone,1994-03-14
Edison Flores,1994-05-14
Pascal Stenzel,1996-03-20
Stefano Lilipaly,1990-01-10
Zlatko Tripic,1992-12-02
Salem Al-Dawsari,1991-08-19
Michele Castagnetti,1989-12-27
Paulo Gazzaniga,1992-01-02
Kendall Waston,1988-01-01
Roy Kortsmit,1992-08-26
José Pozo,1996-03-15
Florian Grillitsch,1995-08-07
Daniel Maderner,1995-10-12
Martin Rasner,1995-05-18
Alexander Nübel,1996-09-30
Bastos,1991-03-27
Albian Ajeti,1997-02-26
João Oliveira,1996-01-06
Fabian Herbers,1993-08-17
Luca Waldschmidt,1996-05-19
Robert Glatzel,1994-01-08
Donis Avdijaj,1996-08-25
Coll Donaldson,1995-04-09
Marvin Friedrich,1995-12-13
Jonathan Tah,1996-02-11
Saidy Janko,1995-10-22
Marko Zivkovic,1994-05-17
Remi Matthews,1994-02-10
Jonathan Scherzer,1995-07-22
Lukas Watkowiak,1996-03-06
Julian Weigl,1995-09-08
Michael Zetterer,1995-07-12
Timon Wellenreuther,1995-12-03
Stefan Bukorac,1991-02-15
Andreas Christensen,1996-04-10
Marko Gobeljic,1992-09-13
Patrick Greil,1996-09-08
David Puclin,1992-06-17
Unai García,1992-02-03
Gerso,1991-02-23
Jacob Une,1994-04-08
Federico Bernardeschi,1994-02-16
Roberto Gagliardini,1994-04-07
Alberto Grassi,1995-03-07
Ryota Suzuki,1994-02-10
Vukan Savicevic,1994-01-29
Rúben Semedo,1994-04-04
Farley Rosa,1994-01-14
Mohamed Chibi,1993-01-21
Alessio Romagnoli,1995-01-12
Alberto Cerri,1996-04-16
Josh Sheehan,1995-03-30
Jamie Vardy,1987-01-11
Pedro Rebocho,1995-01-23
Irfan Hadzic,1993-06-15
Ivan Provedel,1994-03-17
Cristian Ponde,1995-01-26
Rafa Soares,1995-05-09
André Silva,1995-11-06
Lazar Rosic,1993-06-29
Filip Helander,1993-04-22
Federico Dimarco,1997-11-10
Takayuki Mae,1993-09-16
Samuel Xavier,1990-06-06
Dimitar Evtimov,1993-09-07
Harry Toffolo,1995-08-19
Daniel Holzer,1995-08-18
Lukas Hulka,1995-03-31
Jakub Siman,1995-01-07
Tomas Chory,1995-01-26
Jan Vondra,1995-09-13
João Costa,1996-02-02
Badavi Hüseynov,1991-07-11
Zach Muscat,1993-08-22
Stephen Pisani,1992-08-07
René Joensen,1993-02-08
Askhat Tagybergen,1990-08-09
João Schmidt,1993-05-19
Hao-Wei Chen,1992-04-30
Mihkel Ainsalu,1996-03-08
Matvei Igonen,1996-10-02
Märten Kuusk,1996-04-05
Rauno Sappinen,1996-01-23
Roman Begunov,1993-03-22
Nikolaos Melissas,1993-02-24
Andreas Linde,1993-07-24
Bryan Cristante,1995-03-03
Abdülkerim Bardakcı,1994-09-07
Rubén Blanco,1995-07-25
Onurcan Piri,1994-09-28
Jacob Murphy,1995-02-24
Wil Trapp,1993-01-15
Danilo Cataldi,1994-08-06
Davide Biraschi,1994-07-02
Caleb Ekuban,1994-03-23
Marco Sportiello,1992-05-10
Elseid Hysaj,1994-02-02
Taşkın İlter,1994-07-05
Florin Niță,1987-07-03
Ofri Arad,1998-09-11
Sadio Mané,1992-04-10
Petros,1989-05-29
Valentin Cojocaru,1995-10-01
Daníel Leó Grétarsson,1995-10-02
Yordy Reyna,1993-09-17
Dominik Kun,1993-06-22
Isaac Kiese Thelin,1992-06-24
Hattan Bahebri,1992-07-16
Angus Gunn,1996-01-22
Greg Leigh,1994-09-30
Igor Perduta,1990-11-15
Lukas Wedl,1995-10-19
Élber,1992-05-27
Siu-Kwan Philip Chan,1992-08-01
Ulrik Saltnes,1992-11-10
Wai Wong,1992-09-17
Milos Veljkovic,1995-09-26
Farid Boulaya,1993-02-25
Jakob Bonde,1993-12-29
Benjamin Henrichs,1997-02-23
Sven Köhler,1996-11-08
Andrejs Ciganiks,1997-04-12
Robin Pröpper,1993-09-23
Alexandru Benga,1989-06-15
Paul Digby,1995-02-02
Ruben Loftus-Cheek,1996-01-23
Filip Nguyen,1992-09-14
Bård Finne,1995-02-13
Neto Volpi,1992-08-01
Danny Ward,1993-06-22
Pedro Bigas,1990-05-15
Florin Purece,1991-11-06
Ivan Petryak,1994-03-13
George Gavrilaș,1990-12-15
Haris Tabakovic,1994-06-20
David von Ballmoos,1994-12-30
Gregory Wüthrich,1994-12-04
Julián Quiñónes,1989-11-05
Tyler Boyd,1994-12-30
Chancel Mbemba,1994-08-08
Ryan Thomas,1994-12-20
Andreas Pereira,1996-01-01
Jakob Busk,1993-09-12
Andreas Cornelius,1993-03-16
Jack Grealish,1995-09-10
Steve Furtado,1994-11-22
Pierre-Yves Hamel,1994-02-03
Yuriy Kovalev,1993-01-27
Steven Moreira,1994-08-13
Hervé Matthys,1996-01-19
Tozé,1993-01-14
Cafú,1993-02-26
Eirik Schulze,1993-01-07
Ruben Aguilar,1993-04-26
Melker Hallberg,1995-10-20
Oleksandr Zinchenko,1996-12-15
Andriy Boryachuk,1996-04-23
Igor Kyryukhantsev,1996-01-29
Nicolas Bürgy,1995-08-07
Tomoya Inukai,1993-05-12
Branco van den Boomen,1995-07-21
Glenn Bijl,1995-07-13
Andreas Karo,1996-09-09
Charalampos Kyriakou,1995-02-09
Matus Bero,1995-09-06
Milan Škriniar,1995-02-11
Ramzi Safuri,1995-10-21
Taylan Antalyalı,1995-01-08
Okan Kocuk,1995-07-27
Romain Saïss,1990-03-26
Emre Taşdemir,1995-08-08
Saman Ghoddos,1993-09-06
Jonathan Rasheed,1991-11-21
Isnik Alimi,1994-02-02
Shon Goldberg,1995-06-13
Dor Peretz,1995-05-17
Everaldo,1991-07-05
Norbert Gyömbér,1992-07-03
Talocha,1989-08-30
Mattijs Branderhorst,1993-12-31
Jádson,1993-08-30
Lukas Graf,1994-08-12
Mattias Käit,1998-06-29
Lucas Hägg Johansson,1994-07-11
Mergim Krasniqi,1992-08-23
Sebastian Ohlsson,1992-12-31
Marc-Aurèle Caillard,1994-05-12
Marco Ilaimaharitra,1995-07-26
Thomas Lemar,1995-11-12
Tokmac Chol Nguen,1993-10-20
Rúnar Alex Rúnarsson,1995-02-18
Fredrik Andersson,1988-10-25
Dejan Iliev,1995-02-25
Alexander Jeremejeff,1993-10-12
Marcus Rohdén,1991-05-11
Gjoko Zajkov,1995-02-10
Jakov Biljan,1995-08-02
Luka Capan,1995-04-06
Dominik Livakovic,1995-01-09
Luka Lucic,1995-01-02
Mario Pašalić,1995-02-09
Marko Pjaca,1995-05-06
Raúl Jiménez,1991-05-05
Paulo Dybala,1993-11-15
Isaac Hayden,1995-03-22
Tin Jedvaj,1995-11-28
Eduard Sobol,1995-04-20
Kenny Tete,1995-10-09
Sami Helal,1988-10-19
Jalal Hassan,1991-05-18
Janis Ikaunieks,1995-02-16
Aleksandar Susnjar,1995-08-19
Andrija Zivkovic,1996-07-11
Tomas Švedkauskas,1994-06-22
Georgiy Bushchan,1994-05-31
Dominik Baumgartner,1996-07-20
Mario Marina,1989-08-03
Kévin Rodrigues,1994-03-05
Joshua Brenet,1994-03-20
Will Hughes,1995-04-17
Vincent Janssen,1994-06-15
Ante Majstorovic,1993-11-06
Francis de Vries,1994-11-28
Oleksandr Andriyevskyi,1994-06-25
Konstantinos Bouloulis,1993-12-07
Antônio Carlos,1993-03-07
Salahat Agayev,1991-01-04
Maxime Dominguez,1996-02-01
Aristotelis Karasalidis,1991-05-03
Prince Owusu,1997-01-07
Cedric Teuchert,1997-01-14
Visar Musliu,1994-11-13
Boban Nikolov,1994-07-28
Yassine Bounou,1991-04-05
Max Crocombe,1993-08-12
Ruslan Malinovskyi,1993-05-04
Alberto Moreno,1992-07-05
Dino Islamovic,1994-01-17
Mohammed Al-Musalami,1990-04-27
Bartłomiej Drągowski,1997-08-19
Mateusz Wieteska,1997-02-11
Faiyz Al-Rusheidi,1988-07-19
Arkadiusz Jędrych,1992-05-27
Siebe Schrijvers,1996-07-18
Gustavo Henrique,1993-03-24
George Pușcaș,1996-04-08
Fredy Hinestroza,1990-04-05
Liam Kelly,1996-01-23
Ionuț Vînă,1995-02-20
Emre Kılınç,1994-08-23
Amor Layouni,1992-10-03
Akhtam Nazarov,1992-09-29
Barrie McKay,1994-12-30
Mohamed Faisal,1988-08-04
Ali Fasir,1988-09-04
Marius Briceag,1992-04-06
Solly March,1994-07-20
Seifeddine Jaziri,1993-02-11
Ahmed Asiri,1991-11-14
Igor Lichnovsky,1994-03-07
Majed Kanabah,1992-07-01
Alexandru Mitriță,1995-02-08
Ahmet Arslan,1994-03-30
Haruya Ide,1994-03-25
Baghdad Bounedjah,1991-11-24
Marwane Saadane,1992-01-17
Mihai Bordeianu,1991-11-18
Ibrahim Zaied,1990-01-22
Pablo Marí,1993-08-31
Sultan Mandash,1994-10-17
Mariusz Stępiński,1995-05-12
Jacob Rinne,1993-06-20
Vladyslav Kabaev,1995-09-01
Willian Arão,1992-03-12
Nazmi Faiz,1994-08-16
Shahrul Saad,1993-07-08
Lei Li,1992-05-30
Paulinho,1992-11-09
João Afonso,1990-05-28
Liam Donnelly,1996-03-07
Jesper Nyholm,1993-09-10
Darwin Machís,1993-02-07
Badou Ndiaye,1990-10-27
Mansur,1993-04-17
Helibelton Palacios,1993-06-11
Harold Rivera,1993-03-19
Ánderson Plata,1990-11-08
Miguel Araujo,1994-10-24
Ali Abdi,1993-12-20
Dianzuo Liu,1990-06-26
Kiki Kouyaté,1997-04-15
Artem Timofeev,1994-01-12
Ruslan Amirov,1990-10-14
Valeriy Kichin,1992-10-12
Riki Harakawa,1993-08-18
Yuji Takahashi,1993-04-11
Renê,1992-09-14
Halil Akbunar,1993-11-09
Ambrosiy Chachua,1994-04-02
Dmytro Myshnyov,1994-01-26
Yuichi Maruyama,1989-06-16
Rene Renner,1993-11-29
Kassem El Zein,1990-12-02
Diamantis Chouchoumis,1994-07-17
Christos Donis,1994-10-09
Farrukh Sayfiev,1991-01-17
Ka-Ho Lee,1993-04-26
Jorge Arias,1992-11-13
Stiven Barreiro,1994-06-19
Djibril Sow,1997-02-06
Sergiu Hanca,1992-04-04
Dimitrios Pelkas,1993-10-26
Adam Webster,1995-01-04
Álex Remiro,1995-03-24
Jakub Fulnek,1994-04-26
Matej Hybl,1994-08-24
Faisal Al-Badri,1990-06-04
Gastón Álvarez Suarez,1993-04-05
Nicușor Bancu,1992-09-18
Sho Sasaki,1989-10-02
Saeed Al-Rubaie,1994-06-04
Rubén García,1993-07-14
Alireza Jahanbakhsh,1993-08-11
Artur Miranyan,1995-12-27
Ryohei Shirasaki,1993-05-18
Jota,1993-03-07
Leonardo Pico,1991-10-04
Vitinho,1993-10-09
Jhon Chancellor,1992-01-02
Lucas Torró,1994-07-19
Shoja Khalilzadeh,1989-05-14
Sebastian Schonlau,1994-08-05
Matheus Dória,1994-11-08
Islambek Kuat,1993-01-12
Mykyta Burda,1995-03-24
Igor Kharatin,1995-02-02
Vyacheslav Tankovskyi,1995-08-16
Carljohan Eriksson,1995-04-25
Wanderson,1989-03-31
Nikita Chernov,1996-01-14
Otar Kakabadze,1995-06-27
Domantas Šimkus,1996-02-10
Bryan Urueña,1992-10-31
Gratas Sirgėdas,1994-12-17
Luciano Vietto,1993-12-05
Virgil Misidjan,1993-07-24
Aitor García,1994-03-25
Pierrick Capelle,1987-04-15
In-sung Kim,1989-09-09
Matheus Uribe,1991-03-21
Simon Sandberg,1994-03-25
Leonard Zuta,1992-08-09
Connor Roberts,1995-09-23
Branko Jovicic,1993-03-18
Óliver Torres,1994-11-10
Craig Goodwin,1991-12-16
Uros Nikolic,1993-12-14
Nick Olij,1995-08-01
Daley Sinkgraven,1995-07-04
Thomas Foket,1994-09-25
Ivo Rodrigues,1995-03-30
Oleksiy Shlyakotin,1989-09-02
Aleksandr Vasyutin,1995-03-04
Gustavo Gómez,1993-05-06
William Yarbrough,1989-03-20
Hidde Jurjus,1994-02-09
Haris Hajradinovic,1994-02-18
Lukas Klostermann,1996-06-03
Erick Pulgar,1994-01-15
Josip Corluka,1995-03-03
Tom King,1995-03-09
Mijat Gacinovic,1995-02-08
Filipe Baravilala,1994-11-25
Setareki Hughes,1995-08-06
Adrien Thomasson,1993-12-10
Zhivko Atanasov,1991-02-03
Per Frick,1992-04-14
Malkolm Nilsson Säfqvist,1993-08-03
Lucas Olaza,1994-07-21
Tomas Holes,1993-03-31
Riechedly Bazoer,1996-10-12
Jérémie Boga,1997-01-03
Pavlo Polegenko,1995-01-06
İrfan Can Kahveci,1995-07-15
Alexandru Buzbuchi,1993-10-31
Alexandru Crețu,1992-04-24
Deniz Türüç,1993-01-29
Fafà Picault,1991-02-23
Jung-hyun Kim,1993-06-01
Jonatan Galván,1992-06-25
Nacho Vidal,1995-01-24
Attila Osváth,1995-12-10
Ui-young Song,1993-11-08
Igor Aleksovski,1995-02-24
Aleksey Sutormin,1994-01-10
Rebin Sulaka,1992-04-12
Neal Maupay,1996-08-14
Daniel Prieto,1995-09-19
Aleix Febas,1996-02-02
Damià Sabater,1996-02-03
Borja Sánchez,1996-02-26
Se-jong Ju,1990-10-30
Young-kyu Ahn,1989-12-04
Woon Jeong,1989-06-30
Menzi Masuku,1993-04-15
Arsen Beglaryan,1993-02-18
Myung-joo Lee,1990-04-24
Ilya Pomazun,1996-08-16
Boris Sekulic,1991-10-21
Jakov Puljic,1993-08-04
Patrik Hrosovsky,1992-04-22
Óscar Romero,1992-07-04
André Rømer,1993-07-18
Lucas Silva,1993-02-16
Mikael Mandron,1994-10-11
Fredrik Oldrup Jensen,1993-05-18
Amahl Pellegrino,1990-06-18
Jan Kliment,1993-09-01
Brandon O'Neill,1994-04-12
Anton Nedyalkov,1993-04-30
Alex Santana,1995-05-13
Adhavan Rajamohan,1993-02-21
Jesper Jonasson Westermark,1993-07-26
Pol Fernández,1991-10-11
Vladimir Iljin,1992-05-20
László Kleinheisler,1994-04-08
Omar Al-Somah,1989-03-23
Douglas Santos,1994-03-22
Ovidiu Bic,1994-02-23
Issiaga Sylla,1994-01-01
Alexander Larín,1992-06-27
Radosław Murawski,1994-04-22
Petar Petrovic,1995-09-15
André Gomes,1993-07-30
Lucas Cavallini,1992-12-28
Marcus Haglind-Sangré,1995-02-04
Dakonam Djené,1991-12-31
Furkan Soyalp,1995-06-12
Vojtech Vorel,1996-06-18
Borja Galán,1993-04-26
Lucas Vázquez,1991-07-01
José Gayà,1995-05-25
Shuhei Matsubara,1992-08-11
Kiril Despodov,1996-11-11
Plamen Galabov,1995-11-02
Zack Steffen,1995-04-02
Stefan Milosevic,1995-04-07
James Donachie,1993-05-14
Ignacio Rivero,1992-04-10
Mikkel Desler,1995-02-19
Romell Quioto,1991-08-09
Andreas Oggesen,1994-03-18
Roman Yaremchuk,1995-11-27
Kosuke Kinoshita,1994-10-03
Yusuke Kobayashi,1994-10-23
Anton Shvets,1993-04-26
Jesús Rodríguez,1993-05-21
Thomas Strakosha,1995-03-19
Marko Jankovic,1995-07-09
Yuki Nogami,1991-04-20
Sebastian Holmén,1992-04-29
Lasha Dvali,1995-05-14
Karim Boudiaf,1990-09-16
Adi Said,1990-01-15
Mark Delgado,1995-05-16
Boualem Khoukhi,1990-07-09
Manjrekar James,1993-08-05
Srdjan Babic,1996-04-22
Marko Grujić,1996-04-13
Danilo Pantic,1996-10-26
Jesper Karlström,1995-06-21
Florent Mollet,1991-11-19
Arbër Zeneli,1995-02-25
Casper Højer,1994-11-20
Gökhan Akkan,1995-01-01
Fábio Martins,1993-07-24
Gigli Ndefe,1994-03-02
Quini,1989-09-24
Marius Lode,1993-03-11
Fredrik Aursnes,1995-12-10
Luciano,1993-05-18
Patrik Johannesen,1995-09-07
José Aurelio Suárez,1995-12-18
Piotr Johansson,1995-02-28
Anton Andreasson,1993-07-26
Javier Burrai,1990-10-09
Jesper Gustavsson,1994-10-29
Ismail Mohamad,1990-04-05
Joel Nilsson,1994-07-11
Adam Ståhl,1994-10-08
Christopher Cvetko,1997-04-02
Paul Gartler,1997-03-10
David Gugganig,1997-02-10
Konrad Laimer,1997-05-27
Gary Oliver,1995-07-14
Patrick Pentz,1997-01-02
Stefan Peric,1997-02-13
Stefan Posch,1997-05-14
Dominik Prokop,1997-06-02
Xaver Schlager,1997-09-28
José Luis Chunga,1991-07-11
Olivier Ntcham,1996-02-09
Junling Yan,1991-01-28
Rostyslav Taranukha,1997-01-26
Daniel Paulson,1995-09-23
Il-gyu Park,1989-12-22
Wilder Cartagena,1994-09-23
Sergio Peña,1995-09-28
Jhonny Vidales,1992-04-22
Kayrat Zhyrgalbek uulu,1993-06-13
Lukas Grgic,1995-08-17
Abdul Rahman Baba,1994-07-02
Gregor Sikosek,1994-02-13
Brayan López,1990-06-03
Edgar Tur,1996-12-28
Valentín Vada,1996-03-06
Mariano Díaz,1993-08-01
Jean-Pierre Nsame,1993-05-01
Alex Grant,1994-01-23
N'Golo Kanté,1991-03-29
Gonçalo Guedes,1996-11-29
Rafael Barbosa,1996-03-29
Rúben Neves,1997-03-13
Joel Pereira,1996-09-28
Danny Armstrong,1997-10-11
Seon-min Moon,1992-06-09
Raphael Sallinger,1995-12-08
Alex Gogic,1994-04-13
Zé Rafael,1993-06-16
Patrick Roberts,1997-02-05
Érik Godoy,1993-08-16
Lucas Menossi,1992-07-11
Kerim Mrabti,1994-05-20
Pere Milla,1992-09-23
Reinaldo,1989-09-28
Anton Yashkov,1992-01-30
Philipp Lienhart,1996-07-11
Adam Lundkvist,1994-03-20
Murat Satin,1996-08-30
Fabinho,1993-10-23
Lawrence Shankland,1995-08-10
Kristoffer Haugen,1994-02-21
Karol Linetty,1995-02-02
Lautaro Giannetti,1993-11-13
Matheus Pereira,1996-05-05
Franco Fragapane,1993-02-06
David Soria,1993-04-04
Luca Mazzitelli,1995-11-15
Freddie Woodman,1997-03-04
Marko Dabro,1997-03-28
Ivan Fiolic,1996-04-29
Ivo Grbic,1996-01-18
Alen Halilovic,1996-06-18
Anton Kresic,1996-01-29
Marko Stolnik,1996-07-08
Ivan Šunjić,1996-10-09
Oliver Berg,1993-08-28
Ahmed Ildız,1996-11-28
Rodrigo Ureña,1993-03-01
Per Kristian Bråtveit,1996-02-15
Iver Fossum,1996-07-15
Morten Thorsby,1996-05-05
Bjørn Inge Utvik,1996-02-28
Paul Antoche,1992-06-21
Suhana Sos,1992-04-04
Anthony Cáceres,1992-09-29
Amani Aguinaldo,1995-04-24
Kenan Bajric,1994-12-20
Andreas Gianniotis,1992-12-18
Gboly Ariyibi,1995-01-18
Bevis Mugabi,1995-05-01
Harrison Reed,1995-01-27
Viktor Budinsky,1993-05-09
Josip Misic,1994-06-28
Younes Namli,1994-06-20
Joaquín Correa,1994-08-13
Benedikt Gimber,1997-02-19
Matthias Köbbing,1997-05-28
Jordan Torunarigha,1997-08-07
Valentin Antov,2000-11-09
Stefan Velkov,1996-12-12
Luis Quiñónes,1991-06-26
Maurides,1994-03-10
Igor Vujacic,1994-08-08
Marc Rebés,1994-07-03
Jesús Rubio,1994-09-09
Tiago Volpi,1990-12-19
Yonatthan Rak,1993-08-18
Mathias Dyngeland,1995-10-07
Anders Trondsen,1995-03-30
Eirik Hestad,1995-06-26
Evgeniy Shikavka,1992-10-15
Javier Salas,1993-08-20
Shangyuan Wang,1993-06-02
Wendell,1993-07-20
David Simón,1988-12-16
Wout Weghorst,1992-08-07
Yuriy Dyupin,1988-03-17
Pedro Miguel,1990-08-06
Alessandro Golinucci,1994-10-10
Ivan Subert,1993-10-14
João Novais,1993-07-10
Thilo Kehrer,1996-09-21
Alexis Alégué,1996-12-23
Moussa Dembélé,1996-07-12
Abdou Diallo,1996-05-04
Franck Honorat,1996-08-11
Lyes Houri,1996-01-19
Alireza Beiranvand,1992-09-21
Edvinas Gertmonas,1996-06-01
Darwin Cerén,1989-12-31
Brandon Fernandes,1994-09-20
Gerónimo Rulli,1992-05-20
Elias Andersson,1996-01-31
Dino Mikanovic,1994-05-07
Julian Gressel,1993-12-16
Bersant Celina,1996-09-09
Aritz Elustondo,1994-03-28
Ali Sowe,1994-06-14
Ali Al-Bulayhi,1989-11-21
Muhannad Shanqeeti,1999-03-12
Saleh Al-Amri,1993-10-14
Tom Lawrence,1994-01-13
Guido Herrera,1992-02-29
Lucas Zelarayán,1992-06-20
Stian Gregersen,1995-05-17
Haitam Aleesami,1991-07-31
Sigurd Rosted,1994-07-22
Awal Mahama,1991-06-10
Morten Bjørlo,1995-10-04
Andrey Mendel,1995-04-17
Yoshinori Muto,1992-07-15
Diego Laxalt,1993-02-07
Raivis Jurkovskis,1996-12-09
Klaudijus Upstas,1994-10-30
Thomas Partey,1993-06-13
Ylldren Ibrahimaj,1995-12-24
Mortadha Ben Ouanes,1994-07-02
Ilya Lantratov,1995-11-11
Simen Juklerød,1994-05-18
Otávio,1995-02-09
Dusan Jovancic,1990-10-19
La'Vere Corbin-Ong,1991-04-22
Theofanis Tzandaris,1993-06-13
Nélson Semedo,1993-11-16
Jannes Horn,1997-02-06
Braydon Manu,1997-03-28
Gilberto,1993-03-07
Michael Brouwer,1993-01-21
Christos Gromitsaris,1991-02-10
Oskar Zawada,1996-02-01
Milos Pantovic,1996-07-07
Brandley Kuwas,1992-09-19
Sofiane Boufal,1993-09-17
Atakan Karazor,1996-10-13
Ondrej Duda,1994-12-05
Antun Markovic,1992-07-04
Nadiem Amiri,1996-10-27
Mirko Ivanic,1993-09-13
Jan Fortelny,1999-01-19
Marek Havlík,1995-07-08
Aïssa Laïdouni,1996-12-13
Keagan Dolly,1993-01-22
Kwanda Mngonyama,1993-09-25
Grischa Prömel,1995-01-09
Lukas Masopust,1993-02-12
Ivan Filipovic,1994-11-13
Trezeguet,1994-10-01
Birger Verstraete,1994-04-16
Juan Pablo Vigón,1991-07-20
Carlos Villanueva,1994-04-07
André Onana,1996-04-02
Antonio Sanabria,1996-03-04
Victor Luís,1993-06-23
Panagiotis Deligiannidis,1996-08-29
Maxwel Cornet,1996-09-27
Lucas João,1993-09-04
Rudy Khairullah,1994-07-19
Andrew Robertson,1994-03-11
Rui Silva,1994-02-07
Georgios Giakoumakis,1994-12-09
Iacopo Cernigoi,1995-01-04
Georgios Athanasiadis,1993-04-07
Rodolfo Pizarro,1994-02-15
Mourad Batna,1990-06-27
Abderrazak Hamdallah,1990-12-17
Stefan Pereira,1988-04-16
Luuk Koopmans,1993-11-18
Jan Reznicek,1992-11-22
Wolke Janssens,1995-01-11
Jordi Vanlerberghe,1996-06-27
Henry Romero,1991-10-17
Dmitriy Chistyakov,1994-01-13
Maksim Rudakov,1996-01-22
Walid El Karti,1994-07-23
Jawad El Yamiq,1992-02-29
Oussama Tannane,1994-03-23
Edson Castillo,1994-05-18
Georgiy Zhukov,1994-11-19
John Souttar,1996-09-25
Mark O'Hara,1995-12-12
Paweł Stolarski,1996-01-28
Alessandro Deiola,1995-08-01
Denis Bouanga,1994-11-11
Brandon Mechele,1993-01-28
Mateusz Cichocki,1992-01-31
Nana Boateng,1994-05-10
Artem Shabanov,1992-03-07
Ozan Tufan,1995-03-23
Ola Aina,1996-10-08
Christian Ramirez,1991-04-04
Ghayas Zahid,1994-09-08
Luis García,1992-12-31
Axel Werner,1996-02-28
Ben Lundt,1995-09-24
Darijan Zarkov,1992-07-21
Dejan Stanivukovic,1994-06-19
Sam Byram,1993-09-16
Soufiane Chakla,1993-09-02
Adam Dzwigala,1995-09-25
Timo Hübers,1996-07-20
Tiago Silva,1993-06-02
Matías Catalán,1992-08-19
Vasil Panayotov,1990-07-16
Ihlas Bebou,1994-04-23
Marco Rente,1997-02-25
Manfredas Ruzgis,1997-01-05
Lukas Klemenz,1995-09-24
Michał Rzuchowski,1993-12-27
Yasser Ibrahim,1993-02-10
Mathias Greve,1995-02-11
Nebojsa Bastajic,1990-08-20
Oleksandr Filippov,1992-10-23
Amr Warda,1993-09-17
Michel Aebischer,1997-01-06
Breel Embolo,1997-02-14
Silvan Hefti,1997-10-25
Dereck Kutesa,1997-12-06
Remo Arnold,1997-01-17
David Douline,1993-05-28
Edmílson Junior,1994-08-19
Xin Xu,1994-04-19
Sotiris Tsiloulis,1995-02-14
Chris Kablan,1994-11-30
Liam Gordon,1996-01-26
Sung-yun Gu,1994-06-27
Rafa Silva,1993-05-17
Ramon Pascal Lundqvist,1997-05-10
Ederson,1993-08-17
Duje Caleta-Car,1996-09-17
Hasan Farhat,2004-09-21
Cassiano,1989-06-16
Alexander Sørloth,1995-12-05
Lucas Janson,1994-08-16
Drey Wright,1995-04-30
Ljuban Crepulja,1993-09-02
Dave Richards,1993-12-31
Dario Melnjak,1992-10-31
Wladimiro Falcone,1995-04-12
Declan John,1995-06-30
Laurent Abergel,1993-02-01
Steve Mounié,1994-09-29
Jérôme Prior,1995-08-08
Florent Hadergjonaj,1994-07-31
Georgios Mygas,1994-04-07
Elio Capradossi,1996-03-11
Simone Scuffet,1996-05-31
Ulrik Yttergård Jenssen,1996-07-17
Ivan Näsberg,1996-04-22
Liam Walker,1988-04-13
Marcin Cebula,1995-12-06
Jair,1994-08-26
Benjamin Babati,1995-11-29
Aleksandar Kolev,1992-12-08
Chanathip Songkrasin,1993-10-05
Aiyegun Tosin,1998-06-26
Manuel Vicentini,1990-08-29
Przemyslaw Frankowski,1995-04-12
Adam Marusic,1992-10-17
Maximilian Ullmann,1996-06-17
Lukas Haraslin,1996-05-26
Denis Vavro,1996-04-10
Viljar Vevatne,1994-12-07
Jorge Díaz,1989-06-28
Dino Peric,1994-07-12
Stas Pokatilov,1992-12-08
Franjo Prce,1996-01-07
Bruno Fernandes,1994-09-08
Alex Meret,1997-03-22
Maksymilian Stryjek,1996-07-18
Grzegorz Tomasiewicz,1996-05-05
Ales Mandous,1992-04-21
Simone Perilli,1995-01-07
Reinildo Mandava,1994-01-21
Gervane Kastaneer,1996-06-09
Alan Czerwiński,1993-02-02
Marko Kvasina,1996-12-20
Arturo Calabresi,1996-03-17
Matías Kranevitter,1993-05-21
Lucas Villalba,1994-08-19
Christopher van Huizen,1992-11-28
Karen Muradyan,1992-11-01
Konstantinos Plegas,1997-04-20
Enriko Papa,1993-03-12
Ufuk Akyol,1997-08-27
Andrei Artean,1993-08-14
Ciprian Biceanu,1994-02-26
Bilal Ould-Chikh,1997-07-28
Jordy Bruijn,1996-07-23
Oussama Idrissi,1996-02-26
Damian van Bruggen,1996-03-18
Thomas Ouwejan,1996-09-30
Finn Stokkers,1996-04-18
Stijn Spierings,1996-03-12
Federico Bonazzoli,1997-05-21
Ionuț Stoica,1988-01-06
Bernardo Silva,1994-08-10
Lorenzo Montipò,1996-02-20
Vaclav Cerny,1997-10-17
Lukas Sadilek,1996-05-23
Patrik Schick,1996-01-24
Jindrich Stanek,1996-04-27
Florinel Ibrian,1993-09-14
Martin Miller,1997-09-25
Lucas Romero,1994-04-18
Saleh Al-Shehri,1993-11-01
Pedro Chirivella,1997-05-23
Vozinha,1986-06-03
Ethan Horvath,1995-06-09
Aldo Rocha,1992-11-06
Juan Musso,1994-05-06
Gibrán Lajud,1993-12-25
Josh Cullen,1996-04-07
Alex Iwobi,1996-05-03
Glen Kamara,1995-10-28
Konstantinos Kotsaris,1996-07-25
Efthymios Koulouris,1996-03-06
Manolis Saliakas,1996-09-12
Paschalis Staikos,1996-02-08
Nicolai Flø,1995-09-25
Giannis Kargas,1994-12-09
Filip Jagiełło,1997-08-08
Edoardo Goldaniga,1993-11-02
Jan Bednarek,1996-04-12
László Bénes,1997-09-09
Samuel Mráz,1997-05-13
Simon Pirkl,1997-04-03
Tobias Schützenauer,1997-05-19
Ismael Díaz,1997-05-12
José Abella,1994-02-10
Lawrence Vigouroux,1993-11-19
Anastasios Donis,1996-08-29
Aaron Tshibola,1995-01-02
Kingsley Coman,1996-06-13
Olivier Kemen,1996-07-20
Stefan Gartenmann,1997-02-02
Cedric Itten,1996-12-27
Charles Pickel,1997-05-15
Hamza Jelassi,1991-09-29
Andre Blake,1990-11-21
Nikita Korzun,1995-03-06
Pierluigi Gollini,1995-03-18
Christian Burgess,1991-10-07
Greg Kiltie,1997-01-18
Robby McCrorie,1998-03-18
Calvin Miller,1998-01-09
Denys Miroshnichenko,1994-10-11
Aidan Nesbitt,1997-02-05
Oleksandr Svatok,1994-09-27
Gabriel Barbosa,1996-08-30
Jaime Gómez,1993-07-17
Mateusz Grzybek,1996-03-30
Arkadiusz Najemski,1996-01-12
Artur Avagimyan,1997-01-16
Salih Özcan,1998-01-11
Enis Bardhi,1995-07-02
Sergiy Chobotenko,1997-01-16
Milan Gajic,1996-01-28
Jon Gorenc Stankovic,1996-01-14
Vasyl Kravets,1997-08-20
Saša Lukić,1996-08-13
Alen Ozbolt,1996-06-24
Stipe Perica,1995-07-07
Nemanja Radonjic,1996-02-15
Tarik Tissoudali,1993-04-02
Eric Miller,1993-01-15
Walker Zimmerman,1993-05-19
Nabil Bentaleb,1994-11-24
Takuma Asano,1994-11-10
Uche Ikpeazu,1995-02-28
Matt Miazga,1995-07-19
Matteo Zavoli,1996-07-06
Max Llovera,1997-01-08
Albert Reyes,1996-03-24
Naoki Maeda,1994-11-17
Diego Llorente,1993-08-16
Zach Clough,1995-03-08
Constantin Toma,1987-03-23
Bartosz Kapustka,1996-12-23
Meinhard Olsen,1997-04-10
Konstantinos Sotiriou,1996-06-21
Koji Toriumi,1995-05-09
Ayoze Pérez,1993-07-29
Nassar Nassar,1992-01-01
Andrew Nabbout,1992-12-17
Kevin Bonifazi,1996-05-19
Edimilson Fernandes,1996-04-15
Kenneth Paal,1997-06-24
Shon Weissman,1996-02-14
Gideon Jung,1994-09-12
Ricardo Santos,1995-06-18
Ibuki Fujita,1991-01-30
Jonas Omlin,1994-01-10
Renzo López,1994-04-16
Christopher Martins,1997-02-19
Oğulcan Çağlayan,1996-03-22
Sofiane Bendebka,1992-08-09
Umut Nayir,1993-06-28
Claudio Baeza,1993-12-23
Brayan Cortés,1995-03-11
Vaclav Jurecka,1994-06-26
Luka Kukic,1996-05-16
Peter Olayinka,1995-11-16
Pawel Bochniewicz,1996-01-30
Giorgian de Arrascaeta,1994-06-01
Nikola Vasilj,1995-12-02
Chris Ikonomidis,1995-05-04
Vasilios Barkas,1994-05-30
Victor Mudrac,1994-03-03
Paweł Dawidowicz,1995-05-20
Sergio Herrera,1993-06-05
Oleksandr Kapliyenko,1996-03-07
Vladyslav Kochergin,1996-04-30
Valeriy Luchkevych,1996-01-11
Maksym Tretyakov,1996-03-06
Lucas Höler,1994-07-10
Dániel Gazdag,1996-03-02
Eduard Pap,1994-07-01
Lewis Cook,1997-02-03
Anton Salétros,1996-04-12
Noah Sonko Sundberg,1996-06-06
Linus Wahlqvist,1996-11-11
Fredrik Jensen,1997-09-09
Saeed Ezatolahi,1996-10-01
Dennis Eckert Ayensa,1997-01-09
Ali Alipour,1995-11-11
Hossein Kanaani,1994-03-23
Diego Rico,1993-02-23
Youri Tielemans,1997-05-07
Thibault Vlietinck,1997-08-19
Gautier Lloris,1995-07-18
Yevgen Misyura,1993-12-18
Henri Avagyan,1996-01-16
Guillermo Maripán,1994-05-06
Diego Valdés,1994-01-30
Alexis Canelo,1992-02-03
Nicolae Cebotari,1997-05-24
Berkay Özcan,1998-02-15
Roberto Alves,1997-06-08
José Sá,1993-01-17
Angelo Fulgini,1996-08-20
Christofer Gonzales,1992-10-12
Pasquale Mazzocchi,1995-07-27
Iban Salvador,1995-12-11
Adam Armstrong,1997-02-10
Danny Bakker,1995-01-16
Wessel Dammers,1995-03-01
Clint Leemans,1995-09-15
Matt Targett,1995-09-18
Christian Fassnacht,1993-11-11
Nordin Jackers,1997-09-05
Dorin Rotariu,1995-07-29
Arno Verschueren,1997-04-08
Nikita Contini,1996-05-21
Brendan Chardonnet,1994-12-22
Dijan Vukojevic,1995-09-12
Jamie Reid,1994-07-15
Alexander Djiku,1994-08-09
José María Giménez,1995-01-20
Jemal Tabidze,1996-03-18
Heinz Mörschel,1997-08-24
Kazuki Kozuka,1994-08-02
Saba Lobjanidze,1994-12-18
Zeki Çelik,1997-02-17
Enes Ünal,1997-05-10
Ahmed Fathi,1993-01-25
Dzenis Burnic,1998-05-22
Finn Dahmen,1998-03-27
Niklas Dorsch,1998-01-15
Johannes Eggestein,1998-05-08
Dennis Geiger,1998-06-10
Philipp Köhn,1998-04-02
Görkem Sağlam,1998-04-11
Eric Veiga,1997-02-18
Florian Bohnert,1997-11-09
Blair Spittal,1995-12-19
Ivan Toney,1996-03-16
Rifet Kapic,1995-07-03
Coshqun Diniyev,1995-09-13
Niclas Eliasson,1995-12-07
Robert Taylor,1994-10-21
Pablo Maffeo,1997-07-12
Aarón Martín,1997-04-22
Semi Ajayi,1993-11-09
Jorge Félix,1991-08-22
Octavian Vâlceanu,1996-10-13
Adrián Balboa,1994-01-19
Ken Sema,1993-09-30
Patryk Kun,1995-04-20
Pione Sisto,1995-02-04
José Luis Morales,1987-07-23
Ivaylo Chochev,1993-02-18
Willian Oliveira,1993-05-16
Aymen Mouelhi,1986-09-14
Joao Rodríguez,1996-05-19
Henrik Rönnlöf Castegren,1996-03-28
Nicolai Poulsen,1993-08-15
Karol Angielski,1996-03-20
Rob Holding,1995-09-20
Cristian Avram,1994-07-27
Magamed Uzdenov,1994-02-25
Andrew Farrell,1992-04-02
Pascal Gregor,1994-02-18
Tyrone Mings,1993-03-13
Ismael Silva,1994-12-01
Wesley Hoedt,1994-03-06
Craig Halkett,1995-05-29
Abat Aymbetov,1995-08-07
Eder Chaux,1991-12-20
Álvaro Medrán,1994-03-15
Andrés Ricaurte,1991-10-03
Myenty Abena,1994-12-12
Jefersson Martínez,1993-08-16
Jairo Molina,1993-04-28
Aaron Appindangoyé,1992-02-20
David Atanga,1996-12-25
Lawrence Ati Zigi,1996-11-29
Fernando,1986-11-14
Sandro Lauper,1996-10-25
Dario Marzino,1996-09-19
Taulant Seferi,1996-11-15
Tomoki Imai,1990-11-29
Elias Dolah,1993-04-24
Josip Posavec,1996-03-10
Nikita Haikin,1995-07-11
Aleksey Miranchuk,1995-10-17
Anton Miranchuk,1995-10-17
Adam Andersson,1996-11-11
Samuel Gustafson,1995-01-11
Simon Gustafson,1995-01-11
Yeray Álvarez,1995-01-24
Unai Elgezabal,1993-04-25
Iñigo Lekue,1993-05-04
Iñaki Williams,1994-06-15
Yuki Honda,1991-01-02
Achilleas Poungouras,1995-12-13
Samir Caetano,1994-12-05
Alex Telles,1992-12-15
Nahom Girmai Netabay,1994-08-28
Cameron Burgess,1995-10-21
Josema,1996-06-06
Rodrigo De Paul,1994-05-24
Jakub Łukowski,1996-05-25
Scott McKenna,1996-11-12
Gakuji Ota,1990-12-26
Damian Rasak,1996-02-08
DeAndre Yedlin,1993-07-09
Nicolò Barella,1997-02-07
Guillermo Celis,1993-05-08
Mahir Emreli,1997-07-01
Marko Jevtovic,1993-07-24
Yanis Karabelyov,1996-01-23
Juan Antonio Ros,1996-03-15
Alex Rufer,1996-06-12
Roman Macek,1997-04-18
Matej Pulkrab,1997-05-23
David Stepanek,1997-03-30
Ronivaldo,1989-03-24
Joe Gomez,1997-05-23
Vedat Muriqi,1994-04-24
Emil Audero,1997-01-18
Ryan Hollingshead,1991-04-16
Bruno Petkovic,1994-09-16
Daniele Verde,1996-06-20
William Kenndal,1996-04-04
Gianluca Mancini,1996-04-17
Elvin Badalov,1995-06-14
Aleksandar Jovanovic,1992-12-06
Filippo Romagna,1997-05-26
Juanpi,1994-01-24
Pei-Lun Wei,1990-02-28
Dan Barlaser,1997-01-18
Carlos Salcedo,1993-09-29
Daniel Podence,1995-10-21
Álvaro García,1992-10-27
Duane Holmes,1994-11-06
Takeshi Kanamori,1994-04-04
Tamirlan Kozubaev,1994-07-01
Kengo Nagai,1994-11-06
Jeppe Tverskov,1993-03-12
Domingos Duarte,1995-03-10
Gelson Martins,1995-05-11
João Palhinha,1995-07-09
Luka Jović,1997-12-23
Marko Mijailovic,1997-08-14
Lazar Tufegdzic,1997-02-22
Aleksandar Lutovac,1997-06-28
Vanja Milinković-Savić,1997-02-20
Lazar Zlicic,1997-02-07
Filip Holender,1994-07-27
Wilmar Barrios,1993-10-16
Paulo Retre,1993-03-04
Argen Zhumataev,1994-10-21
João Graça,1995-06-18
Amir Rrahmani,1994-02-24
Gökhan Sazdağı,1994-09-20
Gregor Kobel,1997-12-06
Rúben Vezo,1994-04-25
Damon Mirani,1996-05-13
Bart Nieuwkoop,1996-03-07
Leeroy Owusu,1996-08-13
Rúben Dias,1997-05-14
João Carvalho,1997-03-09
Gustav Berggren,1997-09-07
Diogo Gonçalves,1997-02-06
Renato Sanches,1997-08-18
Guga,1997-07-18
Aurélio Buta,1997-02-10
Ramiro,1993-05-22
Slobodan Urosevic,1994-04-15
Carlos Cisneros,1993-08-30
Kasey Palmer,1996-11-09
Ricardo Goss,1994-04-02
Calvin Verdonk,1997-04-26
Georgemy,1995-08-15
Nikola Maras,1995-12-19
Boris Radunović,1996-05-26
Laros Duarte,1997-02-28
Tim Erlandsson,1996-12-25
Elhan Kastrati,1997-02-02
Talisca,1994-02-01
Jari Vandeputte,1996-02-14
Tosin Adarabioyo,1997-09-24
Jonjoe Kenny,1997-03-15
Dominic Solanke,1997-09-14
Dominik Kovacic,1994-01-05
Mukhtar Ali,1997-10-30
Luke Amos,1997-02-23
Jay Dasilva,1998-04-22
Kieran Dowell,1997-10-10
Dean Henderson,1997-03-12
Marcus Rashford,1997-10-31
Håvar Jenssen,1996-04-10
Guillermo Viscarra,1993-02-07
Carl Starfelt,1995-06-01
Umut Bozok,1996-09-19
Ali Sabeh,1994-06-24
Chang-hoon Kwon,1994-06-30
Damian Szymański,1995-06-16
Jhonatan Candia,1995-03-15
Gabriel Fernández,1994-05-13
Rade Krunic,1993-10-07
Jiri Klima,1997-01-05
Zsolt Nagy,1993-05-25
Jiri Pavlenka,1992-04-14
Jan Stejskal,1997-02-14
Juan Corbalan,1997-03-03
Conor McMenamin,1995-08-24
Ui-jo Hwang,1992-08-28
Hyeon-woo Jo,1991-09-25
Young-chan Kim,1993-09-04
Kyung-won Kwon,1992-01-31
Ji-su Park,1994-06-13
Pyeong-guk Yun,1992-02-08
Felipe Aguilar,1993-01-20
Dairon Asprilla,1992-05-25
Rafael Carrascal,1992-11-26
Juan Pablo Nieto,1993-02-25
Thitiphan Puangchan,1993-09-01
Milton Céliz,1992-07-25
Eduard Löwen,1997-01-28
Óscar Whalley,1994-03-29
Anton Mitryushkin,1996-02-08
Tomasz Loska,1996-01-26
Iván Arboleda,1996-04-21
Fabry Castro,1992-02-21
Rasmus Peetson,1995-05-03
Isaac Mbenza,1996-03-08
Jonathan Osorio,1992-06-12
Joachim Andersen,1996-05-31
Jonas Bager,1996-07-18
Asger Sörensen,1996-06-05
Jamshid Iskanderov,1993-10-16
Hassan Kadesh,1992-09-26
Raúl Loaiza,1994-06-08
Kosuke Shirai,1994-05-01
Larry Vásquez,1992-09-19
Vlasiy Sinyavskiy,1996-11-27
Bartosz Nowak,1993-08-25
Adam Zrelak,1994-05-05
Darío Denis,1991-12-16
Sergio Ojeda,1992-01-04
Zexiang Yang,1994-12-14
David Terans,1994-08-11
János Hegedűs,1996-10-04
Sang-woo Kang,1993-10-07
Chang-min Lee,1994-01-20
Sang-min Sim,1993-05-21
Álvaro Fidalgo,1997-04-09
Aleix García,1997-06-28
Nemanja Andjusic,1996-10-17
Artem Shulyanskyi,2001-04-11
Noor Bane Ataya,1993-01-25
Rajaei Ayed,1993-07-25
Yazeed Abulaila,1993-01-08
Suat Serdar,1997-04-11
Milan Havel,1994-08-07
Ricardo Horta,1994-09-15
Genta Miura,1995-03-01
Albert Vallci,1995-07-02
Filip Krovinovic,1995-08-29
Erik,1994-07-18
Jamal Thiaré,1993-03-31
Aleksandar Cvetkovic,1995-06-04
Nikola Vasiljevic,1996-06-24
Cristi Bărbuţ,1995-04-22
Cristian Ganea,1992-05-24
Timothy Castagne,1995-12-05
Mohamed Amine Madani,1993-03-20
Ángel Romero,1992-07-04
Ryan Manning,1996-06-14
Unai Simón,1997-06-11
Yony González,1994-07-11
Hayao Kawabe,1995-09-08
Sergio Mosquera,1994-02-09
Davide Calabria,1996-12-06
Modestas Vorobjovas,1995-12-30
Michal Reichl,1992-09-14
David Raya,1995-09-15
Emanuel Brítez,1992-03-26
Sebastián Palacios,1992-01-20
Frank Lozano,1993-08-22
Johan Mojica,1992-08-21
Steven Ugarkovic,1994-08-19
Jefferson Lerma,1994-10-25
Cristian Arango,1995-03-09
Alexis Zapata,1995-05-10
Kevin Danso,1998-09-19
Giedrius Matulevičius,1997-03-05
Maximilian Wöber,1998-02-04
Patrik Demjén,1998-03-22
Attila Szalai,1998-01-20
Mátyás Tajti,1998-06-02
Khalid Aucho,1993-08-08
Jeff Hardeveld,1995-02-27
Cheong-hyo Park,1990-02-13
Kazuki Nagasawa,1991-12-16
Martin Ellingsen,1995-05-04
Joan Jordán,1994-07-06
Pep Biel,1996-09-05
Seong-jun Jo,1990-11-27
Matías Nahuel,1996-11-22
Jason Remeseiro,1994-07-06
Dmitriy Barinov,1996-09-11
Aleksandr Golovin,1996-05-30
Anton Zinkovskiy,1996-04-14
Aleksandr Zuev,1996-06-26
Sergio Rochet,1993-03-23
Min-kyu Joo,1990-04-13
Luis Reyes,1991-04-03
Giorgi Beridze,1997-05-12
Vukasin Jovanovic,1996-05-17
Kazuya Miyahara,1996-03-22
Liam Bossin,1996-07-15
Jan Grzesik,1994-10-21
Robin Rasch,1994-01-10
Dimitar Mitov,1997-01-22
Matthew Davies,1995-02-07
Viktor Tsygankov,1997-11-15
Mikael Uhre,1994-09-30
Yuning Zhang,1997-01-05
Meshal Al-Sibyani,2001-04-11
Madallah Al-Olayan,1994-08-25
Rafał Augustyniak,1993-10-14
Victor Lekhal,1994-02-27
Mohammed Al-Khabrani,1993-10-14
Abdulrahman Al-Obaid,1993-04-30
Leândro,1988-11-26
Mohammed Al-Kuwaykibi,1994-12-02
Andre de Jong,1996-11-02
Michael den Heijer,1996-04-14
Ali Lajami,1996-04-24
Robin Fellhauer,1998-01-21
Jiri Floder,1997-01-03
Jens Martin Gammelby,1995-02-05
Ondrej Mihalik,1997-04-02
Daniel Trubac,1997-07-17
Patrick Cutrone,1998-01-03
Manuel Locatelli,1998-01-08
Reno Piscopo,1998-05-27
Júnior Moreno,1993-07-20
Mirlind Kryeziu,1997-01-26
Vasilije Janjicic,1998-11-02
Sergey Bozhin,1994-09-12
Victor Edvardsen,1996-01-14
Abdoulaye Seck,1992-06-04
Semih Güler,1994-11-30
Mikkel Maigaard,1995-09-20
Youssef Aït Bennasser,1996-07-07
Fahd Moufi,1996-05-05
Danilo Ortiz,1992-07-28
Ajdin Hrustic,1996-07-05
Yago Pikachu,1992-06-05
Carlinhos Junior,1994-08-08
Ragab Nabil,1993-10-18
Yuanyi Li,1993-08-28
Rodrigo Echeverría,1995-04-07
Abdullah Madu,1993-07-15
Abdulfattah Adam,1995-01-01
Dawid Kudła,1992-03-21
Tomasz Mokwa,1993-02-10
Karol Szymański,1993-06-25
Sergej Milinković-Savić,1995-02-27
Nicolas Moumi Ngamaleu,1994-07-09
Ángel Correa,1995-03-09
Nicolás Freire,1994-02-18
Rodrigo Contreras,1995-10-27
Mohammed Muntari,1993-12-20
Milos Satara,1995-10-28
Sebastian Musiolik,1996-05-19
Adam Buksa,1996-07-12
Joel Abu Hanna,1998-01-22
Rifat Zhemaletdinov,1996-09-20
Roberto Bochi,1987-07-06
Igor Kalinin,1995-11-11
Fabián Noguera,1993-03-20
Matej Hanousek,1993-06-02
Jaroslav Svozil,1993-09-09
Dumitru Celeadnic,1992-04-23
Jin Cheng,1995-02-18
Shihao Wei,1995-04-08
Nicolás Ibáñez,1994-08-23
Ezequiel Cerutti,1992-01-17
Hamad Al-Yami,1999-05-17
Gyrano Kerk,1995-12-02
Sean Klaiber,1994-07-31
Scott Tanser,1994-10-23
Thore Pedersen,1996-08-11
Sergi Palencia,1996-03-23
Arkadiusz Reca,1995-06-17
Keegan Rosenberry,1993-12-11
John Olav Norheim,1995-04-05
Mathias Rasmussen,1997-11-25
Felix Wimmer,1998-08-17
Hossam Hassan,1993-09-02
Arnel Jakupovic,1998-05-29
Maksim Kuzmin,1996-06-01
Sandi Lovrić,1998-03-28
Kristoffer Nessø,1993-07-06
Fabrizio Angileri,1994-03-15
Ilmari Niskanen,1997-10-27
Henrik Bjørdal,1997-02-04
Renzo Saravia,1993-06-16
Junior Arias,1993-05-17
Gerard Gumbau,1994-12-18
João Camacho,1994-06-23
Dun Ba,1995-09-16
Espen Garnås,1994-12-31
Manfred Fischer,1995-08-06
Yusuke Chajima,1991-07-20
Gökhan Gül,1998-07-17
Denys Bezborodko,1994-05-31
Ali Karimi,1994-02-11
Håkon Lorentzen,1997-08-02
Sander Svendsen,1997-08-06
Basil Stillhart,1994-03-24
Dong-jun Lee,1997-02-01
Aleksandr Mishchenko,1997-07-30
Alan Aguerre,1990-08-23
Agustín García Basso,1992-03-26
Walter,1987-11-18
Marcus Ingvartsen,1996-01-04
Andrei Girotto,1992-02-17
Kiki,1994-12-10
Édson Gutiérrez,1996-01-19
Vitaly Janelt,1998-05-10
Lucas Evangelista,1995-02-06
Abdullah Al-Salem,1992-12-19
Robert Skov,1996-05-20
Serhou Guirassy,1996-03-12
Cammy Kerr,1995-09-10
Tigran Barseghyan,1993-09-22
Jan Suchan,1996-01-18
Oscar Johansson Schellhas,1995-05-06
Milos Vulic,1996-08-19
Nicolás Pasquini,1991-01-02
Aaron Long,1992-10-12
Philip Zinckernagel,1994-12-16
Antonijs Cernomordijs,1996-09-26
Brandt Bronico,1995-06-20
Daniel Lovitz,1991-08-27
Jürgen Heil,1997-04-04
Jhonder Cádiz,1995-07-29
Ronaldo Deaconu,1997-05-13
Andrei Ivan,1997-01-04
Cristian Manea,1997-08-09
Laurențiu Popescu,1997-01-18
Árpád Tordai,1997-03-11
Ángel Zaldívar,1994-02-08
Bozhidar Chorbadzhiyski,1995-08-08
Mihailo Ristic,1995-10-31
Paulo Díaz,1994-08-25
Abdülkadir Ömür,1999-06-25
Valeriy Voskonyan,1994-04-06
Ronald Koeman Jr.,1995-05-23
Roberts Ozols,1995-09-10
Damion Lowe,1993-05-05
John McCarthy,1992-07-04
Henk Veerman,1991-02-26
Vebjørn Hoff,1996-02-13
Alibek Aliev,1996-08-16
Deniz Hümmet,1996-09-13
Victor Wernersson,1995-07-06
Álvaro Madrid,1995-04-05
Juan Pablo Vargas,1995-06-06
Callum Elder,1995-01-27
Florian Flecker,1995-10-29
Tobias Lauritsen,1997-08-30
Chris Führich,1998-01-09
Bartosz Wolski,1997-05-12
David Bates,1996-10-05
Elias Hadaya,1998-08-31
Daniel-Kofi Kyereh,1996-03-08
Issa Diop,1997-01-09
Harold Moukoudi,1997-11-27
Jérôme Onguéné,1997-12-22
Jason Pendant,1997-02-09
Morgan Poaty,1997-07-15
Allan Saint-Maximin,1997-03-12
Mohamed Hamdaoui,1993-06-10
Marc Klok,1993-04-20
Desley Ubbink,1993-06-15
Kingsley Ehizibue,1995-05-25
Paul Onuachu,1994-05-28
Alex Bono,1994-04-25
Jamiro Monteiro,1993-11-23
Miguel Almirón,1994-02-10
Júnior Alonso,1993-02-09
Miro Tenho,1995-04-02
Federico Gino,1993-02-26
Robin Gosens,1994-07-05
Nemanja Maksimovic,1995-01-26
Krystian Pomorski,1995-12-30
Marlon,1995-09-07
Valeriy Kucherov,1993-08-11
Tinga,1993-09-01
Dominik Frieser,1993-09-09
Pedro Aquino,1995-04-13
Volodymyr Adamyuk,1991-07-17
Adrian Beck,1997-06-09
Jake Grech,1997-11-18
Kampol Pathomakkakul,1992-07-27
Héctor Hernández,1995-09-14
Viktor Johansson,1998-09-14
Roozbeh Cheshmi,1993-07-24
Tomás Granitto,1993-06-12
Jairo Henríquez,1993-08-31
Miroslav Bogosavac,1996-10-14
Azwan Ali Rahman,1992-01-11
Ivan Brkic,1995-06-29
Solomon Udo,1995-07-15
Javier Eduardo López,1994-09-17
Andrija Majdevac,1997-08-07
Djordje Nikolic,1997-04-13
Rami Kaib,1997-05-08
Shkelqim Vladi,2000-09-21
Felix Passlack,1998-05-29
Jaloliddin Masharipov,1993-09-01
Saad Natiq,1994-03-19
Ionuț Nedelcearu,1996-04-25
Dong-jun Kim,1994-12-19
Wilfred Ndidi,1996-12-16
Kyriakos Savvidis,1995-06-20
Moses Simon,1995-07-12
Fernando González,1994-01-27
Augusto Batalla,1996-04-30
Niklas Schmidt,1998-03-01
Hans Hateboer,1994-01-09
Fabricio Bustos,1996-04-28
Cihat Çelik,1996-01-02
João Paulo,1995-06-29
Yuta Kamiya,1997-04-24
Emanuel Mammana,1996-02-10
Shinnosuke Nakatani,1996-03-24
Kieffer Moore,1992-08-08
Nicolás Tripichio,1996-01-05
Melih Kabasakal,1996-02-18
Dorukhan Toköz,1996-05-21
Nader Ghandri,1995-02-18
Emil Hansson,1998-06-15
David Costas,1995-03-26
Pengfei Han,1993-04-28
Alan Forrest,1996-09-09
Erkin Tapalov,1993-09-03
Andries Noppert,1994-04-07
Hampus Dahlqvist,1997-04-21
Daniel Borges,1993-03-23
Samuel Gigot,1993-10-12
Scott Wright,1997-08-08
David Brooks,1997-07-08
Manu García,1998-01-02
Renato Tapia,1995-07-28
Angeliño,1997-01-04
Thiago Martins,1995-03-17
Bruno Henrique,1989-10-21
Martin Valjent,1995-12-11
Josan,1989-12-03
Nemanja Ahcin,1994-04-07
Alex Muralha,1989-11-10
Andriy Totovytskyi,1993-01-20
Chris Cadden,1996-09-19
Hector Hevel,1996-05-15
Ricardo Adé,1990-05-21
Amari'i Bell,1994-05-05
Antonio Raíllo,1991-10-08
Florian Neuhaus,1997-03-16
Felix Uduokhai,1997-09-09
Borja Iglesias,1993-01-17
Sebastiano Luperto,1996-09-06
Emre Akbaba,1992-10-04
Dominik Hladun,1995-09-17
Michał Marcjanik,1994-12-15
Luis Rioja,1993-10-16
Chun-Lok Tan,1996-01-15
Cristian Espinoza,1995-04-03
Lukas Mühl,1997-01-27
Zelimkhan Bakaev,1996-07-01
Harry Wilson,1997-03-22
Sam Hart,1996-09-10
Zhunyi Gao,1995-08-21
Daler Kuzyaev,1993-01-15
Emmanuel Boateng,1994-01-17
Diego Mondino,1994-11-14
Stefano Moreo,1993-06-30
Alexandros Anagnostopoulos,1994-08-18
Favio Álvarez,1993-01-23
Claude Gonçalves,1994-04-09
Seung-woo Lee,1998-01-06
Zoran Arsenic,1994-06-02
Luis Cárdenas,1993-09-15
Vincent Sierro,1995-10-08
Elvis Rexhbecaj,1997-11-01
Masatoshi Ishida,1995-05-04
Yohan Boli,1993-11-17
Théo Bongonda,1995-11-20
Álvaro Odriozola,1995-12-14
Edmund Lalrindika,1999-04-24
Taras Romanczuk,1991-11-14
Omar Pasagic,1997-10-11
Kamil Zapolnik,1992-09-09
Mads Thychosen,1997-06-27
Kenedy,1996-02-08
Gonzalo Martínez,1993-06-13
Georgiy Melkadze,1997-04-04
Mario Hermoso,1995-06-18
Damian Węglarz,1996-03-21
Adam Vlkanova,1994-09-04
Dmitriy Skopintsev,1997-03-02
Lucas Hernández,1996-02-14
Luis Milla,1994-10-07
Rémy Descamps,1996-06-25
Ianis Hagi,1998-10-22
Marin Pongracic,1997-09-11
Erik Palmer-Brown,1997-04-24
Brad Halliday,1995-07-10
Birger Meling,1994-12-17
Ramiro Carrera,1993-10-24
Ivi López,1994-06-29
Giovanni Simeone,1995-07-05
Wayde Jooste,1991-09-27
Marcos Llorente,1995-01-30
Javi Muñoz,1995-02-28
Mumo Muñoz,1995-04-13
Sergio Reguilón,1996-12-16
Jean Carlos Silva,1996-05-10
Maximiliano Meza,1992-12-15
Fabrício Baiano,1992-06-13
Emiliano Rigoni,1993-02-04
Ramazan Civelek,1996-01-22
Mete Demir,1998-05-13
Ivan Zlobin,1997-03-07
Maximilian Mittelstädt,1997-03-18
José Devecchi,1995-07-09
Seung-ho Paik,1997-03-17
Augusto Solari,1992-01-03
Monchu,1999-09-13
Gerson Rodrigues,1995-06-20
Christian Lichtenberger,1995-12-12
Carles Pérez,1998-02-16
Chang-yong Lee,1990-08-27
Ante Bajic,1995-08-22
Omar Govea,1996-01-18
Luke O'Nien,1994-11-21
Blendi Idrizi,1998-05-02
Marcos Felipe,1996-04-13
Iñaki Peña,1999-03-02
Tesfaldet Tekie,1997-06-04
Kasper Dolberg,1997-10-06
Mathias Kristensen,1997-03-21
Emre Mor,1997-07-24
Alexander Munksgaard,1997-12-13
Rasmus Nicolaisen,1997-03-16
Jacob Rasmussen,1997-05-28
Antoni Ivanov,1995-09-11
Juan Randazzo,1994-10-11
Dany Rosero,1993-10-06
Yoel Bárcenas,1993-10-23
Luca Zidane,1998-05-13
Mathias Honsak,1996-12-20
Ignacio Pussetto,1995-12-21
Jimmy Medranda,1994-02-07
Tomáš Souček,1995-02-27
Mattia Zaccagni,1995-06-16
Mehdi Torabi,1994-09-10
Marko Docic,1993-04-21
Jean Carlos López,1993-11-09
Ludovic Ajorque,1994-02-25
Carlos Júnior,1995-08-15
Robin Hack,1998-08-27
Chima Okoroji,1997-04-19
Gonzalo Piovi,1994-09-08
Steven Bergwijn,1997-10-08
Moritz Nicolas,1997-10-21
Dion Charles,1995-10-07
Germán Conti,1994-06-03
Conan Ledesma,1993-02-13
Aarón Escandell,1995-09-27
Samuel Portugal,1994-03-29
Nehuén Paz,1993-04-28
Jonathan Calleri,1993-09-23
Manuel Akanji,1995-07-19
Ramy Bensebaini,1995-04-16
Morgan Ferrier,1994-11-15
Törles Knöll,1997-09-13
Sandro Lima,1990-10-28
Florian Müller,1997-11-13
Roman Ezhov,1997-09-02
Carles Aleñá,1998-01-05
Marc Cucurella,1998-07-22
Fredrik Pålerud,1994-02-24
Paolo Fernandes,1998-08-09
Fran Navarro,1998-02-03
Sandesh Jhingan,1993-07-21
Joseph Mpande,1994-03-23
Nicholas Wadada,1994-07-27
Alen Grgic,1994-08-10
Bahlul Mustafazada,1997-02-27
Domingo Blanco,1995-04-22
Ben Warland,1996-09-04
Ross Doohan,1998-03-29
Petur Knudsen,1998-04-21
Federico Ricca,1994-12-01
Baptiste Santamaria,1995-03-09
Fabián Balbuena,1991-08-23
Roger Martínez,1994-06-23
Nikola Mileusnic,1993-07-17
Omar Fernández,1993-02-11
Ainsley Maitland-Niles,1997-08-29
Nikolay Rasskazov,1998-01-04
Julien Ngoy,1997-11-02
Benoît Nyssen,1997-09-12
Guglielmo Vicario,1996-10-07
Tarık Çetin,1997-01-08
Jamie Sneddon,1997-09-06
Ousmane Doumbia,1992-05-21
Lorenzo Pellegrini,1996-06-19
Przemysław Stolc,1994-07-03
Henry Martin,1992-11-18
Eric Bailly,1994-04-12
Athanasios Garavelis,1992-08-06
Pau López,1994-12-13
Ryosuke Kojima,1997-01-30
Epaminondas Pantelakis,1995-02-10
Jakob Meierhofer,1997-11-06
Emir Karic,1997-06-09
Sandro Ingolitsch,1997-04-18
Tiago Sá,1995-01-11
Adam Masina,1994-01-02
Olivier Thill,1996-12-17
Alex Iacovitti,1997-09-02
Joe Lolley,1992-08-25
Fedor Chalov,1998-04-10
Dejan Ljubicic,1997-10-08
Andrea Compagno,1996-04-22
Lucian Dumitriu,1992-09-21
Sam Adekugbe,1995-01-16
Sofyan Amrabat,1996-08-21
Assane Dioussé,1997-09-20
Oleksandr Tymchyk,1997-01-20
Tim Skarke,1996-09-07
Manuel Maranda,1997-07-09
Mats Köhlert,1998-05-02
Ryosuke Shindo,1996-06-07
Ludovic Blas,1997-12-31
Adrián Dalmau,1994-03-23
Ousmane Dembélé,1997-05-15
Sébastien Salles-Lamonge,1996-01-28
Jeremiah St. Juste,1996-10-19
Donny van de Beek,1997-04-18
Michael Verrips,1996-12-03
Phillip Tietz,1997-07-09
Dominik Franke,1998-10-05
Mohammed Qassim,1995-01-19
Léo Jardim,1995-03-20
Mads Pedersen,1996-09-01
Léo Pereira,1996-01-31
Nikola Simic,1996-12-21
Jasir Asani,1995-05-19
Sebastián Vegas,1996-12-04
Ryogo Yamasaki,1992-09-20
Manprit Sarkaria,1996-08-26
Juan Dinenno,1994-08-29
Rustam Ashurmatov,1996-07-07
Odildzhon Khamrobekov,1996-02-13
Aston Oxborough,1998-05-09
Ovidiu Popescu,1994-02-27
Mykola Matvienko,1996-05-02
Oleg Mozil,1996-04-07
Alessandro Murgia,1996-08-09
Oleksandr Zubkov,1996-08-03
Federico Álvarez,1994-08-07
Nicolás Orsini,1994-09-12
Patryk Dziczek,1998-03-25
Kamil Jóźwiak,1998-04-22
Sebastian Kowalczyk,1998-08-22
Iustin Popescu,1993-09-01
Andoni Gorosabel,1996-08-04
Jon Guridi,1995-02-28
Andrei Burcă,1993-04-15
Philipp Pomer,1997-08-12
Jonathan Okita,1996-10-05
Dylan Batubinsika,1996-02-15
Yakou Méïté,1996-02-11
Yerry Mina,1994-09-23
Samuel Bastien,1996-09-26
Laurent Lemoine,1998-04-24
Aaron Leya Iseka,1997-11-15
Orel Mangala,1998-03-18
Jens Teunckens,1998-01-30
Dante Vanzeir,1998-04-16
Frederik Tingager,1993-02-22
Mamadou Fall,1991-12-31
Kieran O'Hara,1996-04-22
Jens Stage,1996-11-08
Brandur Hendriksson,1995-12-19
Jan Bamert,1998-03-09
Jérémy Guillemenot,1998-01-06
Hassane Kamara,1994-03-05
Kevin Rüegg,1998-08-05
Dario Ulrich,1998-03-12
Rasmus Alm,1995-08-17
Fabian Ehmann,1998-08-28
Kyoung-rok Choi,1995-03-15
Mauro Arambarri,1995-09-30
Xeka,1994-11-10
Núrio Fortuna,1995-03-24
Álvaro Tejero,1996-07-20
Rochinha,1995-05-03
André Ferreira,1996-05-29
Nuno Santos,1995-02-13
Mohamed Ben Ali,1995-02-16
Pedro Pacheco,1997-01-27
Saïd Benrahma,1995-08-10
Jean Butez,1995-06-08
Qazim Laci,1996-01-19
Anthony Mandréa,1996-12-25
Ellyes Skhiri,1995-05-10
Jean-Baptiste Léo,1996-05-03
Sho Inagaki,1991-12-25
Koya Kitagawa,1996-07-26
Jamie McCart,1997-06-20
Oliver Sail,1996-01-13
Maxime Lopez,1997-12-04
Gunnar Vatnhamar,1995-03-29
Lukas Fridrikas,1997-12-30
Nicolas Schmid,1997-02-22
Nicky Cadden,1996-09-19
Moussa Niakhaté,1996-03-08
Jean-Luc Dompé,1995-08-12
Juraj Chvatal,1996-07-13
Viljar Myhra,1996-07-21
Eduardo Pérez,1993-04-28
Tom Lang,1997-06-12
Ferland Mendy,1995-06-08
Adrian Păun,1995-04-01
Milot Rashica,1996-06-28
Soner Dikmen,1993-09-01
Ahmet Oğuz,1993-01-16
Samu,1996-04-21
Lóránd Pászka,1996-03-22
Milosz Trojak,1994-05-05
Sammie Szmodics,1995-09-24
Rafael Thyere,1993-05-17
Gastón Campi,1991-04-06
Uğurcan Çakır,1996-04-05
Hee-chan Hwang,1996-01-26
Tae-heui Lee,1995-04-26
Seung-kyum Im,1995-04-26
Lazaros Lamprou,1997-12-19
Georgios Manthatis,1997-05-11
Demarai Gray,1996-06-28
Ely Fernandes,1990-11-04
Petr Kodes,1996-01-31
Eric Smith,1997-01-08
Petar Bockaj,1996-07-23
Danielzinho,1994-11-04
Lukas Provod,1996-10-23
Wout Faes,1998-04-03
Jonathan Bamba,1996-03-26
Aldo Kalulu,1996-01-21
Aleksandr Lomovitskiy,1998-01-27
Milijan Ilic,1993-05-23
Álvaro Montero,1995-03-29
Johannes Handl,1998-05-07
Josip Brekalo,1998-06-23
Joan Cervós,1998-02-24
Ivan Nevistic,1998-07-31
Borna Sosa,1998-01-21
Josip Spoljaric,1997-01-05
Nikola Vlašić,1997-10-04
Jordi Aláez,1998-01-23
Amer Gojak,1997-02-13
Amir Hadziahmetovic,1997-03-08
Alex Martínez,1998-10-10
Dario Saric,1997-05-30
Darko Todorovic,1997-05-05
Driton Camaj,1997-03-07
Stefan Knezevic,1996-10-30
Mark Brink,1998-03-15
Jacob Bruun Larsen,1998-09-19
Agon Mucolli,1998-09-26
Nicklas Røjkjær,1998-07-24
Michal Hlavaty,1998-06-17
Martin Jedlicka,1998-01-24
Daniel Marecek,1998-05-30
Jakub Martinec,1998-03-13
Ondrej Sasinka,1998-03-21
Dani Olmo,1998-05-07
Oriol Rey,1998-02-25
Josh Brownhill,1995-12-19
Brandon Borrello,1995-07-25
Sagiv Jehezkel,1995-03-21
Bozhidar Kraev,1997-06-23
Nikolay Minkov,1997-08-13
Leon Jones,1998-02-28
Evgeniy Yablonskiy,1995-05-10
Maksim Osipenko,1994-05-16
Onur Ergün,1992-11-15
James Maddison,1996-11-23
Metehan Mimaroğlu,1994-07-07
Dmytro Klyots,1996-04-15
Piotr Krawczyk,1994-12-29
Ferro,1997-03-26
Pedro Empis,1997-02-01
Dostonbek Khamdamov,1996-07-24
Otabek Shukurov,1996-06-22
Janni Serra,1998-03-13
Mikaël Cantave,1996-10-25
Volodymyr Makhankov,1997-10-29
Bogdan Mykhaylichenko,1997-03-21
Volodymyr Shepelev,1997-06-01
Majid Hosseini,1996-06-20
Ali Gholizadeh,1996-03-10
Oleksandr Pikhalyonok,1997-05-07
Svyatoslav Shapovalov,1997-06-24
Chris Bedia,1996-03-05
Souleymane Diaby,1999-10-08
Eduardo Bauermann,1996-02-13
Franck Kessié,1996-12-19
Thiago Cardozo,1996-07-31
Sebastián Driussi,1996-02-09
Germán Ferreyra,1996-01-13
Thiago Maia,1997-03-23
Leo Suárez,1996-03-30
Andrija Vukcevic,1996-10-11
Koto Abe,1997-08-01
Samet Akaydin,1994-03-13
Francisco La Mantia,1996-02-24
Kento Misao,1996-04-16
Kyoga Nakamura,1996-04-25
Tokuma Suzuki,1997-03-12
Ryoma Watanabe,1996-10-02
Răzvan Marin,1996-05-23
Taiwo Awoniyi,1997-08-12
Kelechi Iheanacho,1996-10-03
Francis Uzoho,1998-10-28
Érick Aguirre,1997-02-23
Sabri Ben Hessen,1996-06-13
Firas Ben Larbi,1996-05-27
Devron García,1996-02-17
Chiheb Jebali,1996-05-26
Adrián Marín,1997-01-09
Ulises Rivas,1996-01-25
Osvaldo Rodríguez,1996-09-10
Marouane Sahraoui,1996-01-09
Amjad Attwan,1997-03-12
Sherko Karim,1996-05-25
Bashar Resan,1996-12-22
Mateusz Wdowiak,1996-08-28
Jákup Andreasen,1998-05-31
Moussa Njie,1995-10-02
Stefano Vecchia,1995-01-23
Dimitrios Giannoulis,1995-10-17
Maksim Plotnikov,1998-01-29
Zisis Karachalios,1996-01-10
Aschraf El Mahdioui,1996-05-24
Aleksandr Zarutskiy,1993-08-26
Alexandru Cicâldău,1997-07-08
Uğurcan Yazğılı,1999-04-09
Iván Márquez,1994-06-09
Souleyman Doumbia,1996-09-24
Oleksiy Gutsulyak,1997-12-25
Arne Maier,1999-01-08
Fodé Ballo-Touré,1997-01-03
Jesse Curran,1996-07-16
Ryan Kitto,1994-08-09
Isak Pettersson,1997-06-06
Koya Yuruki,1995-07-03
Grzegorz Rogala,1995-10-12
Nikita Medvedev,1994-12-17
Max O'Leary,1996-10-10
Silviu Balaure,1996-02-06
Marco Asensio,1996-01-21
Reid Drake,1996-01-19
Elvir Koljic,1995-07-08
Ezequiel Ponce,1997-03-29
Takahiro Sekine,1995-04-19
Lucas Acosta,1995-03-12
Walter Benítez,1993-01-19
Elvin Camalov,1995-02-04
Liam Cullen,1999-04-23
Ilya Petrov,1995-06-27
Hamari Traoré,1992-01-27
Iván Villar,1997-07-09
Joe Rodon,1997-10-22
Mateusz Żyro,1998-10-28
Mikey Johnston,1999-04-19
Thapelo Morena,1993-08-06
Woo-yeong Jeong,1999-09-20
Filip Zorvan,1996-04-07
Pelle Clement,1996-05-19
Jae-ik Lee,1999-05-21
Young-wook Cho,1999-02-05
Tobias Salquist,1995-05-18
Antonio Sivera,1996-08-11
Ali Faez,1994-09-09
Kike Barja,1997-04-01
Eray Cömert,1998-02-04
Miro Muheim,1998-03-24
Grigoris Kastanos,1998-01-30
Kostas Pileas,1998-12-11
Arandjel Stojkovic,1995-03-02
Stefan Hagerup,1994-04-06
Érick Gutiérrez,1995-06-15
Lachlan Jackson,1995-03-12
Pol Lirola,1997-08-13
Borja Mayoral,1997-04-05
Bradley Banda,1998-01-20
Ethan Jolley,1997-03-29
Jayce Olivero,1998-07-02
Kevagn Ronco,1998-04-20
Charlie Vindehall,1996-05-08
Ryan Johnson,1996-10-02
Adrian Chovan,1995-10-08
Ahmet Sağat,1996-05-27
Jamie Coombes,1996-05-27
Sarach Yooyen,1992-05-30
Samuel Leach Holm,1997-10-09
Marius Adamonis,1997-05-13
Dominykas Barauskas,1997-04-18
Mikel Vesga,1993-04-08
Franco Leys,1993-10-18
Leandro Garate,1993-09-02
Matej Markovic,1996-07-22
Pontus Almqvist,1999-07-10
Erik Lindell,1996-02-14
Nikolay Komlichenko,1995-06-29
Brad Stuver,1991-04-16
Kieran Tierney,1997-06-05
Aleksandr Filin,1996-06-25
Amrinder Singh,1993-05-27
Emil Timbur,1997-07-21
Michele Di Gregorio,1997-07-27
Stijn van Gassel,1996-10-18
Gastón Olveira,1993-04-21
Abdelkarim Maamar Chaouche,1996-10-21
Elías Gómez,1994-06-09
Daniel Stensson,1997-03-24
Toni Martínez,1997-06-30
Ioannis Kousoulos,1996-06-14
Jacob Pryts,1998-06-25
Jeff Chabot,1998-02-12
Fikayo Tomori,1997-12-19
Dodi Lukébakio,1997-09-24
Paul Iacob,1996-06-21
Christopher Ibayi,1995-07-18
Anthony Kalik,1997-11-05
Laco Takacs,1996-07-15
Ionuț Radu,1997-05-28
Amir Al-Ammari,1997-07-27
Alen Sherri,1997-12-15
Luka Lukovic,1996-10-11
Kyeong-min Kim,1991-11-01
Sebastián Herrera,1994-11-04
Álex Castro,1994-03-08
Andrés Roa,1993-05-25
Nazariy Fedorivskyi,1996-04-17
José Gomes,1996-07-20
Albert Gudmundsson,1997-06-15
Dominic Calvert-Lewin,1997-03-16
Nuno da Costa,1991-02-10
Yassine Meriah,1993-07-02
Mert Hakan Yandaş,1994-08-19
Masaya Okugawa,1996-04-14
Mehdi Taremi,1992-07-18
Frankie Kent,1995-11-21
Sirlord Conteh,1996-07-09
Djordje Crnomarkovic,1993-09-10
Mirko Kos,1997-04-12
Ammar Helac,1998-06-13
Tin Plavotic,1997-06-30
Marko Raguz,1998-06-10
Dominik Reiter,1998-01-04
Lion Lauberbach,1998-02-15
Dario Maresic,1999-09-29
Valentino Müller,1999-01-19
Shogo Taniguchi,1991-07-15
Nick Hagglund,1992-09-14
Kentaro Kakoi,1991-04-23
Mohamed Kanno,1994-09-22
Ado Onaiwu,1995-11-08
Jun Amano,1991-07-19
José Contreras,1994-10-20
Tomoya Koyamatsu,1995-04-24
Hokuto Shimoda,1991-11-07
Rey Manaj,1997-02-24
Rolando Mandragora,1997-06-29
Mikel Villanueva,1993-04-14
Thorsten Schriebl,1998-11-24
Patrick Berg,1997-11-24
Caio Lucas,1994-04-19
Eirik Haugan,1997-08-27
Afsha,1996-03-06
Diéter Villalpando,1991-08-04
Mahmoud El Wensh,1995-06-01
Jordan Larsson,1997-06-20
Jhon Murillo,1995-11-21
Amirbek Dzhuraboev,1996-04-13
Michal Bilek,1997-10-13
Shota Fukuoka,1995-10-24
Yuji Kajikawa,1991-07-26
Hiroyuki Mae,1995-08-01
Sergio González,1992-04-20
Vlad Muțiu,1995-02-02
Brais Méndez,1997-01-07
Jan Mlakar,1998-10-23
Jefferson Savarino,1996-11-11
Yohei Takaoka,1996-03-16
Kyrian Nwoko,1997-07-04
Mauricio Martínez,1993-02-20
Kai Havertz,1999-06-11
Leo Väisänen,1997-07-23
Takashi Sawada,1991-05-26
Matthew Guillaumier,1998-04-09
Rikuto Hirose,1995-09-23
Eduard Bello,1995-08-20
Andre Green,1998-07-26
Martin Remacle,1997-05-16
Jaime Moreno,1995-03-30
Samuel Ballet,2001-03-12
Mathieu Maertens,1995-03-27
Harib Al-Saadi,1990-02-01
Mahmood Mabrook,1993-01-14
Eiichi Katayama,1991-11-30
Jefferson Intriago,1996-06-04
Anderson Julio,1996-05-31
Timothy Tillman,1999-01-04
Fernando Gorriarán,1994-11-27
Mohammad Al-Dawoud,1992-12-04
Koki Anzai,1995-05-31
Shinnosuke Hatanaka,1995-08-25
Ehsan Haddad,1994-02-05
Alfonso Espino,1992-01-05
Nikola Sipcic,1995-05-17
Georgios Kyriakopoulos,1996-02-05
Kevin Ramírez,1994-04-01
Roman Yakuba,2001-04-23
Alessandro Gabrielloni,1994-07-10
Lewis Morgan,1996-09-30
Landry Dimata,1997-09-01
Fran Villalba,1998-05-11
Tarek Salman,1997-12-05
Utkir Yusupov,1991-01-04
Patiwat Khammai,1994-12-24
Percy Tau,1994-05-13
Yeferson Soteldo,1997-06-30
Logan Rogerson,1998-05-28
Hyeon-mu Kang,1995-03-13
Cosmin Achim,1995-09-19
Jan Bekkema,1996-04-09
Vito van Crooij,1996-01-29
Aleksey Tataev,1998-10-08
Iván Villalba,1995-01-19
Jesús Angulo,1998-01-30
Ronaldo Cisneros,1997-01-08
Daniel Londoño,1995-01-01
Óscar Manzanárez,1995-04-24
Matheus Savio,1997-04-15
Léo Duarte,1996-07-17
Botirali Ergashev,1995-06-23
Diego Moreno,1996-02-27
Andrija Filipovic,1997-04-18
Daniele Sommariva,1997-07-18
Yunus Sentamu,1994-08-13
Silvere Ganvoula,1996-06-29
Evgeniy Latyshonok,1998-06-21
Shahrudin Mahammadaliyev,1994-06-12
Jordan Lotomba,1998-09-29
Kei Koizumi,1995-04-19
Allan Cruz,1996-02-24
Ivan Jukic,1996-06-21
Michael Barrios,1991-04-21
Marvin Martins,1995-02-17
Davíd Kristján Ólafsson,1995-05-15
Aslak Witry,1996-03-10
Dean David,1996-03-14
Facundo Boné,1995-11-16
Josh Laurent,1995-05-06
Lukas Nmecha,1998-12-14
Florin Tănase,1994-12-30
Trent Alexander-Arnold,1998-10-07
Marcus Edwards,1998-12-03
Jae-sung Lee,1992-08-10
Ju-yong Lee,1992-09-26
Marlon Ramírez,1994-04-17
Brahim Díaz,1999-08-03
Myung-jae Lee,1993-11-04
Bryan Acosta,1993-11-24
Jarrod Bowen,1996-12-20
Siebe Horemans,1998-06-02
Luis López,1993-09-13
Bruno Lourenço,1998-02-02
Ricardo Mangas,1998-03-19
Bruno Paz,1998-04-23
Pedro Pereira,1998-01-22
Mansour Hamzi,1992-01-17
Nahitan Nández,1995-12-28
Bendjaloud Youssouf,1994-02-11
Karl Toko Ekambi,1992-09-14
Justin Bijlow,1998-01-22
Mats Knoester,1998-11-19
Luciano Acosta,1994-05-31
Atakan Çankaya,1998-06-25
Sherel Floranus,1998-08-23
Mees Hoedemakers,1998-02-18
Gennadiy Pasich,1993-07-13
Yevgeniy Pasich,1993-07-13
Ting-Yang Chen,1992-09-28
Daniil Lesovoy,1998-01-12
Jeffrey de Lange,1998-04-01
Mees de Wit,1998-04-17
Kaj Sierhuis,1998-04-27
Myrto Uzuni,1995-05-31
Haji Wright,1998-03-27
Farid Chaâl,1994-07-03
Cătălin Căbuz,1996-06-18
Relu Stoian,1996-03-01
Szilard Veres,1996-01-27
Arkadiusz Kasperkiewicz,1994-09-29
Diadié Samassékou,1996-01-11
Abdullah Al-Qahtani,1999-01-31
Jun Ichimori,1991-07-02
Ryuta Koike,1995-08-29
Afiq Fazail,1994-09-29
Luc Mares,1996-10-03
Luca de la Torre,1998-05-23
Christian Pulisic,1998-09-18
Junior Eldstal,1991-09-16
Salim Magoola,1995-05-27
Alessandro Bastoni,1999-04-13
Gianluigi Donnarumma,1999-02-25
Andrea Pinamonti,1999-05-19
Gianluca Scamacca,1999-01-01
Scott McTominay,1996-12-08
Luka Menalo,1996-07-22
Yongjing Cao,1997-02-15
Ben Chilwell,1996-12-21
Marian Tvrdon,1994-08-18
Júlíus Magnússon,1998-06-28
Martin Ødegaard,1998-12-17
Dion Cools,1996-06-04
Matej Rodin,1996-02-13
Ali Kabacalman,1995-09-27
Marsoni Sambu,1996-06-03
Thomas Turner,1998-03-03
Vincent Thill,2000-02-04
Dominik Greif,1997-04-06
Hirving Lozano,1995-07-30
Nikola Moro,1998-03-12
Marin Karamarko,1998-04-14
Adrian Semper,1998-01-12
Ziming Wang,1996-08-05
Mark Grosse,1999-02-01
Diego Rossi,1998-03-05
Marko Rog,1995-07-19
Taufik Suparno,1995-10-31
Jóannes Bjartalid,1996-07-10
Eldar Civic,1996-05-28
Cyriel Dessers,1994-12-08
Alen Jurilj,1996-03-07
Joshua Pereira,1997-10-10
Florian Rieder,1996-05-16
Lionel Tan,1997-06-05
Ilya Khodulya,1989-06-16
Lucas Torreira,1996-02-11
Kevin Deeromram,1997-09-11
Antonin Rusek,1999-03-22
David Raum,1998-04-22
Yosuke Ideguchi,1996-08-23
Stratos Svarnas,1997-11-11
Ivan Ignatjev,1999-01-06
Aleksandr Rudenko,1999-03-15
Matvey Safonov,1999-02-25
Olivier Boscagli,1997-11-18
Tristan Muyumba,1997-03-07
Romain Perraud,1997-09-22
Eddie Roberts,1994-05-01
Marcus Thuram,1997-08-06
Harrison Delbridge,1992-03-15
Martin Kramaric,1997-11-14
Karlo Letica,1997-02-11
Advan Kadusic,1997-10-14
Sabir Bougrine,1996-07-10
Radu Boboc,1999-04-24
Vlad Dragomir,1999-04-24
Claudiu Micovschi,1999-05-19
Robert Moldoveanu,1999-03-08
Alexandru Țîrlea,2000-03-28
Chang-moo Shin,1992-09-17
Daniel James,1997-11-10
Vladimer Mamuchashvili,1997-08-29
Nenad Cvetkovic,1996-01-06
Ahmed Sharahili,1994-05-08
Pedro Amaral,1997-08-25
Petter Strand,1994-08-24
Juan Cruz Komar,1996-08-13
Tornike Gaprindashvili,1997-07-20
Dani Ceballos,1996-08-07
Dong-gyu Baek,1991-05-30
Mathias Jensen,1996-01-01
Vetle Dragsnes,1994-02-06
Sondre Sørli,1995-10-30
Çağlar Söyüncü,1996-05-23
Oleg Slobodyan,1996-10-03
Mikkel Duelund,1997-06-29
Toni Lato,1997-11-21
Frederik Lauenborg,1997-05-18
Mark Sykes,1997-08-04
Philip Billing,1996-06-11
Kolbeinn Finnsson,1999-08-25
Gustaf Nilsson,1997-05-23
Florin Ștefan,1996-05-09
Ercan Kara,1996-01-03
Zizo,1996-01-10
Kacper Chodyna,1999-05-24
Santiago Mele,1997-09-06
Sebastian Szymanski,1999-05-10
Timi Max Elsnik,1998-04-29
Dejan Petrovic,1998-01-12
Sven Karic,1998-03-07
Tomasz Makowski,1999-07-19
Hannes Wolf,1999-04-16
Ibrahim Dresevic,1997-01-24
Vladyslav Klymenko,1994-06-19
Christopher McVey,1997-04-12
Edvin Muratovic,1997-02-15
Simon Olsson,1997-09-14
Jordan Thompson,1997-01-03
Frantisek Cech,1998-06-12
Matej Chalus,1998-02-02
Ondrej Lingr,1998-10-07
Abderrahmane Meziane,1994-03-07
Michal Sadílek,1999-05-31
Daniel Soucek,1998-07-18
Everton,1996-03-22
Emiliano Buendía,1996-12-25
Denzel Dumfries,1996-04-18
Adam Radwański,1998-04-10
Ezequiel Ham,1994-03-10
Kristian Eriksen,1995-07-18
Grejohn Kyei,1995-08-12
Mirza Mustafic,1998-06-20
Tobias Anselm,2000-02-24
David Bumberger,1999-02-05
Johannes Naschberger,2000-01-25
Dániel Sallói,1996-07-19
Andriy Savenkov,1996-12-12
Kristopher Da Graca,1998-01-16
Dennis Hadzikadunic,1998-07-09
Isac Lidberg,1998-09-08
Thomas Isherwood,1998-01-28
Besard Šabović,1998-01-05
Ismael Diawara,1994-11-11
David Ramírez,1995-12-14
Lucas Suárez,1995-03-17
Blaz Kramer,1996-06-01
Felix Beijmo,1998-01-31
Jean-Victor Makengo,1998-06-12
Gaël Ondoua,1995-11-04
Joël Schmied,1998-09-23
Jasper van der Werff,1998-12-09
Luciano Cabral,1995-04-26
Dylan Mertens,1995-07-20
Flavius Daniliuc,2001-04-27
Henri Perk,1999-10-14
Markus Poom,1999-02-27
Facundo Waller,1997-04-09
Mohammad Abdulbasit,1995-10-19
Conor Hazard,1998-03-05
Radovan Pankov,1995-08-05
Srdjan Plavsic,1995-12-03
Leonel Di Plácido,1994-01-28
İrfan Can Eğribayat,1998-06-30
Youstin Salas,1996-06-17
Kaan Kairinen,1998-12-22
Benjamin Källman,1998-06-17
Niilo Mäenpää,1998-01-14
Matteo Gabbia,1999-10-21
Anthony Graterol,1995-02-27
Giacomo Satalino,1999-05-20
Leo Bengtsson,1998-05-26
Dimitar Velkovski,1995-01-22
John Hou Saeter,1998-01-13
Zé Welison,1995-03-11
Sigitas Olberkis,1997-04-19
Malcom,1997-02-26
Aitor Cantalapiedra,1996-02-10
Rafael Borré,1995-09-15
Juan Quintero,1995-03-23
Xavier Arreaga,1994-09-28
Andrés Cubas,1996-05-22
Evander,1998-06-09
Thalisson,1998-05-07
Mauro Júnior,1999-05-06
Nahuel Losada,1993-04-17
Walace,1995-04-04
Joel Nouble,1996-01-19
Ratu Waranaivalu,1995-09-16
Vasile Mogoș,1992-10-31
Christoph Baumgartner,1999-08-01
Alexandros Katranis,1998-05-04
Dimitrios Limnios,1998-05-27
Panagiotis Retsos,1998-08-09
Marios Siampanis,1999-09-28
Ollie Watkins,1995-12-30
Myles Beerman,1999-03-13
Jean Borg,1998-01-08
Youssef Maleh,1998-08-22
Joseph Mbong,1997-07-15
Vangelis Pavlidis,1998-11-21
Jonathan Ikoné,1998-05-02
Mahdi Camara,1998-06-30
Timothé Cognat,1998-01-25
Nicolas Janvier,1998-08-11
Yann Karamoh,1998-07-08
Jérémy Livolant,1998-01-09
Arnaud Nordin,1998-06-17
Anton Ari Einarsson,1994-08-25
Luis Vásquez,1996-03-01
Mario Jurcevic,1995-06-01
Oscar Hedvall,1998-08-09
Jason Lokilo,1998-09-17
Zan Zuzek,1997-01-26
Mama Baldé,1995-11-06
Maksym Marusych,1993-07-17
Ahmed Numaan,1992-11-10
Maksym Zaderaka,1994-09-07
Viktor Gyökeres,1998-06-04
Sebastian Madejski,1997-01-02
Kyaw Min Oo,1996-06-16
Víctor Guzmán,1995-02-03
Mauro Laínez,1996-05-09
Daniel Ríos,1995-02-22
Abbas Hüseynov,1995-06-13
Steven Rivadeneyra,1994-11-02
Adrián Ugarriza,1997-01-01
Filip Uremovic,1997-02-11
Henrich Ravas,1997-08-16
Ahmed Touba,1998-03-13
Rasmus Lauritsen,1996-02-27
Jawad Rizq,1994-01-20
Fabián Viáfara,1992-03-16
Donyell Malen,1999-01-19
Ché Nunnely,1999-02-04
Matthijs de Ligt,1999-08-12
Jeff Reine-Adélaïde,1998-01-17
Joris Kramer,1996-08-02
Frenkie de Jong,1997-05-12
André Moreira,1995-12-02
Dani Calvo,1994-04-01
Adam Bergmark Wiberg,1997-05-07
Joachim Soltvedt,1995-09-09
Ridle Baku,1998-04-08
Efkan Bekiroğlu,1995-09-14
Stephan Ambrosius,1998-12-18
Igor Ivanovic,1997-07-28
Jaroslaw Kubicki,1995-08-07
Krzysztof Piatek,1995-07-01
Marios Ilia,1996-05-19
Robin Wallinder,1999-05-13
Smail Prevljak,1995-05-10
Liam Henderson,1996-08-23
Juriën Gaari,1993-12-23
Pepelu,1998-08-11
Barnabás Varga,1994-10-25
Derek Cornelius,1997-11-25
Kristoffer Ajer,1998-04-17
Kjetil Haug,1998-06-12
Robin Koch,1996-07-17
Rokas Lekiatas,1998-11-07
Eligijus Jankauskas,1998-06-22
Deividas Šešplaukis,1998-02-02
Serginho,1995-03-15
Enes Mahmutovic,1997-05-22
Diego Carlos,1993-03-15
Claudio Kammerknecht,1999-07-07
Carlo Boukhalfa,1999-05-03
Rajmund Mikus,1995-11-29
Georgios Masouras,1994-01-01
Matti Olsen,1995-06-07
Mateo Barac,1994-07-20
Levan Shengelia,1995-10-27
Ariel Lassiter,1994-09-27
Tobias Heintz,1998-07-13
Pedro Henrique,1995-10-02
Gil Dias,1996-09-28
João Virgínia,1999-10-10
Liam Rose,1997-04-07
Neto Moura,1996-08-06
Gustavo Scarpa,1994-01-05
Karol Świderski,1997-01-23
Alessandro Vogliacco,1998-09-14
Dawid Gojny,1994-08-31
Guram Giorbelidze,1996-02-25
Justin Kluivert,1999-05-05
Jhegson Méndez,1997-04-26
Luis Abram,1996-02-27
Ataberk Dadakdeniz,1999-08-05
Muhammed Şengezer,1997-01-05
Kubilay Kanatsızkuş,1997-03-28
Alex Gersbach,1997-05-08
Bartosz Jaroszek,1994-02-17
Jeison Angulo,1996-06-27
Luis Orejuela,1995-08-20
Luis Chávez,1996-01-15
Erickson Gallardo,1996-07-26
Brice Wembangomo,1996-12-18
Juan Franco,1992-02-10
Mateusz Marzec,1994-08-13
Rubio Rubín,1996-03-01
Manuel Lazzari,1993-11-29
Erick Ferigra,1999-02-07
Óscar Mingueza,1999-05-13
Riqui Puig,1999-08-13
Takehiro Tomiyasu,1998-11-05
Birk Risa,1998-02-13
Tammy Abraham,1997-10-02
Jón Dagur Thorsteinsson,1998-11-26
Kristian Pedersen,1994-08-04
Filip Panák,1995-11-02
Iulian Cristea,1994-07-17
James Aguirre,1992-05-21
Valeriy Rogozynskyi,1995-09-03
Quentin Lecoeuche,1994-02-04
Andrei Miron,1994-05-28
Aleksey Isayev,1995-11-09
Nicolás Oroz,1994-04-01
Franco Cristaldo,1996-08-15
Ernest Agyiri,1998-03-06
Yan Dhanda,1998-12-14
Callum Slattery,1999-02-08
Alfons Sampsted,1998-04-06
Nicolás Giraldo,1993-03-29
Deiver Machado,1993-09-02
Weston McKennie,1998-08-28
Tyler Adams,1999-02-14
Jonathan González,1999-04-13
Roland Sallai,1997-05-22
Adrian Justinussen,1998-07-21
Jordan Sierra,1997-04-23
Valentin Rongier,1994-12-07
Karim Hafez,1996-03-12
Andreas Helmersen,1998-03-15
Sander Berge,1998-02-14
Patrick,1992-07-29
Kemal Ademi,1996-01-23
Bingourou Kamara,1996-10-21
Joelinton,1996-08-14
Edvin Kuc,1993-10-27
Tomas Petrasek,1992-03-02
Filip Manojlovic,1996-04-25
Milad Mohammadi,1993-09-29
Michal Nalepa,1995-03-24
Jozo Stanic,1999-04-06
Milos Kopecny,1993-12-26
Jakub Pokorny,1996-09-11
Danial Esmaeilifar,1993-02-26
Joël Drommel,1996-11-16
Jonathan Burkardt,2000-07-11
Jorge Rodríguez,1995-09-15
François Kamano,1996-05-02
Dirk Abels,1997-06-13
Lars Ritzka,1998-05-07
Nicolás Fernández,1996-02-08
Edrick Menjívar,1993-03-01
Orbelín Pineda,1996-03-24
Nicolás Figal,1994-04-03
Néstor Breitenbruch,1995-09-13
Rafael Barrios,1993-05-23
Mauricio Tévez,1996-07-31
Maxim Leitsch,1998-05-18
Lukas Daschner,1998-10-01
Amos Pieper,1998-01-17
Lucas Boyé,1996-02-28
Ezequiel Bonifacio,1994-05-09
Walter Bou,1993-08-25
Mutalip Alibekov,1997-06-18
Ilzat Akhmetov,1997-12-31
Denis Adamov,1998-02-20
Denis Zakaria,1996-11-20
Chiquinho,1995-07-19
Lucas Passerini,1994-07-16
Justen Glad,1997-02-28
Andrea Padula,1996-04-04
Jan Kuchta,1997-01-08
Tomas Ladra,1997-04-24
Ludvig Fritzson,1995-08-25
Brad Lyons,1997-05-26
David Lischka,1997-08-15
Mateus Castro,1994-09-11
Toma Bašić,1996-11-25
Jason Coronel,1993-10-06
Marlon López,1992-11-02
Jonathan Klinsmann,1997-04-08
Jean Manuel Mbom,2000-02-24
José Esquivel,1998-01-07
Linton Maina,1999-06-23
Antoine Batisse,1995-01-13
Kevin Diks,1996-10-06
Manu Morlanes,1999-01-12
Marc Navarro,1995-07-02
Sondre Brunstad Fet,1997-01-17
Pedro Nuno,1995-01-13
Miran Horvat,1994-03-23
Ermedin Demirovic,1998-03-25
Renat Dadashov,1999-05-17
Idrissa Touré,1998-04-29
Arian Kabashi,1996-09-26
Tom Glover,1997-12-24
Renzo Garcés,1996-06-12
Ben White,1997-10-08
Shapi Suleymanov,1999-12-16
Miguel Campos,1996-08-19
Philipp Treu,2000-12-03
Luca Plogmann,2000-03-10
Nicolas Kühn,2000-01-01
Celil Yüksel,1998-01-01
Altay Bayındır,1998-04-14
Mërgim Vojvoda,1995-02-01
JT Marcinkowski,1997-05-09
Shaq Moore,1996-11-02
José Carlos Pinto,1993-06-16
Bryan Tamacas,1995-02-21
Christian Früchtl,2000-01-28
Ranko Veselinović,1999-03-24
Dejan Joveljić,1999-08-07
Akram Afif,1996-11-18
Sultan Al-Brake,1996-04-07
Assim Madibo,1996-10-22
Jorge Pombo,1994-02-22
Alvin Fortes,1994-05-25
Marc Roca,1996-11-26
Giuseppe Pezzella,1997-11-29
Makana Baku,1998-04-08
Florent Muslija,1998-07-06
Tim Siersleben,2000-03-09
Jake Brimmer,1998-04-03
Ovie Ejaria,1997-11-18
Shamal George,1998-01-06
Alex Král,1998-05-19
Dario Pavkovic,1994-05-28
Fatih Kurucuk,1998-01-21
Ricardinho,1994-03-24
Ezequiel Unsain,1995-03-09
Alessio Da Cruz,1997-01-18
Umar Sadiq,1997-02-02
Christian Kouamé,1997-12-06
Walmer Pacheco,1995-01-16
Connor Ronan,1998-03-06
Abdu Conté,1998-03-24
Pedro Ferreira,1998-01-05
Gedson Fernandes,1999-01-09
Jordan Morris,1994-10-26
Sinan Karweina,1999-03-29
Iqraam Rayners,1995-12-19
Francisco Fydriszewski,1993-04-13
Jairo Izquierdo,1993-10-22
Konstantinos Tsimikas,1996-05-12
Franco Escobar,1995-02-21
Unai Núñez,1997-01-30
Mikel Merino,1996-06-22
Álex Berenguer,1995-07-04
Sebastiaan Bornauw,1999-03-22
Hannes Delcroix,1999-02-28
Daam Foulon,1999-03-23
Joël Ito,1998-03-27
Brent Gabriël,1999-01-27
Senne Lynen,1999-02-19
Mile Svilar,1999-08-27
Thibaud Verlinden,1999-07-09
Santos Ortiz,1993-01-22
Fatih Aksoy,1997-11-06
Oleg Baklov,1994-10-20
Sondre Bjørshol,1994-04-30
Alfredo Morelos,1996-06-21
Hugo Jan Backovsky,1999-10-10
Christian Frydek,1999-02-01
Patrik Hellebrand,1999-05-16
Filip Kubala,1999-09-02
Jiri Letacek,1999-01-09
Richard Sedlacek,1999-06-21
Tom McIntyre,1998-11-06
Deniz Undav,1996-07-19
Jelle Duin,1999-01-27
Owen Wijndal,1999-11-28
Noa Lang,1999-06-17
Armando Obispo,1999-03-05
Tyrell Malacia,1999-08-17
Tihomir Kostadinov,1996-03-04
Rico Henry,1997-07-08
Robert Mudrazija,1997-05-05
Erik Jirka,1997-09-19
Giovanni González,1994-09-20
Jakov Filipovic,1992-10-17
Pavel Zabelin,1995-06-30
Kevin Balanta,1997-04-28
Svetoslav Kovachev,1998-03-14
Theo Hernández,1997-10-06
Tete Morente,1996-12-04
Wade Dekker,1994-04-21
Julian Gölles,1999-09-22
Hovhannes Harutyunyan,1999-05-25
Edgar Grigoryan,1998-08-25
Frédéric Nsabiyumva,1995-04-26
Yoan Severin,1997-01-24
Gabriel Debeljuh,1996-09-28
Kobe Cools,1997-07-25
Alessio Castro-Montes,1997-05-17
Lindon Selahi,1999-02-26
Thibault De Smet,1998-06-05
Gorka Guruzeta,1996-09-12
Burak Kapacak,1999-12-08
Hamdy Fathy,1994-09-29
Ilias Chatzitheodoridis,1997-11-05
Josh Dasilva,1998-10-23
Nathan Tella,1999-07-05
Savvas Mourgos,1998-03-16
Eddie Nketiah,1999-05-30
Reiss Nelson,1999-12-10
Joe Willock,1999-08-20
Antoine Bernier,1997-09-10
Maduka Okoye,1999-08-28
Abel Ruiz,2000-01-28
Abdelhamid Sabiri,1996-11-28
Tomi Horvat,1999-03-24
Zan Medved,1999-06-14
Noussair Mazraoui,1997-11-14
Dani de Wit,1998-01-28
Philippe Sandler,1997-02-10
Bryan Goncalves,1996-07-19
Joca,1996-01-30
Gianluca Ferrari,1997-06-30
Gui Ramos,1997-08-11
Ivanildo Fernandes,1996-03-26
Bubacar Djaló,1997-02-02
Leonardo Sernicola,1997-07-30
Frane Maglica,1997-07-02
Rasmus Örqvist,1998-10-18
Benjamín Kuscevic,1996-05-02
Javi Sánchez,1997-03-14
Jaume Grau,1997-05-05
Merih Demiral,1998-03-05
Ethan Britto,2000-11-30
Caoimhín Kelleher,1998-11-23
Diogo Jota,1996-12-04
Soner Gönül,1997-06-11
Bárdur á Reynatröd,2000-01-08
Cosmin Dur-Bozoancă,1998-02-15
Virgil Ghiță,1998-06-04
Tiberiu Căpușă,1998-04-06
Andrei Ciobanu,1998-01-18
Alfie Jones,1997-10-07
Güven Yalçın,1999-01-18
Cameron Carter-Vickers,1997-12-31
Kyle Walker-Peters,1997-04-13
Federico Chiesa,1997-10-25
Franco Cervi,1994-05-26
Nicolae Carnat,1998-04-08
Răzvan Oaidă,1998-03-02
Juan Miranda,2000-01-19
Adrián Dela,1999-02-26
Fran García,1999-08-14
Álex Pozo,1999-02-22
Sergio Lozano,1999-03-24
Iván Martín,1999-02-14
Stjepan Loncar,1996-11-10
Oliver Burke,1997-04-07
Daniel Popa,1995-07-14
Vlad Pop,2000-08-31
Valentin Costache,1998-08-02
Davinson Sánchez,1996-06-12
Tobias Mölgaard,1996-07-22
Oleg Kudryk,1996-10-17
Hamza Choudhury,1997-10-01
Ponck,1990-10-21
Dirk Carlson,1998-04-01
Kenan Avdusinovic,1998-03-03
Igor Vekic,1998-05-06
Umut Meraş,1995-12-20
Cengiz Ünder,1997-07-14
Athanasios Androutsos,1997-05-06
Igor Rabello,1995-04-28
Gerson,1997-05-20
William,1995-04-03
Diego Conde,1998-10-28
Yassine Zakir,1997-03-13
Yannik Keitel,2000-02-15
Axel Tuanzebe,1997-11-14
Grady Diangana,1998-04-19
Silvan Sidler,1998-07-07
Erhan Erentürk,1995-05-30
Jostein Gundersen,1996-04-02
Young-jae Seo,1995-05-23
Gabriel Alanís,1994-03-16
Daniels Balodis,1998-06-10
Kévin N'Doram,1996-01-22
Yhoan Andzouana,1996-12-13
Irvin Cardona,1997-08-08
Brighton Labeau,1996-01-01
Kylian Mbappé,1998-12-20
Guido Rodríguez,1994-04-12
Anders Dreyer,1998-05-02
Gustav Marcussen,1998-06-12
Mattias Svanberg,1999-01-05
Stephane Omeonga,1996-03-27
Mario Dajsinani,1998-12-23
Mykola Kovtalyuk,1995-04-26
Panagiotis Symelidis,1992-11-03
Caju,1995-07-17
Enzo Ebosse,1999-03-11
Yassin Fortuné,1999-01-30
Michele Cevoli,1998-07-22
Marcello Mularoni,1998-09-08
Niklas Beste,1999-01-04
Levente Szabó,1999-06-06
Payam Niazmand,1995-04-06
Max Burgess,1995-01-16
Nicolas Pépé,1995-05-29
Magnus Grødem,1998-08-14
Ivan Kalyuzhnyi,1998-01-21
Yevgen Cheberko,1998-01-23
Fran Tudor,1995-09-27
Federico Anselmo,1994-06-11
Abdoulaye Cissé,1996-02-13
Youssouf Oumarou,1993-02-16
Dawa Hotessa,1996-01-13
Noel Caliskan,2000-08-29
Fiete Arp,2000-01-06
Din Alomerovic,1997-06-29
Yeimar Gómez Andrade,1992-06-30
Cyle Larin,1995-04-17
Ben Godfrey,1998-01-15
Irfan Fandi,1997-08-13
Ikhsan Fandi,1999-04-09
Artem Dovbyk,1997-06-21
Ondrej Zmrzly,1999-04-22
Jakub Kucera,1997-01-28
Isaac Muleme,1992-10-10
Ismail Watenga,1995-05-15
Cristian Dros,1998-04-15
Maxim Cojocaru,1998-01-13
Jovan Nisic,1998-03-03
Tomislav Todorovic,1998-02-13
Petar Micin,1998-09-29
Mohamed Hany,1996-02-02
Nathan Broadhead,1998-04-05
Mark Harris,1998-12-29
Aaron Opoku,1999-03-28
Anton Stach,1998-11-15
Kelvin Amian,1998-02-08
Yoshinori Suzuki,1992-09-11
Jamie McGrath,1996-09-30
Bilal Boutobba,1998-08-29
Odsonne Édouard,1998-01-16
Alibek Kasym,1998-05-27
Ramazan Orazov,1998-01-30
Nauryzbek Zhagorov,1998-03-01
Bakhtiyor Zaynutdinov,1998-04-02
Oralkhan Omirtaev,1998-07-16
Jan Bernat,2001-01-10
Marian Pisoja,2000-06-16
Christopher Nkunku,1997-11-14
Jorge Fernandes,1997-04-02
Leonardo Ruiz,1996-04-18
Egor Khvalko,1997-02-18
Marcos Ledesma,1996-09-15
Lazar Carević,1999-03-16
Ilija Vukotić,1999-01-07
Pavel Pavlyuchenko,1998-01-01
Vitaliy Lisakovich,1998-02-08
Rayan Raveloson,1997-01-16
Connor McLennan,1999-10-05
Aurélien Nguiamba,1999-01-18
Malang Sarr,1999-01-23
Dan-Axel Zagadou,1999-06-03
Yassine Benrahou,1999-01-24
Nabil Alioui,1999-02-18
Hicham Mahou,1999-07-02
Oscar Krusnell,1999-02-17
Dayot Upamecano,1998-10-27
Lubomir Tupta,1998-03-27
Samuel Dancak,1998-03-06
Bernardo Lopes,1993-07-30
Tahith Chong,1999-12-04
Jesús Gallardo,1994-08-15
Jean-Kévin Duverne,1997-07-12
Simon Banza,1996-08-13
Matthieu Udol,1996-03-20
Habib Diallo,1995-06-18
Gauthier Hein,1996-08-07
Milos Toseski,1998-02-24
Milan Ristovski,1998-04-08
Murilo,1994-10-31
Almoez Ali,1996-08-19
Luka Lochoshvili,1998-05-29
Oscar Correia,1997-09-28
Justas Lasickas,1997-10-06
Yuma Suzuki,1996-04-26
Teruhito Nakagawa,1992-07-27
James McGarry,1998-04-09
Ahmed Ahmedov,1995-03-04
Mateusz Lis,1997-02-27
Kamil Piątkowski,2000-06-21
Bartosz Mrozek,2000-02-23
Mateusz Skrzypczak,2000-08-22
Sebastian Walukiewicz,2000-04-05
Andi Zeqiri,1999-06-22
Zakaria Draoui,1994-02-20
Carlo Holse,1999-06-02
Julius Eskesen,1999-03-16
Jens Odgaard,1999-03-31
Jeppe Okkels,1999-07-27
Mauricio Pineda,1997-10-17
Brooks Lennon,1997-09-22
Marlos Moreno,1996-09-20
Brayan Rovira,1996-12-02
Joe Bell,1999-04-27
Fidel Escobar,1995-01-09
Andreas Poulsen,1999-10-13
Roman Lyopka,1997-01-26
Zak Rudden,2000-02-06
Duckens Nazon,1994-04-07
Lukas Mai,2000-03-31
Abdelraouf Benguit,1996-04-05
Miguel Silva,1995-12-20
Rubén Vargas,1998-08-05
Taishi Semba,1999-08-19
Jamal Lewis,1998-01-25
Keno,1989-09-10
Mouctar Diakhaby,1996-12-19
Morgan Faßbender,1998-10-18
Trevoh Chalobah,1999-07-05
Dujon Sterling,1999-10-24
Andre Dozzell,1999-05-02
Tom Dele-Bashiru,1999-09-17
Dan Nlundulu,1999-02-05
Mason Mount,1999-01-10
Danel Sinani,1997-04-05
Gabriele Matanisiga,1995-06-14
Radoslaw Majecki,1999-11-16
Marek Mróz,1999-02-18
Dawid Kurminowski,1999-02-24
Kamil Grabara,1999-01-08
Luca Ranieri,1999-04-23
Luca Pellegrini,1999-03-07
Yuta Nakayama,1997-02-16
Sean Longstaff,1997-10-30
Guilherme Arana,1997-04-14
Ché Adams,1996-07-13
Jakub Pesek,1993-06-24
Daniel Antosch,2000-03-07
Vesel Demaku,2000-02-05
Romano Schmid,2000-01-27
Jan Kronig,2000-06-24
Noah Okafor,2000-05-24
Alexis Antunes,2000-07-31
Nishan Burkart,2000-01-31
Christopher Lungoyi,2000-07-04
Nico Maier,2000-07-02
Thiago Santos,1989-09-05
Thomas Oude Kotte,1996-03-20
Lyndon Dykes,1995-10-07
Facundo Mallo,1995-01-16
Omri Glazer,1996-03-11
Anderson Lopes,1993-09-15
Hiroki Noda,1997-07-27
Jack Thomson,2000-01-20
Ricardo Chávez,1994-11-19
Allan Campbell,1998-07-04
Lucas Hedlund,1998-08-18
Fredrik Pallesen Knudsen,1996-08-30
Jerdy Schouten,1997-01-12
Luan Peres,1994-07-19
Guillermo Martínez,1995-03-15
Nordi Mukiele,1997-11-01
Nemanja Belakovic,1997-01-08
Bechir Ben Said,1992-11-29
Gustavo Barreto,1995-12-10
Gustavo Ferrareis,1996-01-02
Emiliano Amor,1995-05-16
Tomás Pochettino,1996-02-01
Miguel Cardoso,1994-06-19
Mehdi Léris,1998-05-23
Mason Holgate,1996-10-22
Joao Ortiz,1996-05-01
Leonardo Lopes,1998-11-30
Maks Celic,1996-03-08
Hamza El Moussaoui,1993-04-07
Junya Ito,1993-03-09
Giovani Lo Celso,1996-04-09
Juninho Bacuna,1997-08-07
Alexander Isak,1999-09-21
Fernando Arce,1996-11-27
Chico Kim,1991-05-16
Sead Haksabanovic,1999-05-04
Fabian Nürnberger,1999-07-28
Neris,1992-06-17
Benjamin Hadzic,1999-03-04
Nico Mantl,2000-02-06
Juan Familia-Castillo,2000-01-13
Diney Borges,1995-01-17
Ayrton Lucas,1997-06-19
Pervis Estupiñán,1998-01-21
Abdulsamet Burak,1996-05-13
Kyle Duncan,1997-08-08
Antonee Robinson,1997-08-08
Jackson Yueill,1997-03-19
Leonardo Landriel,1996-07-14
Lucas Ahijado,1995-01-30
Chao-An Chen,1995-06-22
Fabián Ruiz,1996-04-03
Fernando Sobral,1994-12-17
Michael Woud,1999-01-16
Sarpreet Singh,1999-02-20
Joan Sastre,1997-04-30
Sondre Sørløkk,1997-05-08
Shahab Zahedi,1995-08-18
Vahid Selimovic,1997-04-03
Udanta Singh,1996-06-14
Yusuf,1993-06-12
Aleksandr Maksimenko,1998-03-19
Atanas Chernev,2002-03-25
Pablo Sisniega,1995-07-07
Mikel Oyarzabal,1997-04-21
John Nelson,1998-07-11
Álex Zendejas,1998-02-07
Joshua Pérez,1998-01-21
Eirik Wichne,1997-05-12
Ali Al-Busaidi,1991-01-21
Yoichi Naganuma,1997-04-14
Tsukasa Morishima,1997-04-25
Takeru Kishimoto,1997-07-16
Koki Ogawa,1997-08-08
Sam Cosgrove,1996-12-02
Valeriy Gromyko,1997-01-23
Lincoln,1998-11-07
Kalvin Phillips,1995-12-02
David Tijanic,1997-07-16
Kristian Dimitrov,1997-02-27
Robin Le Normand,1996-11-11
Ismaël Bennacer,1997-12-01
Matheus Fernandes,1998-06-30
Léo Santos,1998-12-09
Gonzalo Valle,1996-02-28
Federico Baschirotto,1996-09-20
Faïz Selemani,1993-11-14
Salim Ben Boina,1991-07-19
Lucas Perri,1997-12-10
Agustín Rossi,1995-08-21
Joela Biuvanua,1998-09-04
Patrick Joseph,1998-05-03
Witi,1996-08-26
José Juan Manríquez,1996-02-26
Déinner Quiñones,1995-08-16
Christian Garcia,1999-02-04
Eric de Pablos,1999-03-08
Cucu,1999-03-19
Otar Kiteishvili,1996-03-26
Stefan Loncar,1996-02-19
Batuhan Şen,1999-02-03
Ahmad Al-Rehaili,1994-10-06
Omar Alderete,1996-12-26
Saúl Salcedo,1997-08-29
Jesús Medina,1997-04-30
Thamsanqa Masiya,1996-09-17
Braulio Uraezaña,1995-03-26
Carmelo Algarañaz,1996-01-27
Konstantinos Apostolakis,1999-05-28
Marcus Coco,1996-06-24
Benjamin Pavard,1996-03-28
Lamine Ba,1997-08-24
Romain Del Castillo,1996-03-29
Samuel Moutoussamy,1996-08-12
Gaëtan Perrin,1996-06-07
Aubrey Modiba,1995-07-22
Tyler Miller,1993-03-12
Dominik Oroz,2000-10-29
Min-tae Kim,1993-11-26
Takuma Nishimura,1996-10-22
Roberto Alvarado,1998-09-07
Robert Ljubicic,1999-07-14
Ryoya Ogawa,1996-11-24
Asahi Masuyama,1997-01-29
Robert Gumny,1998-06-04
Daiki Suga,1998-09-10
Mitsuki Saito,1999-01-10
Yuto Iwasaki,1998-06-11
Keigo Tsunemoto,1998-10-21
Hiroki Ito,1999-05-12
Toshiki Takahashi,1998-01-20
Mert Müldür,1999-04-03
Andrej Todoroski,1999-04-19
Lucas Tousart,1997-04-29
Kota Watanabe,1998-10-18
Bahadır Öztürk,1995-10-01
Dominik Fitz,1999-06-16
Sergio Aguero,1994-04-07
Kei Chinen,1995-03-17
Vitalie Damascan,1999-01-24
Jorge Carrascal,1998-05-25
Adil Demirbağ,1997-12-10
Alexander Eckmayr,1999-07-06
John Mary,1993-03-09
Djibril Diani,1998-02-11
Hakim Abdallah,1998-01-09
Rick van Drongelen,1998-12-20
Frédéric Guilbert,1994-12-24
Frank Anguissa,1995-11-16
Rodrigo Bentancur,1997-06-25
Amir Murillo,1996-02-11
Roberto Domínguez,1997-05-09
Levi García,1997-11-20
Matt Polster,1993-06-08
Shamar Nicholson,1997-03-16
Nicholas Hagen,1996-08-02
Allen Yanes,1997-07-04
Nicolás Samayoa,1995-08-02
Carlos Estrada,1997-09-12
José Morales,1996-12-03
Stheven Robles,1995-11-12
Jodi Jones,1997-10-22
Florian Sotoca,1990-10-25
Tim Parker,1993-02-23
Loren Morón,1993-12-30
Pepe Castaño,1998-12-10
Derrick Etienne Jr.,1996-11-25
Deybi Flores,1996-06-16
Duy Manh Do,1996-09-29
Cristian Roldán,1995-06-03
M'Bala Nzola,1996-08-18
Earl Edwards Jr.,1992-01-24
Messala Merbah,1994-07-22
Sebastián Salazar,1995-09-30
Adrián Diéguez,1996-02-04
Jordan,1996-04-26
Matan Baltaxa,1995-09-20
Andreas Skovgaard,1997-03-27
Lucas Haren,1997-10-13
Filippo Berardi,1997-05-18
Igor Zubeldia,1997-03-30
Patrick Kpozo,1997-07-15
Mounir Chouiar,1999-01-23
Dennys Quintero,1997-06-14
Marijan Cabraja,1997-02-25
Vernon de Marco,1992-11-18
Sory Kaba,1995-07-28
Nazmi Gripshi,1997-07-05
Kengo Kitazume,1992-04-30
Samet Yalçın,1994-03-03
Giannis Bouzoukis,1998-03-27
Ko Itakura,1997-01-27
Kaku,1995-01-11
Arnaut Danjuma,1997-01-31
Tomás Guidara,1996-03-13
Cristian Romero,1998-04-27
Yudai Ogawa,1996-10-04
Uriel Antuna,1997-08-21
Carlos Acevedo,1996-04-19
Jorge Sánchez,1997-12-10
Bryan Heynen,1997-02-06
David Barbona,1995-02-22
Edwin Velasco,1991-11-05
Cristián Borja,1993-02-18
Juan Roa,1994-11-14
Daichi Kamada,1996-08-05
Ataru Esaka,1992-05-31
Alfonso Pedraza,1996-04-09
Jurato Ikeda,1996-09-17
John García,1989-06-04
Jorge Soto,1993-08-02
Jeison Palacios,1994-03-20
Borja González,1995-11-17
Salaheddine Chihab,1993-02-23
Markus Soomets,2000-03-02
Martin Erlić,1998-01-24
Alban Lafont,1999-01-23
Ibrahima Konaté,1999-05-25
Shahriar Moghanlou,1994-12-21
Diogo Dalot,1999-03-18
Diogo Costa,1999-09-19
Diogo Leite,1999-01-23
Rúben Vinagre,1999-04-09
Miguel Luís,1999-02-27
Florentino,1999-08-19
Filipe Soares,1999-05-20
Rafael Leão,1999-06-10
João Lameira,1999-04-19
Leandro Barreiro,2000-01-03
Christian Gomis,2000-08-09
Cristian Paz,1995-04-24
Dušan Vlahović,2000-01-28
Rodri,1996-06-22
Yan Vorogovskiy,1996-08-07
Alexander Jallow,1998-03-03
Alfon González,1999-05-04
Jayson Molumby,1999-08-06
Mark Travers,1999-05-18
Declan Rice,1999-01-14
Hrvoje Ilic,1999-04-14
Sandro Kulenović,1999-12-04
Davor Matijas,1999-08-23
Domagoj Bradarić,1999-12-10
Thomas Buitink,2000-06-14
Marc Tsoungui,2002-07-30
Benjamin Kabeya,2001-06-16
Fernando Calero,1995-09-14
Pablo Fornals,1996-02-22
Justin Lonwijk,1999-12-21
Braian Romero,1991-06-15
Federico Fattori,1992-07-22
Raoul Bellanova,2000-05-17
Simone Canestrelli,2000-09-11
Gianluca Gaetano,2000-05-05
Fabián Sambueza,1988-08-01
Shawn Adewoye,2000-06-29
Cyril Ngonge,2000-05-26
Visal Soeuy,1995-08-19
Luis Pérez,1995-02-04
Jan Kral,1999-04-05
Chidozie Awaziem,1997-01-01
Yordan Osorio,1994-05-10
Eldor Shomurodov,1995-06-29
David Nwolokor,1996-01-10
Powell Obinna Obi,1997-12-18
Joseph Aidoo,1995-09-29
Konstantinos Doumtsios,1997-09-20
Gabriel Ávalos,1990-10-12
Daniel Anyembe,1998-07-22
Ritsu Doan,1998-06-16
Bradley Mazikou,1996-06-02
Jean-Philippe Krasso,1997-07-17
Anton Kryvotsiuk,1998-08-20
Julian Faye Lund,1999-05-20
Alexandru Boiciuc,1997-08-21
Cristian Tassano,1996-07-23
Abdulrahman Al-Khaibary,1988-02-03
Filip Bainovic,1996-06-23
Bright Osayi-Samuel,1997-12-31
Filip Wójcik,1997-04-11
Alfa Semedo,1997-08-30
Kohei Tezuka,1996-04-06
Maryan Shved,1997-07-16
Abdulhadi Al-Harajin,1994-10-27
Liangming Lin,1997-06-04
Dominik Schmid,1998-03-10
Jason Thayaparan,1995-10-01
Yoav Gerafi,1993-08-29
Majeed Ashimeru,1997-10-10
Marcos Peano,1998-10-15
Jordy Caicedo,1997-11-18
Mingiyan Beveev,1995-11-30
Jay-Roy Grot,1998-03-13
Teun Koopmeiners,1998-02-28
Odysseus Velanas,1998-06-05
Emmanuel Martínez,1994-06-04
Kevin Nisbet,1997-03-08
Zvonimir Subaric,1997-05-25
Lucas Chaves,1995-08-09
Joaquín Laso,1990-07-04
Matus Hruska,1994-09-17
Bilal Bayazıt,1999-04-08
Mitchel Bakker,2000-06-20
Davy van den Berg,2000-02-04
Jurgen Ekkelenkamp,2000-04-05
Ole Romeny,2000-06-20
Bradly van Hoeven,2000-04-17
Peer Koopmeiners,2000-05-04
Jasper Schendelaar,2000-09-02
Sven Botman,2000-01-12
Sergiño Dest,2000-11-03
Evert Linthorst,2000-03-03
Rafa Mir,1997-06-18
Berke Özer,2000-05-25
Ozan Kabak,2000-03-25
Jáder Obrian,1995-05-18
Brian Andrada,1997-06-22
Kilian Ludewig,2000-03-05
Mihai Popescu,1993-05-07
Dino Besirovic,1994-01-31
Nayef Aguerd,1996-03-30
Isi Palazón,1994-12-27
Gabriel Gudmundsson,1999-04-29
Karim El Berkaoui,1995-03-29
Aleksandr Marochkin,1990-07-14
Facundo Altamirano,1996-03-21
Andriy Storchous,1994-06-30
Mario Tadic,1992-12-29
Greg Taylor,1997-11-05
Andrey Mostovoy,1997-11-05
Dmitriy Rybchinskiy,1998-08-19
Leonardo Saldaña,1989-12-08
Mateo Cassierra,1997-04-13
Rikito Inoue,1997-03-09
Masaaki Murakami,1992-08-07
Arthur Melo,1996-08-12
Pedro Rocha,1994-10-01
Qasem Lajami,1996-04-25
Josip Juranovic,1995-08-16
Pedro Díaz,1998-06-05
Ioan Yakovlev,1998-01-19
Carlinhos,1997-02-12
Gabriel Jesus,1997-04-03
Jack Hendry,1995-05-07
James Penrice,1998-12-22
Malte Amundsen,1998-02-11
António Gomes,2000-08-29
Timo Stavitski,1999-07-17
Yevgeniy Shevchenko,1995-12-02
Carlos Eduardo,1996-10-10
Nik Tzanev,1996-12-23
Sebastián Acosta,1994-11-01
Jesús Murillo,1994-02-18
Hazzaa Al-Ghamdi,2001-01-11
Moise Kean,2000-02-28
Ruei Wang,1993-08-10
Mamadou Loum,1996-12-30
Moussa Wagué,1998-10-04
Godfried Frimpong,1999-04-21
Jordan Teze,1999-09-30
Ivan,1997-07-02
Bernardo,1995-05-14
Tchê Tchê,1992-08-30
Abdul Mu'iz Sisa,1991-04-20
Obinna Nwobodo,1996-11-29
Adriel Ba Loua,1996-07-25
Mory Konaté,1993-11-15
Oliver Wähling,1999-09-06
João Gamboa,1996-08-31
Gabriel Osho,1998-08-14
Afi Aminuddin,1991-10-09
Hamad Al-Jayzani,1993-03-04
Fawaz Al-Sqoor,1996-04-23
Khaled Al-Muqaitib,1992-06-03
Danilo Arboleda,1995-05-16
Alexis Castro,1994-10-18
Marco Domínguez,1996-02-25
Chan-yong Park,1996-01-27
Sebastian Mailat,1997-12-12
Hatem Al-Juhani,1996-07-31
Ular Zhaksybaev,1994-10-20
Nader Al-Sharari,1996-05-08
Fousseni Diabaté,1995-10-18
Adriano Bertaccini,2000-08-13
Fredrik Bjørkan,1998-08-21
Eric Ramírez,1996-09-21
Nicolás Giménez,1996-01-16
Marlon Freitas,1995-03-27
Anel Husic,2001-03-01
Dan Ndoye,2000-10-25
Justin Roth,2000-10-29
Benson Sakala,1996-09-12
Vyacheslav Grulev,1999-03-23
Matheuzinho,1997-10-18
Jin-gyu Kim,1997-02-24
In-beom Hwang,1996-09-20
Xian Emmers,1999-07-20
Valeriy Bondarenko,1994-02-03
Pontus Dahlberg,1999-01-21
Cristian Arrieta,1996-01-03
Alexandru Dobre,1998-08-30
Ablie Jallow,1998-11-14
Yankuba Jarju,1996-08-20
Víctor Dávila,1997-11-04
Abdurrahim Dursun,1998-12-01
Miłosz Mleczko,1999-03-01
Rodrigo Pinho,1991-05-30
Danijel Loncar,1997-06-26
Álvaro Angulo,1997-03-06
Kalle Joelsson,1998-03-21
Thomas Deng,1997-03-20
Jefferson Gómez,1996-06-22
Israel Alba,1995-05-06
Marcel Cermak,1998-11-25
Vladyslav Dubinchak,1998-07-01
Nazariy Rusyn,1998-10-25
Yahia Attiyat Allah,1995-03-02
Daniel Tetour,1994-07-17
Sergio Gómez,2000-09-04
Qismat Aliyev,1996-10-24
Nahjib Guerra,1994-08-18
Ariagner Smith,1998-12-13
Jordy Polanco,1996-07-08
Dan Agyei,1997-06-01
Eric Kitolano,1997-09-02
Emil Ødegaard,1999-04-29
Christian Borchgrevink,1999-05-11
Tobias Svendsen,1999-08-31
Felix Horn Myhre,1999-03-04
Leo Østigård,1999-11-28
Chris Durkin,2000-02-08
Raheem Edwards,1995-07-17
Greg Ranjitsingh,1993-07-18
Luís Maximiano,1999-01-05
Thierry Correia,1999-03-09
Dave Romney,1993-06-12
Ignacio de Arruabarrena,1997-01-16
Rodrigo Abascal,1994-01-14
Antonin Krapka,1994-01-22
Fran Karacic,1996-05-12
Leon Perera,1997-01-01
Jesper Karlsson,1998-07-25
Milan Knobloch,1992-08-23
Kiko Pomares,1998-09-21
Moisés,1995-03-11
Riccardo Orsolini,1997-01-24
Gustav Henriksson,1998-02-03
Mykola Shaparenko,1998-10-04
Mamadou Thiam,1995-03-20
Francisco Tinaglini,1998-11-09
Matías Vera,1995-10-26
Loïs Openda,2000-02-16
Arthur Theate,2000-05-25
Alexandru Mățan,1999-08-29
Nikola Cumic,1998-11-20
Michael Schjönning-Larsen,2001-02-02
Wang-Kit Tsui,1997-01-05
Rahil Mammadov,1995-11-24
Federico Valverde,1998-07-22
Abdullah Al-Ammar,1994-03-01
Erlend Dahl Reitan,1997-09-11
Erlend Segberg,1997-04-12
Georgios Tzovaras,1999-11-03
Ferdi Kadıoğlu,1999-10-07
Dylan Vente,1999-05-09
Joackim Fagerjord,1998-07-22
Mohamed Badamosi,1998-12-27
Kieran Wright,1999-04-01
Luuk Brouwers,1998-05-03
Mats Deijl,1997-07-15
Leonardo Godoy,1995-04-28
Sasa Kalajdzic,1997-07-07
Alem Pasic,1997-08-23
Warren Caddy,1997-04-09
Davit Volkovi,1995-06-03
Mohamed Ofkir,1996-08-04
Joakim Maehle,1997-05-20
Moses Opondo,1997-10-28
Rasmus Nissen Kristensen,1997-07-11
Pablo Aránguiz,1997-03-17
Mohamed Hamdi,1995-03-15
Filip Ottosson,1996-09-12
Joël Piroe,1999-08-02
Dmitriy Vorobyov,1997-11-28
Mykyta Kravchenko,1997-06-14
Saâdi Radouani,1995-03-18
Dawid Błanik,1997-04-15
Sergio Santos,1994-09-04
Fortune Makaringe,1993-05-13
Jhon Fredy Salazar,1995-04-01
Andreas Hanche-Olsen,1997-01-17
Julian Ryerson,1997-11-17
Pablo Rosario,1997-01-07
Tyrone Conraad,1997-04-07
Doğukan Sinik,1999-01-21
Brady Scott,1999-06-30
Timothy Weah,2000-02-22
Iván López,1999-04-21
Paolo Medina,1999-05-28
Roberto Meraz,1999-08-04
Efraín Orona,1999-02-22
Daniel Parra,1999-07-20
Érick Sánchez,1999-09-27
Simen Hestnes,1996-02-05
Konstantinos Galanopoulos,1997-12-28
Tobias Christensen,2000-05-11
Zico Bailey,2000-08-27
Dominik Kotarski,2000-02-10
Luka Jelenic,2000-05-24
David Colina,2000-07-19
Josip Sutalo,2000-02-28
Stipe Radic,2000-06-10
Ante Palaversa,2000-04-06
Matej Vuk,2000-06-10
Rony,1995-05-11
Michele Sego,2000-08-05
Ivor Pandur,2000-03-25
Arijanet Murić,1998-11-07
Rijad Sadiku,2000-01-18
Stanley Nsoki,1999-04-09
Myziane Maolida,1999-02-14
Lenny Vallier,1999-04-24
Evan Ndicka,1999-08-20
André Alcaráz,2000-01-08
Roberto de la Rosa,2000-01-04
Haret Ortega,2000-05-19
Alexis Gutiérrez,2000-02-26
Diego Lainez,2000-06-09
Luis Olivas,2000-02-10
Jairo Torres,2000-07-05
Jean,1995-10-26
Guilherme Schettine,1995-10-10
Gabriel Brazão,2000-10-05
Edu Ribeiro,2000-06-16
Tetê,2000-02-15
Rafael Navarro,2000-04-14
Dimitar Sheytanov,1999-03-15
Marash Kumbulla,2000-02-08
Lukas Gütlbauer,2000-12-06
Francisco Sierralta,1997-05-06
Kevin Spadanuda,1997-01-16
Ivan Oleynikov,1998-08-24
Jóannes Danielsen,1997-09-10
Carlens Arcus,1996-06-28
Dimitry Bertaud,1998-06-06
Jaka Bijol,1999-02-05
Vanja Drkusic,1999-10-30
Zan Rogelj,1999-11-25
Matevz Vidovsek,1999-10-30
David Brekalo,1998-12-03
Clayton,2000-04-04
Fabián Hormazábal,1996-04-26
Alerrandro,2000-01-12
Vinicius Junior,2000-07-12
Sergio Bermejo,1997-08-17
Roberts Veips,2000-02-22
Rihards Matrevics,1999-03-18
Aleksejs Saveljevs,1999-01-30
Ricardo Friedrich,1993-02-18
Mads Bech Sørensen,1999-01-07
Carlos Soler,1997-01-02
Guus Til,1997-12-22
Dani Silva,2000-04-11
Diogo Batista,2000-04-21
David Grilo,1996-08-13
Danil Krugovoy,1998-05-28
Khaled Sobhi,1995-05-04
Amine Harit,1997-06-18
Ibrahima Sissoko,1997-10-27
Florian Ayé,1997-01-19
Nicholas Pierini,1998-08-06
Jimmy Marín,1997-10-08
Petko Hristov,1999-03-01
Alexandru Albu,1993-08-17
Tayeb Meziani,1996-02-27
Cristian Pavón,1996-01-21
Dodi,1996-04-17
Maracás,1994-04-27
David,1995-10-17
Flávio,1996-02-10
Yuri Lara,1994-04-20
Domantas Antanavičius,1998-11-18
Lucas Martínez Quarta,1996-05-10
Brian Mansilla,1997-04-16
David Duarte,1995-01-24
Wuilker Fariñez,1998-02-15
Robert Ivanov,1994-09-19
Nicholas Pennington,1998-12-18
Marcelo Saracchi,1998-04-23
Vincent Marchetti,1997-07-04
Dragan Rosic,1996-09-22
Marko Jevtic,1996-02-17
Anes Rusevic,1996-12-02
Yong-woo Park,1993-09-10
Henrique Trevisan,1997-01-20
Léo Ortiz,1996-01-03
Junior Firpo,1996-08-22
Gijs Smal,1997-08-31
Christian Bassogog,1995-10-18
Tah Anunga,1996-08-10
Eman Marković,1999-05-08
Oliver Edvardsen,1999-03-19
Mateusz Praszelik,2000-09-26
Joshua Yaro,1994-11-18
Takaaki Shichi,1993-12-27
Sebastian Milewski,1998-04-30
Christian Martínez,1994-04-19
Kenji Gorré,1994-09-29
Kristijan Jakic,1997-05-14
Sean Mackie,1998-11-04
Elves Baldé,1999-10-02
Ismail Jakobs,1999-08-17
Oleksandr Kozak,1994-07-25
Adalberto Carrasquilla,1998-11-28
Nanda Kyaw,1996-09-03
Than Paing,1996-12-06
Maung Maung Lwin,1995-06-18
Yan Naing Oo,1996-03-31
Thiha Htet Aung,1996-03-13
Lukas Sulzbacher,2000-04-06
Pedro Álvaro,2000-03-02
Afonso Sousa,2000-05-03
André Almeida,2000-05-30
Romário Baró,2000-01-25
Joel Asoro,1999-04-27
Paulo Moreira,2000-02-17
Kristoffer Tønnessen,1997-10-01
Michael Steinwender,2000-05-04
Duke Lacroix,1993-10-14
Bryan Landaverde,1995-05-27
Evan Louro,1996-01-19
Steven Echevarria,1996-04-09
Vladyslav Shapoval,1995-05-08
Vitaliy Stezhko,1997-01-29
Daniil Utkin,1999-10-12
Houari Baouche,1995-12-24
Mihai Butean,1996-09-14
Evangelos Patoulidis,2001-09-24
Yasir Subaşı,1996-01-01
Abdullah Al-Ahrak,1997-05-10
Gabriel Souza,1997-01-01
Manuel De Luca,1998-07-17
Lucas Fernandes,1994-04-24
Zvonimir Sarlija,1996-08-29
Kristijan Bistrovic,1998-04-09
Alexander Vidal,1996-09-02
Vakoun Bayo,1997-01-10
Ismaël Diallo,1997-01-29
Ibrahim Sangaré,1997-12-02
Stefan Kovac,1999-01-14
Diego,1995-09-21
Thiago Santana,1993-02-04
Matías Vargas,1997-05-08
Denys Galenkov,1995-10-13
Dmytro Ivanisenya,1994-01-11
Bassam Al-Rawi,1997-12-16
Daniel Johansen,1998-07-09
Mladen Devetak,1999-03-12
Carles Soria,1996-10-08
Marc Gual,1996-03-13
Mathías Olivera,1997-10-31
Robi Saarma,2001-05-20
Ranko Jokic,1999-04-22
Njegos Petrovic,1999-07-18
Abdelkader Bedrane,1992-04-02
Tjay De Barr,2000-03-13
Gathouch Panom,1994-01-18
Aschalew Tamene,1991-11-22
Oscar Buch,1997-02-14
Mauro Pittón,1994-08-08
Fernando Alarcón,1994-06-16
Gabriel Báez,1995-07-21
Jalil Elías,1996-04-25
Michael Folorunsho,1998-02-07
Paulo Josué,1989-03-13
Jakub Piotrowski,1997-10-04
Fahad Talib,1994-10-21
Sergio Córdova,1997-08-09
Leonardo Flores,1995-08-05
Pierre Lees-Melou,1993-05-25
Tim Rönning,1999-02-15
Anel Ahmedhodzic,1999-03-26
Sohel Rana,1995-03-27
Topu Barman,1994-12-20
York Rafael,1999-03-17
Jhon Benchy,1994-06-14
Muaid Ellafi,1996-03-07
Moatasem Al-Musrati,1996-04-06
Arnór Sigurdsson,1999-05-15
Daniël van Kaam,2000-06-23
Martijn Kaars,1999-03-05
Aitor Ruibal,1996-03-22
Lucas Ramon,1994-03-07
David Schnegg,1998-09-29
Yangel Herrera,1998-01-07
Lance Duijvestijn,1999-01-15
Paul Bellón,1997-06-04
Henry Wingo,1995-10-04
Patrick Sequeira,1999-03-01
Fernán Faerron,2000-08-22
Kevin Chamorro,2000-04-08
Richarlison,1997-05-10
Carlos Coronel,1996-12-29
Gerzino Nyamsi,1997-01-22
Mohammed Al-Burayk,1992-09-15
Kipras Kažukolovas,2000-11-20
Paulius Golubickas,1999-08-19
Marius Marin,1998-08-30
Noah Fadiga,1999-12-03
Kirill Zaika,1992-10-07
Eduard Florescu,1997-06-27
Deian Sorescu,1997-08-29
Matheus Reis,1995-02-18
Edgaras Utkus,2000-06-22
Young-bin Kim,1991-09-20
Hyun-woo Ju,1990-09-12
Seung-hyun Jung,1994-04-03
Tae-hee Lee,1992-06-16
Snorre Strand Nilsen,1997-01-14
Kelvin Morgan,1997-11-14
Aleksey Gritsaenko,1995-05-25
Ruslan Magal,1991-09-24
Alexander Barboza,1995-03-16
Lyanco,1997-02-01
David Kiki,1993-11-25
Leandro Antunes,1997-07-28
Fredy Pérez,1994-12-09
Diego Campos,1995-10-01
Christopher Wasasala,1994-12-31
Ozan Kökcü,1998-08-18
Ioannis Pittas,1996-07-10
Waleed Al-Ahmad,1999-05-03
Igor Julio,1998-02-07
Yevgeniy Morozko,1993-02-15
Henry Onyekuru,1997-06-05
Victor Braga,1992-02-17
Yevgen Zaporozhets,1994-09-20
Santi Comesaña,1996-10-05
Egil Selvik,1997-07-30
Artem Makarchuk,1995-11-09
Nihad Mujakic,1998-04-15
Simon Gefvert,1997-03-28
Horacio Tijanovich,1996-02-28
Vinko Medjimorec,1996-06-01
Victorio Ramis,1994-07-07
Mikail Okyar,1999-01-23
Emmanuel Sabbi,1997-12-24
Adrián Riera,1996-04-19
Rober Sierra,1996-05-21
Tatsuya Ito,1997-06-26
Igor Kotsyumaka,1995-03-12
Milen Zhelev,1993-07-15
Daniel Mancini,1996-11-11
Nökkvi Thórisson,1999-08-13
Steven Benda,1998-10-01
Danil Prutsev,2000-03-25
Victor Sá,1994-03-27
Ilia Gruev,2000-05-06
Nail Umyarov,2000-06-27
Konstantin Kuchaev,1998-03-18
Alexis Saelemaekers,1999-06-27
Mike Tresor,1999-05-28
Albert Sambi Lokonga,1999-10-22
William Balikwisha,1999-05-12
Bruce Anderson,1998-09-23
Martin Koscelník,1995-03-02
Bartosz Slisz,1999-03-29
Cédric Zesiger,1998-06-24
Kerem Aktürkoğlu,1998-10-21
Maksim Nenakhov,1998-12-13
Nicky Beloko,2000-02-16
Nicolás Benedetti,1997-04-25
Roman Goncharenko,1993-11-16
Miki Villar,1996-09-19
Gonçalo Costa,2000-02-18
Yevgen Streltsov,1991-05-09
Yasuki Kimoto,1993-08-06
Denys Antyukh,1997-07-30
Evandro,1997-01-14
Juninho,1995-02-01
Vladyslav Danylenko,1998-08-31
Kikas,1998-09-17
Tino Kadewere,1996-01-05
Adrián Zendejas,1995-08-30
Sebastian Bergier,1999-12-20
Bryan Colula,1996-04-06
Jakub Moder,1999-04-07
Serafin Szota,1999-03-04
Luca Kilian,1999-09-01
Stjepan Radeljic,1997-09-05
Diego Herazo,1996-04-14
Ever Valencia,1997-01-23
Mohammed El Hankouri,1997-07-01
Alexis Claude-Maurice,1998-06-06
Maciej Wolski,1997-03-29
Vítor Costa,1994-07-01
Leonardo Sequeira,1995-04-26
Oskar Repka,1999-01-03
Mathieu Scalet,1997-04-01
Fabien Centonze,1996-01-16
Vaclav Jemelka,1995-06-23
Gabriel Suazo,1997-08-09
Alberto Dossena,1998-10-13
Cristian Dájome,1994-01-03
Damian Michalski,1998-05-17
Andrzej Trubeha,1997-11-22
Regan Charles-Cook,1997-02-14
Christian Reyes,1995-11-02
Michał Kaput,1998-02-18
Aiden O'Neill,1998-07-04
Juhani Pikkarainen,1998-07-30
Pedro Altán,1997-06-04
Axel Disasi,1998-03-11
Cayman Togashi,1993-08-10
Jovan Marinkovic,1996-09-12
Milan Pavkov,1994-02-09
Alessandro Buongiorno,1999-06-06
Riccardo Sottil,1999-06-03
Bong-hun Yeo,1994-03-12
Lassana Coulibaly,1996-04-10
Jon Ceberio,1996-09-21
Matheo Raab,1998-12-18
Yusuf Yazıcı,1997-01-29
Darko Churlinov,2000-07-11
Dimitar Mitrovski,1999-01-28
Sam Lammers,1997-04-30
Przemysław Wiśniewski,1998-07-27
Danilho Doekhi,1998-06-30
Luka Ivanušec,1998-11-26
Lovro Majer,1998-01-17
Petar Musa,1998-03-04
Róber Pier,1995-02-16
Doğucan Haspolat,2000-02-11
Patryk Klimala,1998-08-05
Konrad Michalak,1997-09-19
Daiki Hashioka,1999-05-17
Yostin Salinas,1998-09-14
Etienne Vaessen,1995-07-26
Yegor Demchenko,1997-07-25
Go Hatano,1998-05-25
Jakub Łabojko,1997-10-03
Scott Tiffoney,1998-08-26
Omar Albornoz,1995-09-28
Lima,1996-06-11
Leon Bailey,1997-08-09
César Montes,1997-02-24
Kevin Tshiembe,1997-03-31
Ronaldo,1996-08-22
Lucas Taylor,1995-04-10
Mohamed Réda Halaïmia,1996-08-28
Tom Vandenberghe,1992-08-17
Rui Mendes,1999-11-10
Karlo Muhar,1996-01-17
Stefan Drljaca,1999-04-20
Tomislav Dadic,1997-12-15
Antonio Borsic,1995-09-19
Yoane Wissa,1996-09-03
Anthony Ralston,1998-11-16
Nico Schlotterbeck,1999-12-01
Sayfallah Ltaief,2000-04-22
Óscar Estupiñán,1996-12-29
Yeison Suárez,1997-07-08
Omar Traoré,1998-02-04
Bahadır Güngördü,1996-01-16
Karim Darwiche,1998-11-02
Philipp Sander,1998-02-21
Louka Prip,1997-06-29
Mateu Morey,2000-03-02
Josep Martínez,1998-05-27
Kike Saverio,1999-06-19
Ricard Sánchez,2000-02-22
Jandro Orellana,2000-08-07
Lucas de Vega,2000-01-16
Adilet Kanybekov,2002-11-25
Sivert Øverby,1999-06-10
Levent Mercan,2000-12-10
Jhon Vásquez,1995-02-12
Gyu-sung Lee,1994-05-10
Auston Trusty,1998-08-12
Brandon Vazquez,1998-10-14
Gustavo Velázquez,1991-04-17
Kristian Vallo,1998-06-02
Evgeniy Staver,1998-02-16
Nicolò Casale,1998-02-14
Felix Jakobsson,1999-09-16
Lefteris Lyratzis,2000-02-22
Callum Hendry,1997-12-08
Andrea Ghion,2000-02-23
Kreshnik Hajrizi,1999-05-28
Nedim Bajrami,1999-02-28
Bastien Toma,1999-06-24
Federico Ravaglia,1999-11-11
Vitor Bueno,1994-09-05
Mustafa Eskihellaç,1997-05-05
Kobamelo Kodisang,1999-08-28
Antonis Tsiftsis,1999-07-21
Valendi Odelus,1994-12-01
Arthur Cabral,1998-04-25
Arttu Hoskonen,1997-04-16
Jacob Lungi Sørensen,1998-03-03
Juan Iglesias,1998-07-03
Marco Ballini,1998-06-12
Trevor Doornbusch,1999-07-06
Abdulelah Al-Malki,1994-10-11
Jhojan Julio,1998-02-11
Jonas Wind,1999-02-07
Mads Roerslev,1999-06-24
Hamed Traoré,2000-02-16
Ismayil Ibrahimli,1998-02-13
Vas Nuñez,1995-11-22
Marcin Wasielewski,1994-08-23
Lamine Fomba,1998-01-26
Marco Dulca,1999-05-11
Daichi Ishikawa,1996-02-22
Shintaro Nago,1996-04-17
Melih İbrahimoğlu,2000-07-17
Arata Watanabe,1995-08-05
Yuya Yamagishi,1993-08-29
Igor Silva,1996-08-21
Marco Grüll,1998-07-06
Derrick Köhn,1999-02-04
Yuri Araújo,1996-04-13
Khetag Khosonov,1998-06-18
Aleksandr Ektov,1996-01-30
Nikola Sreckovic,1996-04-26
Leon Flach,2001-02-28
Shawal Anuar,1991-04-29
Nicolò Zaniolo,1999-07-02
Santiago Giordana,1995-05-03
Daniel Klein,2001-03-13
Tom Gaal,2001-03-03
Noah Weißhaupt,2001-09-20
Hjalmar Ekdal,1998-10-21
Martin Ove Roseth,1998-07-10
Ivan Bozic,1997-06-08
Thaciano,1995-05-12
Antonino Gallo,2000-01-05
Tommaso Pobega,1999-07-15
Gabriele Zappa,1999-12-22
Jani Atanasov,1999-10-31
Chiedozie Ogbene,1997-05-01
Bogdan Milovanov,1998-04-19
Lennard Maloney,1999-10-08
Lennart Moser,1999-12-06
Jesper Löfgren,1997-05-03
Marc Guéhi,2000-07-13
Ian Poveda,2000-02-09
Emile Smith Rowe,2000-07-28
Danny Namaso,2000-08-28
Callum Hudson-Odoi,2000-11-07
Angel Gomes,2000-08-31
Ethan Ampadu,2000-09-14
Ryan Sessegnon,2000-05-18
Jonathan Panzo,2000-10-25
Enrico Delprato,1999-11-10
Emmanuel Latte Lath,1999-01-01
Nadir Zortea,1999-06-19
Kéres Masangu,2000-03-07
Hamza Mohamed,1995-02-17
Hassan Naiz,1996-05-10
Samooh Ali,1996-07-05
Mert Yılmaz,1999-03-08
Zakaria Aboukhlal,2000-02-18
Mitchell van Bergen,1999-08-27
Godfried Roemeratoe,1999-08-19
James Sands,2000-07-06
Brenden Aaronson,2000-10-22
Josh Sargent,2000-02-20
Will Sands,2000-07-06
Rafaelson,1997-03-30
Abdullah Yiğiter,2000-02-20
Aly Abeid,1997-12-11
Felix Agu,1999-09-27
Michal Skoras,2000-02-15
Douglas Augusto,1997-01-13
Tobias Lawal,2000-06-07
Kelvin Osorio,1993-10-29
Aleksandar Jukic,2000-07-26
Jusuf Gazibegovic,2000-03-11
Jonas Auer,2000-08-05
Raul Opruț,1998-01-04
Silvio Gorican,2000-02-27
Denis Busnja,2000-04-14
Aleksandr Soldatenkov,1996-12-28
Vladislav Sarveli,1997-10-01
Giorgos Malekkidis,1997-07-14
Stiven Vega,1998-05-22
Florian Wiegele,2001-03-21
Niklas Geyrhofer,2000-02-11
Lukas Fadinger,2000-09-27
Thomas Sabitzer,2000-10-12
Stefan Schimmer,1994-04-28
Mouhamed Belkheir,1999-01-02
Felix Bacher,2000-10-25
Mohamed Irufaan,1994-07-24
Emanuel Aiwu,2000-12-25
Filip Ugrinic,1999-01-05
Víctor Campuzano,1997-05-31
Davide Frattesi,1999-09-22
Boubacar Kamara,1999-11-23
Rafik Guitane,1999-05-26
Raouf Mroivili,1999-01-14
Emanuel Vignato,2000-08-24
Sheriff Sinyan,1996-07-19
Marius Coman,1996-07-31
Costinel Tofan,1996-08-02
Håkon Evjen,2000-02-14
Ole Kristian Lauvli,1994-05-13
Rayyan Baniya,1999-02-18
Maxence Prévot,1997-04-09
Marat Bystrov,1992-06-19
Volodymyr Odaryuk,1994-02-13
Joss Didiba,1997-11-07
Santiago Colombatto,1997-01-17
Bruno Pittón,1993-02-01
Hakim Guenouche,2000-05-30
Batista Mendy,2000-01-12
Yacine Adli,2000-07-29
Maxence Caqueret,2000-02-15
Alexis Flips,2000-01-18
Maxime Pau,2000-03-31
Edgaras Dubickas,1998-07-09
Peter Vindahl,1998-02-16
Jerome Tibbling Ugwo,1998-11-12
Antoine Bernede,1999-05-26
Théo Epailly,1999-02-10
Moussa Diaby,1999-07-07
Samuel Essende,1998-01-23
Wilfried Kanga,1998-02-21
Dmytro Plakhtyr,1996-02-14
Miki Yamane,1993-12-22
Marios Vrousai,1998-07-02
Ivan Sergeev,1995-05-11
Anthony Racioppi,1998-12-31
Zachary Brault-Guillard,1998-12-30
Gédéon Kalulu,1997-08-29
Houssem Aouar,1998-06-30
Elisha Owusu,1997-11-07
Răzvan Trif,1997-10-09
Darius Olaru,1998-03-03
Hüseyin Türkmen,1998-01-01
Akira Fantini,1998-05-24
Vladislav Malkevich,1999-12-04
Marco Pašalić,2000-09-14
Maarten Paes,1998-05-14
Jimmy Dunne,1997-10-19
Vaclav Mika,2000-06-01
Vasil Kusej,2000-05-24
Ethan Hamilton,1998-10-18
Mathias Nilsson,1999-02-23
Nacho Heras,1997-03-23
Carlos Isaac,1998-04-30
Luis Perea,1997-08-25
Óscar Clemente,1999-03-26
Toni Borevković,1997-06-18
Valeriy Bondar,1999-02-27
Ilya Putrya,1998-05-15
Maksym Chekh,1999-01-03
Murad Khachayev,1998-04-14
Rodrigo Escoval,1997-05-08
Diogo Calila,1998-10-10
Diogo Mendes,1998-01-24
Zhan-Ali Payruz,1999-08-12
Nicholas Opoku,1997-08-11
Artem Kozak,1998-05-28
Yevgeniy Smyrnyi,1998-08-18
Roman Vantukh,1998-07-04
Finlay Robertson,2002-11-12
Ross Graham,2001-02-20
Raz Shlomo,1999-08-13
Manor Solomon,1999-07-24
Goni Naor,1999-04-23
Guy Dahan,2000-03-08
Ikki Arai,1993-11-08
Ryuji Izumi,1993-11-06
Rilind Nivokazi,2000-01-26
Louis Verstraete,1999-05-04
Elton Kabangu,1998-02-08
Yunus Akgün,2000-07-07
Alan Mozo,1997-04-05
Sandro Tonali,2000-05-08
Pavel Sedko,1998-04-03
Gideon Mensah,1998-07-18
Alessandro Zanoli,2000-10-03
Nicolás de la Cruz,1997-06-01
Dennis Man,1998-08-26
Dani Cárdenas,1997-03-28
Alexis Peña,1996-01-13
Patryk Janasik,1997-08-25
David Machalik,1996-06-21
Dominik Kostka,1996-05-04
Josh Cohen,1992-08-18
Márcio Rosa,1997-02-23
Luke Southwood,1997-12-06
Harvey Barnes,1997-12-09
Achraf Hakimi,1998-11-04
Cristian Rivero,1998-03-21
Jaime Sierra,1998-03-18
Gonzalo Villar,1998-03-23
Ferran Torres,2000-02-29
Gabi Kanichowsky,1997-08-24
Sam Surridge,1998-07-28
Ilya Stefanovich,1996-06-23
Miłosz Kałahur,1999-06-29
Martin Hongla,1998-03-16
Merveil Ndockyt,1998-07-20
Samuel Brolin,2000-09-29
Graeme Torrilla,1997-09-03
Sagadat Tursynbay,1999-03-26
Mukhammedzhan Seysen,1999-02-14
Sultanbek Astanov,1999-03-23
Nkosinathi Sibisi,1995-09-22
Sævar Atli Magnússon,2000-06-16
Jordan Holmes,1997-05-08
Cammy Devlin,1998-06-07
Nick D'Agostino,1998-02-25
Kyle Magennis,1998-08-26
Vahan Bichakhchyan,1999-07-09
Nigel Ogidi Nwankwo,1998-08-04
Dan Biton,1995-07-20
Beni Baningime,1998-09-09
Mathieu Cafaro,1997-03-25
Marcus Tavernier,1999-03-22
Mouhamadou Drammeh,1999-05-15
Dimitris Dimitriou,1999-01-15
Pau Torres,1997-01-16
Dusan Markovic,1998-04-03
Esteban Rolón,1995-03-25
Haris Hajdarevic,1998-10-07
James Delianov,1999-10-20
Kye Rowles,1998-06-24
Daniel Arzani,1999-01-04
Strahinja Tanasijević,1997-06-12
Aydyn Bayramov,1996-02-18
Balázs Tóth,1997-09-04
Numan Kurdic,1999-07-01
Sigurd Kvile,2000-02-26
Halldor Stenevik,2000-02-02
Siebe Van der Heyden,1998-05-30
Eduardo Aguirre,1998-08-03
Alan Cervantes,1998-01-17
Ricardo Marín,1998-03-18
Ulises Torres,1998-02-17
Francisco Venegas,1998-07-16
Adam Ounas,1996-11-11
Eljif Elmas,1999-09-24
Mads Hermansen,2000-07-11
Adam Sørensen,2000-11-11
Oliver Olsen,2000-08-13
Nikolas Nartey,2000-02-22
Victor Jensen,2000-02-08
Nikolai Baden Frederiksen,2000-05-18
Roman Kvet,1997-12-17
Jan Matousek,1998-05-09
Agustín Sant'Anna,1997-09-27
Kevin Van Den Kerkhof,1996-03-14
Daniil Fomin,1997-03-02
Sandro Altunashvili,1997-05-19
Callum McCowatt,1999-04-30
Owen Parker-Price,1998-12-10
Rafael Camacho,2000-05-22
Kacper Krzepisz,1999-12-16
Rahul Bheke,1990-12-06
Alan Franco,1998-08-21
Roshon van Eijma,1998-06-09
Ross MacIver,1999-02-28
Aymen Hussein,1996-03-22
Mahmoud Al-Mardi,1993-10-06
Jadon Sancho,2000-03-25
Brayan Garnica,1996-05-27
Dara O'Shea,1999-03-04
Miguel Tapias,1997-01-09
Alejandro Mayorga,1997-05-29
José Hernández,1997-05-01
Jesús Ocejo,1998-06-16
Edson Álvarez,1997-10-24
Mason Stajduhar,1997-12-02
Aarón Herrera,1997-06-06
Davide Colonna,2000-11-10
Nicola Nanni,2000-05-02
Adam Gnezda Cerin,1999-07-16
Aaron Murillo,1998-03-20
Beneyam Belay,1998-07-18
Oscar,1998-07-19
Braian Cufré,1996-12-15
Liziero,1998-02-07
Rogério,1998-01-13
Dodô,1998-11-17
Éder Militão,1998-01-18
Arthur Gomes,1998-07-03
Gabriel Batista,1998-06-03
Tomás Conechny,1998-03-30
Germán Berterame,1998-11-13
David Martínez,1998-01-21
Exequiel Palacios,1998-10-05
Pablo Ruiz,1998-12-20
Julián Chicco,1998-01-13
Franco Petroli,1998-06-11
Lukasz Lakomy,2001-01-18
Konrad Matuszewski,2001-10-04
Maciej Rosołek,2001-09-02
Edgar González,1997-04-01
Lukas Petkov,2000-11-01
Ignacio Saavedra,1999-01-12
Yaya Sithole,1999-03-03
Denil Maldonado,1998-05-26
Jorge Álvarez,1998-01-28
Ramiro Macagno,1997-03-18
Samuel Chukwueze,1999-05-22
Victor Osimhen,1998-12-29
Christian Ebere,1998-04-04
Mamadou Fofana,1998-01-21
Amadou Haidara,1998-01-31
Sékou Koïta,1999-11-28
Ignacio Ramírez,1997-02-01
Wiston Fernández,1998-01-04
Firas Chaouat,1996-05-08
Morlaye Sylla,1998-07-27
Jun-su Ahn,1998-01-28
Sang-min Lee,1998-01-01
Sang-heon Lee,1998-02-26
Jin-ya Kim,1998-06-30
Jong-gyu Yoon,1998-03-20
Jun-seo Lee,1998-03-07
Seung-mo Lee,1998-03-30
Se-hun Oh,1999-01-15
Ju-hyeon Lee,1998-12-06
Sergey Volkov,1995-05-10
Thomas Rodríguez,1996-04-05
Aleksey Mironov,2000-01-01
José Canale,1996-07-20
Gonzalo Montiel,1997-01-01
Luquinhas,1996-09-28
Dimitrios Stavropoulos,1997-05-01
Orlando Mosquera,1994-12-25
Ángelo Araos,1997-01-06
Robert Sánchez,1997-11-18
Emir Sahiti,1998-11-29
Maximilian Entrup,1997-07-25
Dani Fernández,1997-04-30
Ernesto Trinidad,1996-01-02
Dario Špikić,1999-03-22
Léo,1996-03-06
Jon McCracken,2000-05-24
Ryan Mullen,2001-05-18
Stephen Welsh,2000-01-19
Lewis Mayo,2000-03-19
Elliot Watt,2000-03-11
Mikael Anderson,1998-07-01
Japhet Sery Larsen,2000-04-10
Hrvoje Babec,1999-07-28
Niko Jankovic,2001-08-25
Andrés Andrade,1998-10-16
Jiovany Ramos,1997-01-26
Jordan Beyer,2000-05-19
Mateusz Kochalski,2000-07-25
Godwin Obaje,1996-12-03
Aleksa Terzic,1999-08-17
Renato Kayzer,1996-02-17
Frantisek Plach,1992-03-08
Kristijan Trapanovski,1999-08-14
Tetsushi Yamakawa,1997-10-01
Rabbi Matondo,2000-09-09
Dávid Hancko,1997-12-13
Maksim Myakish,2000-03-03
Stuart Wilkin,1998-03-12
Patrik Blahut,1997-10-07
Andriy Lunin,1999-02-11
Denys Popov,1999-02-17
Vitaliy Mykolenko,1999-05-29
Sergiy Buletsa,1999-02-16
Oleksiy Khakhlyov,1999-02-06
Andriy Kulakov,1999-04-28
Denis Yanakov,1999-01-01
Niklas Hedl,2001-03-17
Victor Bogaciuc,1999-10-17
Vladislav Karapuzov,2000-01-06
Nicolas Seiwald,2001-05-04
Ioan-Calin Revenco,2000-06-26
Simon Wæver,1996-01-21
Griffin Dorsey,1999-03-05
Jack Maher,1999-10-28
Hampus Finndell,2000-06-06
Colin Rösler,2000-04-22
Issei Ouchi,2000-09-08
Kosei Tani,2000-11-22
Yukinari Sugawara,2000-06-28
Yuki Kobayashi,2000-07-18
Toichi Suzuki,2000-05-30
Ayumu Seko,2000-06-07
Shimpei Fukuoka,2000-06-27
Hinata Kida,2000-07-04
Taisei Miyashiro,2000-05-26
Keito Nakamura,2000-07-28
Takefusa Kubo,2001-06-04
Denis Drăguș,1999-07-06
Kevin Espinoza,1997-02-11
Filip Blazek,1998-03-11
Jaylan Hankins,2000-11-17
Louie Annesley,2000-05-03
Giorgi Kochorashvili,1999-06-29
Maurice Malone,2000-08-17
Julian Valarino,2000-06-23
Isaac Portillo,1994-11-08
Yannik Engelhardt,2001-02-07
Reda Khadra,2001-07-04
Tom Krauß,2001-06-22
Ole Pohlmann,2001-04-05
Wilhelm Loeper,1998-03-30
Marko Regza,1999-01-20
Mojmír Chytil,1999-04-29
David Buchta,1999-06-27
Ahmed Hany,1997-05-19
Milos Krunic,1996-11-22
Giacomo Raspadori,2000-02-18
Alec Van Hoorenbeeck,1998-12-30
Yan Valery,1999-02-22
Ademola Lookman,1997-10-20
Dennis Johnsen,1998-02-17
Boyd Lucassen,1998-07-01
Zé Pedro,1997-06-06
Augusto Lotti,1996-06-10
Tom McGill,2000-03-25
Thierno Ballo,2002-01-02
Can Bozdogan,2001-04-05
Lautaro Martínez,1997-08-22
Cas Odenthal,2000-09-26
Matt O'Riley,2000-11-21
Phil Foden,2000-05-28
Felix Nmecha,2000-10-10
Thiha Zaw,1993-12-28
Juninho Capixaba,1997-07-06
Jamie Brandon,1998-02-05
Bruno Rodrigues,1997-03-07
Iván Martos,1997-05-15
Andrej Fábry,1997-03-01
Moritz Broschinski,2000-09-23
Szymon Czyż,2001-07-08
Jakub Kamiński,2002-06-05
Shuo-Che Tsai,1996-01-14
Luka Gugeshashvili,1999-04-29
Leonel Mosevich,1997-02-04
Tien Dung Bui,1995-10-02
Onni Valakari,1999-08-18
Deni Jurić,1997-09-03
Mutsuki Kato,1997-08-06
Talal Taher Farhat,1994-09-08
Motasem Sabbou,1993-08-20
Idan Nachmias,1997-03-17
Javi Puado,1998-05-25
Cristian Calderón,1997-05-24
Marlon Fossey,1998-09-09
Jerome Opoku,1998-10-14
Joey Veerman,1998-11-19
Paul Smyth,1997-09-10
Yannick Yankam,1997-12-12
Zidane Banjaqui,1998-12-15
Usman Mohammed,1994-03-02
Peter Etebo,1995-11-09
Tomislav Uskok,1991-06-22
Teddy Teuma,1993-09-30
Alexis Soto,1993-10-20
Shayne Pattynama,1998-08-11
Calvin Stengs,1998-12-18
Edson Tortolero,1998-02-05
Maxime Delanghe,2001-05-23
Sekou Sidibe,2001-05-05
Yorbe Vertessen,2001-01-08
Miguel Nóbrega,2000-04-17
Ruon Tongyik,1996-12-28
Rodrigo Becão,1996-01-19
Dániel Lukács,1996-04-03
Ronaël Pierre-Gabriel,1998-06-13
Ismaïla Sarr,1998-02-25
Djibril Diaw,1994-12-31
Renato Pantalon,1997-10-27
Yves Bissouma,1996-08-30
Bailey Peacock-Farrell,1996-10-29
Lewis Montsma,1998-04-25
David Hickson,1997-07-09
Niklas Castro,1996-01-08
Valon Hamdiu,1998-06-10
Nias Hefti,1999-09-18
Betim Fazliji,1999-04-25
Afimico Pululu,1999-03-23
Pascal Struijk,1999-08-11
Alex Plat,1998-02-04
Joël Monteiro,1999-08-05
Anri Chichinadze,1997-10-05
Jetmir Haliti,1996-09-14
Ragnar Oratmangoen,1998-01-21
Lars Kramer,1999-07-11
Harry Milne,1996-10-29
Juan Ibiza,1995-08-17
Raphinha,1996-12-14
Brendan Hines-Ike,1994-11-30
Zian Flemming,1998-08-01
Davit Kereselidze,1999-08-19
Lucas Veríssimo,1995-07-02
Bruno Viana,1995-02-05
Kurt Shaw,1999-04-01
Jules Koundé,1998-11-12
Meriton Korenica,1996-12-15
Pol Lozano,1999-10-06
Rodrygo,2001-01-09
Helinho,2000-04-25
Brenner,2000-01-16
Weverson,2000-07-05
Lucão,2001-02-26
Thomas Henry,1994-09-20
Zan Zaletel,1999-09-16
Arnbjørn Svensson,1999-07-01
Stanislav Ivanov,1999-04-16
Paulo Henrique,1996-07-25
John Kitolano,1999-10-18
Eoin Toal,1999-02-15
Marcelo Rangel,1988-05-17
Giorgi Kutsia,1999-10-27
Giorgi Chakvetadze,1999-08-29
Filip Vasko,1999-08-11
Ladislav Almasi,1999-03-06
Keinan Davis,1998-02-13
Francisco Trincão,1999-12-29
Quentin Boisgard,1997-03-17
In-soo Yu,1994-12-28
Ross Sinclair,2001-05-07
Giorgi Kvernadze,2003-02-07
Joel Latibeaudiere,2000-01-06
Léo Pétrot,1997-04-15
Myron Boadu,2001-01-14
Immanuel Pherai,2001-04-25
Shurandy Sambo,2001-08-19
Thomas van den Belt,2001-06-18
Kenzo Goudmijn,2001-12-18
Enric Llansana,2001-04-12
Daan Reiziger,2001-06-18
Wouter Burger,2001-02-16
Bryan Mbeumo,1999-08-07
Jules Gaudin,2000-05-09
Aurélien Tchouaméni,2000-01-27
Sikou Niakaté,1999-07-10
James Justin,1998-02-23
Malek Fakhro,1997-12-14
Bekkhan Shayzada,1998-02-28
Dani Raba,1995-10-29
Kevin Yakob,2000-10-10
Ezri Konsa,1997-10-23
Allan Arigoni,1998-11-04
Giotto Morandi,1999-03-04
Óscar Pinchi,1996-01-17
Nikola Milenković,1997-10-12
Geovanni Banguera,1995-12-15
Jhon Lucumí,1998-06-26
David Okereke,1997-08-29
Duván Vergara,1996-09-09
Alex Muyl,1995-09-30
Keven Schlotterbeck,1997-04-28
John Björkengren,1998-12-09
Diego Valoyes,1996-09-22
Mohammed Abu Fani,1998-04-27
Leonardo Castro,1992-06-14
Jorge Obregón,1997-03-29
Jhon Velásquez,1995-05-02
Jordy Monroy,1996-01-03
Marshall Munetsi,1996-06-22
Ryo Hatsuse,1997-07-10
Mihail Caimacov,1998-07-22
Bruno Goda,1998-04-17
Yuki Kakita,1997-07-14
Taiki Hirato,1997-04-18
Koki Machida,1997-08-25
Abdelrahman Moustafa,1997-04-05
Bakery Jatta,1998-06-06
Satoki Uejo,1997-04-27
Trent Buhagiar,1998-02-27
Suphan Thongsong,1994-08-26
Mats Wieffer,1999-11-16
Hervé Koffi,1996-10-16
Keisuke Osako,1999-07-28
Ryotaro Ito,1998-02-06
Tomoya Wakahara,1999-12-28
Joaquín Ardaiz,1999-01-11
Alex Pinto,1998-07-08
Bruno Jordão,1998-10-12
José Martínez,1994-08-07
Walter Clar,1994-09-27
Konstantinos Mavropanos,1997-12-11
Joe Worrall,1997-01-10
Diego Barbosa,1996-09-25
David Tavares,1999-03-19
Julián Quiñones,1997-03-24
Axel Norén,1999-04-04
Youcef Atal,1996-05-17
Akram Tawfik,1997-11-08
Everton Camargo,1991-05-25
Vishal Kaith,1996-07-22
Chinglensana Singh,1996-11-23
Neofytos Michail,1993-12-16
Ragnar Ache,1998-07-28
Abdou Harroui,1998-01-13
Marios Tsaousis,2000-05-11
Giannis Nikopolidis,2000-12-08
Robin Wendin Thomasson,1999-03-26
Ramiz Zerrouki,1998-05-26
Soltmurad Bakaev,1999-08-05
Thierry Lutonda,2000-10-27
Keiller,1996-10-29
Danylo Sikan,2001-04-16
Ivan Zhelizko,2001-02-12
Ruslan Neshcheret,2002-01-22
Arnaud Bodart,1998-03-11
Jack Harrison,1996-11-20
Richie Laryea,1995-01-07
Rodrigo Saravia,1993-02-22
Keiya Shiihashi,1997-06-20
Thabiso Kutumela,1993-07-03
Uros Racic,1998-03-17
Hiroto Goya,1994-01-02
Kazunari Ichimi,1997-11-10
Juan David Ríos,1991-10-07
Tabrez Islomov,1998-06-06
Álvaro Valles,1997-07-25
Théo Leoni,2000-04-21
Joe Wollacott,1996-09-08
Vladimir Screciu,2000-01-13
Jovan Marković,2001-03-23
Masato Yuzawa,1993-10-10
Mikael Ugland,2000-01-24
Johan Hove,2000-09-07
Erik Botheim,2000-01-10
Erling Haaland,2000-07-21
Kristoffer Klaesson,2000-11-27
Kevin Krygård,2000-05-17
Markus Solbakken,2000-07-25
Hamza Rafia,1999-04-02
Lucas França,1996-01-19
Yahia Fofana,2000-08-21
Leroy Abanda,2000-06-07
Amine Gouiri,2000-02-16
Lenny Pintor,2000-08-05
Abdoulaye Sissako,1998-05-26
Peeradol Chamrasamee,1992-09-15
Simen Bolkan Nordli,1999-12-25
Rodrigo Bogarín,1997-05-24
Conor Coventry,2000-03-25
Vladyslav Supryaga,2000-02-15
Giorgi Tsitaishvili,2000-11-18
Oleksandr Klymets,2000-02-14
Igor Snurnitsyn,2000-03-07
Cristian Martínez,1997-02-06
Quang Hai Nguyen,1997-04-12
Thanh Chung Nguyen,1997-09-08
Gaddi Aguirre,1996-03-31
Mizuki Arai,1997-04-14
Veljko Birmancevic,1998-03-05
Mikhail Ignatov,2000-05-04
Elias Cobbaut,1997-11-24
Jasin Assehnoun,1998-12-26
Ivan Oblyakov,1998-07-05
Kevin Serapio,1996-04-09
Jesús Ramírez,1998-05-04
Jean-Philippe Mateta,1997-06-28
Caio Henrique,1997-07-31
Tom van de Looi,1999-07-02
Justin de Haas,2000-02-01
Lutsharel Geertruida,2000-07-18
Quinten Timber,2001-06-17
Jurriën Timber,2001-06-17
Worachit Kanitsribumphen,1997-08-24
Tiago Djaló,2000-04-09
Won-jin Jung,1994-08-10
Kang-hyun Yu,1996-04-27
Masaya Tashiro,1993-05-01
Jonah Ayunga,1997-05-24
George Hirst,1999-02-15
Simon Bammens,1998-05-16
Hugo Cuypers,1997-02-07
Dimitri Lavalée,1997-01-13
Vasilios Chatziemmanouil,1999-08-09
Daizen Maeda,1997-10-20
Kevin Londoño,1993-11-23
Adrián Parra,1997-01-16
Ivan Lomaev,1999-01-21
Subhasish Bose,1995-08-18
Joaquín Varela,1998-06-27
Richard Rentería,1996-02-19
Alexandru Pașcanu,1998-09-28
Ziyad Al-Sahafi,1994-10-17
Yota Maejima,1997-08-12
Kosuke Saito,1997-06-16
Hiromu Mitsumaru,1993-07-06
Samson Iyede,1998-01-28
Frank Onyeka,1998-01-01
Janner Corozo,1995-09-08
Patryk Szysz,1998-04-01
Keita Endo,1997-11-22
Danijel Sturm,1999-01-04
Nino Ziswiler,1999-10-23
Maren Haile-Selassie,1999-03-13
Matteo Di Giusto,2000-08-18
Yannick Toure,2000-09-29
Elia Caprile,2001-08-25
Andrés Gudiño,1997-01-27
Adrian Rus,1996-03-18
Maycon,1997-07-15
Faeez Khan,1992-09-24
Vaclav Drchal,1999-07-25
Damián Batallini,1996-06-24
Matías García,1995-11-11
Léo Ceará,1995-02-03
Nikola Katic,1996-10-10
Umut Güneş,2000-03-16
Muhammed Cham,2000-09-26
Jens Petter Hauge,1999-10-12
Aboubakary Koita,1998-09-20
Milton Valenzuela,1998-08-13
Sergiu Platica,1991-06-05
Javi Hernández,1998-05-02
Yusuke Segawa,1994-02-07
Daichi Tagami,1993-06-16
Keita Nakamura,1993-06-30
Cristian Tarragona,1991-04-09
Agustín Bouzat,1994-03-28
Stefán Teitur Thórdarson,1998-10-16
Mathis Suray,2001-07-26
Nicolas Raskin,2001-02-23
Matas Vareika,2000-01-27
Titas Milašius,2000-12-12
Roman Evgenjev,1999-02-23
Ghislain Konan,1995-12-27
Yhormar Hurtado,1996-12-14
Wessam Abou Ali,1999-01-04
Elias Sørensen,1999-09-18
Niklas Vesterlund,1999-06-06
Patrick Egelund,2000-08-02
Emil Frederiksen,2000-09-05
Anders Bærtelsen,2000-05-09
Mads Emil Madsen,1998-01-14
Victor Nelsson,1998-10-14
Halid Sabanovic,1999-08-22
Faber Gil,1995-03-14
Getsel Montes,1996-06-23
Barna Tóth,1995-03-13
Takuma Ominami,1997-12-13
Santiago Ascacíbar,1997-02-25
Martín Zubimendi,1999-02-02
Fran Beltrán,1999-02-03
Shamit Shome,1997-09-05
Francis Amuzu,1999-08-23
Bogdan Lednev,1998-04-07
Sava Petrov,1998-06-18
Luis Malagón,1997-03-02
Meschack Elia,1997-08-06
Luciano Gómez,1996-03-22
Billy Gilmour,2001-06-11
Nicky Hogarth,2001-07-04
Robbie Deas,2000-02-27
Nathan Patterson,2001-10-16
Danny Finlayson,2001-01-19
Rustam Yatimov,1998-07-13
Nahuel Molina,1998-04-06
Joaquín Pereyra,1998-12-01
Rodrigo Aliendro,1991-02-16
Mathias Pereira Lage,1996-11-30
Alphonso Davies,2000-11-02
Tomas Zlatohlavek,2000-05-22
Andrei Vlad,1999-04-15
Alexis Vega,1997-11-25
Zhengyu Huang,1997-01-24
Omar Richards,1998-02-15
Zhen Wei,1997-02-12
Lucas Merolla,1995-06-27
Amar Sejdić,1996-11-29
José Luis Rodríguez,1998-06-19
Tianyi Gao,1998-07-01
Matt Turner,1994-06-24
Matty Cash,1997-08-07
Raul Palmeș,1996-08-16
Diego Palacios,1999-07-12
Lallianzuala Chhangte,1997-08-06
Nikola Stevanovic,1998-09-13
Aleks Ławniczak,1999-05-05
Gabriel Cléùr,1998-01-31
Jurica Prsir,2000-05-29
Bojan Kovacevic,1996-04-28
Ryan Yates,1997-11-21
Jakub Kiwior,2000-02-15
Han-do Lee,1994-03-16
Byeong-keun Hwang,1994-06-14
Ben Brereton Díaz,1999-04-18
Gun-hee Kim,1995-02-22
Jong-woo Kim,1993-10-01
Rodrigo Conceição,2000-01-02
Melle Meulensteen,1999-07-04
Christian Rivera,1996-01-14
Anderson Arroyo,1999-09-27
Tom Lowery,1997-12-31
Joaquín Novillo,1998-02-19
Imanol González,1998-01-06
Francisco Romero,1999-03-08
Pedro Gonçalves,1998-06-28
Supachok Sarachat,1998-05-22
Yoshitake Suzuki,1998-07-06
Ryotaro Meshino,1998-06-18
Marian Aioani,1999-11-07
Je-woon Yeon,1994-08-28
Ekanit Panya,1999-10-21
Abubeker Sani,1997-11-12
Jari De Busser,1999-10-21
Olivier Mbaizo,1997-08-15
Mohammed Sawlah,1993-07-29
Vane Jovanov,1998-12-28
Supachai Chaided,1998-12-01
Alimi Sikiru,1996-03-23
Bagdat Kairov,1993-04-27
Édgar Zaldívar,1996-10-17
Alex Tamm,2001-07-24
Aaron Ramsdale,1998-05-14
Zuriko Davitashvili,2001-02-15
Kian Ronan,2001-03-09
Josua Mejías,1998-06-09
Thanawat Suengchitthawon,2000-01-08
Matthias Phaëton,2000-01-08
Pijus Širvys,1998-04-01
Michal Kohút,2000-06-04
Brandon Austin,1999-01-08
August Erlingmark,1998-04-22
Riley McGree,1998-11-02
Tomas Ostrák,2000-02-05
Anfernee Dijksteel,1996-10-27
Peter Therkildsen,1998-06-13
Boy Kemper,1999-06-21
Lewis Ferguson,1999-08-24
Jann Benjaminsen,1997-03-02
Mattias Lamhauge,1999-08-02
Denis Ciobotariu,1998-06-10
Bogdan Kushnirenko,1995-11-02
Min-ki Lee,1993-05-19
In-jae Hwang,1994-04-22
Ronald Hernández,1997-09-21
Vitão,2000-02-02
Alan,2000-03-08
Kevin Mac Allister,1997-11-07
Stéphane Diarra,1998-12-09
Kazu,2000-03-18
Morgan Gibbs-White,2000-01-27
James Pantemis,1997-02-21
Stefan Sapic,1997-02-26
Mark McKenzie,1999-02-25
Kyle Smith,1992-01-09
Jordan Holsgrove,1999-09-10
Elvir Durakovic,2000-02-07
Marco Farfán,1998-11-12
Salah Al-Yahyaei,1998-08-17
Olimpiu Moruțan,1999-04-25
Yared Baye,1995-01-22
Tomás Molina,1995-04-12
Jung-in Moon,1998-03-16
Tae-wook Jeong,1997-05-16
You-hyeon Lee,1997-02-08
Chi-in Jeong,1997-08-21
Du-jae Won,1997-11-18
Samuel Kozlovsky,1999-11-19
Geon-ung Kim,1997-08-29
Armin Djerlek,2000-07-15
Luka Ilic,1999-07-02
Ansgar Knauff,2002-01-10
Maxim De Cuyper,2000-12-22
Teenage Hadebe,1995-09-17
Jørgen Strand Larsen,2000-02-06
Tiago Dantas,2000-12-24
Jordi Cortizo,1996-06-30
Phitiwat Sookjitthammakul,1995-02-01
Ulrik Mathisen,1999-01-18
Nicholas Mickelson,1999-07-24
Michal Sacek,1996-09-19
Yegor Nazaryna,1997-07-10
Shinnaphat Leeaoh,1997-02-02
Hans Nicolussi Caviglia,2000-06-18
Andrew Irving,2000-05-13
Gevorg Tarakhchyan,2002-03-15
Issam El Maach,2000-02-01
Vladimir Khubulov,2001-03-02
Edgar Sevikyan,2001-08-08
Artūr Dolžnikov,2000-06-06
Sam Kersten,1998-01-30
Carl Gustafsson,2000-03-18
Peter Gwargis,2000-09-04
Cristian Neguț,1995-12-09
Ali Saleh,2000-01-22
Ren Komatsu,1998-09-10
Carlos Protesoni,1998-03-30
Christian Lopez,2001-02-10
Nathan Trott,1998-11-21
Mateusz Bogusz,2001-08-22
Sebastián Córdova,1997-06-12
Roberto Massimo,2000-10-12
Bosko Sutalo,2000-01-01
Miguel Barbieri,1993-08-24
Maksim Petrov,2001-01-18
Bautista Merlini,1995-07-04
Zhirayr Shaghoyan,2001-04-10
Dejan Kulusevski,2000-04-25
Ola Solbakken,1998-09-07
Moisés Villarroel,1998-09-07
Aziz Ganiev,1998-02-22
Bobur Abdikholikov,1997-04-23
Nicolò Fagioli,2001-02-12
Roberto Piccoli,2001-01-27
Aleksandr Chernikov,2000-02-01
Japa,2004-01-02
Igor Jesus,2001-02-25
Luan Cândido,2001-02-02
Marcos López,1999-11-20
Kevin Ortega,2002-01-04
Héctor Holguín,2001-04-24
Diego Medina,2001-03-12
Márton Dárdai,2002-02-12
Shioki Takayama,2001-06-13
Zion Suzuki,2002-08-21
Taichi Yamasaki,2001-01-08
Soma Meshino,2001-05-20
Fuki Yamada,2001-07-10
Rihito Yamamoto,2001-12-12
Noah Kenshin Browne,2001-05-27
Jun Nishikawa,2002-02-21
Hami Syahin,1998-11-16
Tien Linh Nguyen,1997-10-20
Nur Ikhwan Othman,1993-01-15
Yura Indera Putera,1996-03-25
Takuya Uchida,1998-06-02
Yuriy Kopyna,1996-07-04
Luca Philipp,2000-11-28
Lars Olden Larsen,1998-09-17
Harald Tangen,2001-01-03
Joshua Kitolano,2001-08-03
Sander Christiansen,2001-04-29
Edvard Tagseth,2001-01-23
Jair Tavares,1994-08-03
Ivan Brnic,2001-08-23
Toni Fruk,2001-03-09
Fabrício Bruno,1996-02-12
Deroy Duarte,1999-07-04
Luka Maric,2002-07-19
John Victor,1996-02-13
Raphael Veiga,1995-06-19
Andreas Skov Olsen,1999-12-29
Youssef En-Nesyri,1997-06-01
Dal Varesanovic,2001-05-23
Joshua Oluwayemi,2001-03-13
Bukayo Saka,2001-09-05
Tino Anjorin,2001-11-23
Tommy Doyle,2001-10-17
Curtis Jones,2001-01-30
Jorge García,2002-01-22
Corrie Ndaba,1999-12-25
Alessio Zerbin,1999-03-03
Hubert Sobol,2000-06-25
José Murillo,1995-02-24
Ryan Bolaños,1998-12-19
Benjamin Kimpioka,2000-02-21
Tuomas Ollila,2000-04-25
Tariq Kazi,2000-10-06
Anssi Suhonen,2001-01-14
Yudai Konishi,1998-04-18
Fermín Antonini,1997-07-02
Kevin Felida,1999-11-11
Benny Díaz,1998-12-15
Tudor Băluță,1999-03-27
Adrian Șut,1999-04-30
Sam Beukema,1998-11-17
Ethan Galbraith,2001-05-11
Jakub Kadák,2000-12-14
Martin Moormann,2001-04-30
Tobias Koch,2001-04-06
Matthäus Taferner,2001-01-30
Leo Greiml,2001-07-03
Alexander Prass,2001-05-26
Gard Simenstad,1999-04-12
Adam Idah,2001-02-11
Maxence Lacroix,2000-04-06
Lazar Nikolic,1999-08-01
Sofiane Alakouch,1998-07-29
Nikola Krstović,2000-04-05
Benjamin Van Durmen,1997-03-20
Michele Collocolo,1999-11-08
Mihael Zaper,1998-08-11
Sami Al-Najei,1997-02-07
Cody Gakpo,1999-05-07
Ronaldo Vieira,1998-07-19
Jakov Blagaic,2000-02-08
Alexandru Pop,2000-02-01
Toyosi Olusanya,1997-10-14
Álex Sola,1999-06-09
Romel Morales,1997-08-23
Facundo Cambeses,1997-04-09
Sultan Al-Ghannam,1994-05-06
Callum Styles,2000-03-27
Nyiko Mobbie,1994-09-11
Ali Emre Yanar,1998-05-15
Bruno Pacheco,1991-12-08
Béni Nkololo,1996-11-06
Ardian Ismajli,1996-09-30
Giorgi Zaria,1997-07-14
Capixaba,1997-01-09
Giannis Kosti,2000-03-17
Mehmed Cosic,1997-06-25
Matheus Jesus,1997-04-10
Luiz Araújo,1996-06-02
Artur,1996-03-11
Alimami Gory,1996-08-30
Bambo Diaby,1997-12-17
Christoffer Petersen,1997-10-20
Jonatan Braut Brunes,2000-08-07
Cristopher Núñez,1997-12-08
Joshua Zirkzee,2001-05-22
Andrei Cordea,1999-06-24
Charles De Ketelaere,2001-03-10
Kilian Fischer,2000-10-12
Alasana Manneh,1998-04-08
Lazare Amani,1998-03-07
Ronan Hale,1998-09-08
Ramon Hendriks,2001-07-18
Mihai Eșanu,1998-07-25
Nouhou,1997-06-23
Keletso Makgalwa,1997-01-03
Teboho Mokoena,1997-01-24
Sipho Mbule,1998-03-22
Dmytro Shcherbak,1996-12-08
Mathías Villasanti,1997-01-24
Giannis Kotsiras,1992-12-16
Darren Ríos,1995-10-14
Henrik Udahl,1997-01-12
Motohiko Nakajima,1999-04-18
Ivan Dyulgerov,1999-07-15
Jesse Sekidika,1996-07-14
Ahmed Reshid,1994-12-22
James Brown,1998-06-04
Sander Kartum,1995-10-03
Kevin O'Toole,1998-12-14
Dalibor Velimirovic,2001-02-13
Abdullah Al-Khaibari,1996-08-16
Oussama Benbout,1994-10-11
Maximiliano Falcón,1997-05-01
Santiago Bueno,1998-11-09
Caolan Boyd-Munce,2000-01-26
Bruno Tabata,1997-03-30
Soslan Kagermazov,1996-08-20
Ion Nicolaescu,1998-09-07
Victor Stina,1998-03-20
Nattapong Sayriya,1992-04-26
Daniel Fuzato,1997-07-04
Amirul Adli Azmi,1996-01-13
Nicolás Benegas,1996-03-01
Pedro Silva Torrejón,1997-01-25
Marcão,1996-06-05
Matías Viña,1997-11-09
Yeison Murillo,1989-11-15
Lucas Di Yorio,1996-11-22
Sydney van Hooijdonk,2000-02-06
João Figueiredo,1996-05-27
Bendegúz Bolla,1999-11-22
Santiago Rodríguez,1997-08-23
Gaizka Larrazabal,1997-12-17
Liam Scales,1998-08-08
Emanuel Reynoso,1995-11-16
Fernando Juárez,1998-08-23
Nahuel Bustos,1998-07-04
Kevin Quevedo,1997-02-22
Dayne St. Clair,1997-05-09
Oskari Kekkonen,1999-09-24
John Yeboah,2000-06-23
Yair Arismendi,1998-04-05
Sodai Hasukawa,1998-06-27
Facundo Cobos,1993-02-19
Bryan Reyna,1998-08-23
Martin Tangen Vinjor,1999-09-29
Adrián Spörle,1995-07-13
Gonzalo Escobar,1997-03-16
César Blackman,1998-04-02
Suphanan Bureerat,1993-10-10
Tim Freriks,1998-10-02
Nelson Viegas,1999-12-24
Nathan Silva,1997-05-06
Oğulcan Ülgün,1998-05-11
Nemanja Tosic,1997-01-23
Nemanja Milojevic,1998-02-23
Marko Saric,1998-11-28
Nicolás Talpone,1996-04-09
Antoine Colassin,2001-02-26
Sander Moen Foss,1998-12-31
Martín Ojeda,1998-11-27
Lucas Masoero,1995-02-01
Valentin Rosier,1996-08-19
Abdulrahman Al-Oboud,1995-06-01
Thijs Oosting,2000-05-02
Guido Mainero,1995-03-23
Ronaldo Vásquez,1999-06-30
Mateo Ramírez,1995-01-18
Mateo García,1996-09-10
Mathias Fixelles,1996-08-11
Nicolás Sansotre,1993-09-08
Alex Petkov,1999-07-25
Gonzalo Maroni,1999-03-18
Claudio Bravo,1997-03-13
Maximiliano Lovera,1999-03-09
Carlos Valenzuela,1997-04-22
Daniel Boloca,1998-12-22
Martín Távara,1999-03-25
Gianfranco Chávez,1998-08-10
Joel Waterman,1996-01-24
Jarvey Gayoso,1997-02-11
Filip Krstic,1997-08-29
Abdessalem Hallaoui,1989-06-28
Leopold Wahlstedt,1999-07-04
Yann Bisseck,2000-11-29
Leon Klassen,2000-05-29
Erick Otieno,1996-09-27
Matija Jesenovic,1997-12-19
Maximiliano Salas,1997-12-01
Ethan Pinnock,1993-05-29
Georgi Rusev,1998-07-02
Tomas Totland,1999-09-28
Sondre Liseth,1997-09-30
José Carlos Martinez,1997-10-10
Edouard Mendy,1992-03-01
Houboulang Mendes,1998-05-04
Francisco González Metilli,1997-03-29
Ylber Ramadani,1996-04-12
Fernandinho,1997-07-19
Kay Tejan,1997-02-03
Martin Terrier,1997-03-04
Patrick Osterhage,2000-02-01
Jorge Gutiérrez,1998-09-01
Angelo Stiller,2001-04-04
James Scott,2000-08-30
Bence Ötvös,1998-03-13
David Skubl,2001-09-18
Alaa Hejji,1995-12-03
Eliel Peretz,1996-11-18
Milan Lazarevic,1997-01-10
Alexis Maldonado,1997-09-02
Michael Obafemi,2000-07-06
Will Smallbone,2000-02-21
Hirokazu Ishihara,1999-02-26
Youssef El Kachati,1999-11-09
Lamin Jawo,1995-03-15
Luciano Sánchez,1994-01-25
Lucas Paquetá,1997-08-27
Krisjanis Zviedris,1997-01-25
Iker Pozo,2000-08-06
Rodrigues,1997-10-10
Emanuele Valeri,1998-12-07
Ricardo Henning,2000-09-22
Heri Tavares,1997-02-19
Siyabonga Ngezana,1997-07-15
Gift Links,1998-10-02
Cem Üstündag,2001-01-20
Kevin Csoboth,2000-06-20
Omar Marmoush,1999-02-07
Santiphap Channgom,1996-09-23
Ryan Porteous,1999-03-25
Juan Manuel Sanabria,2000-03-29
Shaquille Pinas,1998-03-19
Vitaliy Chebotaryov,1996-02-07
Daan Heymans,1999-06-15
Erik Prekop,1997-10-08
Lewis Smith,2000-03-16
Ivan Mamut,1997-04-30
Nauris Petkevičius,2000-02-19
Maksim Vityugov,1998-02-01
Saranon Anuin,1994-03-24
Hamza Mendyl,1997-10-21
Jason Vega,1995-11-06
Rafał Strączek,1999-02-12
Gedeon Guzina,1993-12-26
Dagur Dan Thórhallsson,2000-05-02
Raghed Al-Najjar,1996-09-20
Gabriel Simion,1998-05-22
Douglas Luiz,1998-05-09
Jannes Wieckhoff,2000-08-02
Oier Luengo,1997-11-11
Giannis Papanikolaou,1998-11-18
Amir Saipi,2000-07-08
Jessic Ngankam,2000-07-20
Josha Vagnoman,2000-12-11
Bilal Hussein,2000-04-22
Daniel Håkans,2000-10-26
Ramy Najjarine,2000-04-23
Alan Medina,1997-08-19
Jovane Cabral,1998-06-14
Jefferson Encada,1998-04-17
André Franco,1998-04-12
Magnus Jensen,1996-10-27
Javi Galán,1994-11-19
Yehvann Diouf,1999-11-16
Michael Lansing,1994-06-13
Diant Ramaj,2001-09-19
Maksym Grysyo,1996-05-14
Emmanuel Dennis,1997-11-15
Igor Kogut,1996-03-07
Andriy Lyashenko,1998-06-11
Kristers Tobers,2000-12-13
Enea Mihaj,1998-07-05
Maksim Glushenkov,1999-07-28
Yuriy Gorshkov,1999-03-13
Warren O'Hora,1999-04-19
Oleg Bilyk,1998-01-11
Junior Messias,1991-05-13
Amir Mokhammad,1996-02-23
David Davidyan,1997-12-14
Lucien Dähler,2001-03-22
Raul Florucz,2001-06-10
Marcel Köstenbauer,2001-08-26
Loris Mettler,1998-12-14
Josias Lukembila,1999-09-09
Cameron Puertas,1998-08-18
Isaac Schmidt,1999-12-07
Hazem Ahmed,1998-02-02
Egor Golenkov,1999-07-07
Alejandro Catena,1994-10-28
Jean-Ricner Bellegarde,1998-06-27
Mohammad Naderi,1996-10-05
Gaius Makouta,1997-07-25
José Cifuentes,1999-03-12
Ortwin De Wolf,1997-04-23
Moisés Ramírez,2000-09-09
Billy Arce,1998-07-12
Angelo Preciado,1998-02-18
Antonio Bosec,1997-08-28
Sebastián Jurado,1997-09-28
Dylan Bronn,1995-06-19
Vasilios Xenopoulos,1998-05-20
Ali McCann,1999-12-04
Benny,1997-12-04
Khuliso Mudau,1995-04-26
Tanguy Ndombélé,1996-12-28
Ross Sykes,1999-03-26
Jesper Isaksen,1999-10-13
Chalermsak Aukkee,1994-08-25
Bandar Nasser,1990-03-14
Damian Hilbrycht,1998-05-19
David Volk,2001-04-11
Dominik Szoboszlai,2000-10-25
Kennedy Boateng,1996-11-29
Ionuț Rădescu,1995-03-20
Rigoberto Rivas,1998-07-31
Fabian Rohner,1998-08-17
Can Keleş,2001-09-02
Vasilios Grosdis,2002-01-17
Christos Tzolis,2002-01-30
Brandon Thomas-Asante,1998-12-29
Oleksandr Pyatov,1996-07-28
Abdul Mumin,1998-06-06
Keaton Parks,1997-08-06
David Nemeth,2001-03-18
Ahmed Kutucu,2000-03-01
Endrick,1995-03-07
Aleksandar Cirkovic,2001-09-21
Joedrick Pupe,1997-06-04
Robert Voloder,2001-05-09
Maciej Ambrosiewicz,1998-05-24
Paul Komposch,2001-05-13
Dardan Shabanhaxhaj,2001-04-23
Junior Adamu,2001-06-06
David Affengruber,2001-03-19
Ismajl Beka,1999-10-31
Bruny Nsimba,2000-04-05
Alexander Bah,1997-12-09
Jordan Smith,1994-12-08
Alexis Gamboa,1999-03-20
Mehdi Merghem,1997-07-19
Ibrahim Al-Shuail,1994-11-21
Anthony Caci,1997-07-01
José Sagredo,1994-03-10
Koen Kostons,1999-09-18
Wiktor Długosz,2000-07-01
Sipho Chaine,1996-12-14
Jorge Segura,1997-01-18
Patryk Makuch,1999-04-11
Ben Voll,2000-12-09
Justin Heekeren,2000-11-27
Valentin Gheorghe,1997-02-14
Benedict Hollerbach,2001-05-17
Scott Wara,1999-09-22
Galeno,1997-10-22
Gabriel Neves,1997-08-11
Jorge Benguché,1996-05-21
Killian Sardella,2002-05-02
Adrian Benedyczak,2000-11-24
Hamza Ben Abda,1995-03-14
Mohamed Amine Ben Hamida,1995-12-15
Orkun Kökçü,2000-12-29
Peter Urminsky,1999-05-24
Róbert Boženík,1999-11-18
José Rosales,1993-06-24
Matías Cóccaro,1997-11-15
Christian Manrique,1998-10-02
Alex Timossi Andersson,2001-01-19
Carlos Melgar,1994-11-04
András Schäfer,1999-04-13
Arsen Adamov,1999-10-20
Emil Kornvig,2000-04-28
Willum Thór Willumsson,1998-10-23
Jorge de Frutos,1997-02-20
Mehdi Tikdari,1996-06-13
Nando Pijnaker,1999-02-25
Nick Woltemade,2002-02-14
Nikita Motpan,2001-07-17
Stefan Jovanovic,1994-04-07
Milos Spasic,1997-07-29
Jan Olschowsky,2001-11-18
Leroy Jennings,1998-03-03
Brandon Servania,1999-03-12
Enrique Serje,1996-01-10
Filip Cihak,1999-07-10
Dominik Plechaty,1999-04-18
Ellery Balcombe,1999-10-15
Eder González,1997-01-07
John Koutroumbis,1998-03-06
Marcelino Moreno,1995-06-25
Esequiel Barco,1999-03-29
Maksim Sidorov,1998-03-18
Ewerton,1996-12-28
Leonardo Morales,1991-04-11
Simon Janssen,2000-09-25
Marko Rakonjac,2000-04-25
Norberto Briasco,1996-02-29
Lucas Robertone,1997-03-18
Juan Manuel García,1992-11-14
Derry Murkin,1999-07-27
Vincentas Šarkauskas,1999-08-11
Samuele Mulattieri,2000-10-07
Agustín Canobbio,1998-10-01
Ricardo Rivera,1997-04-17
Vasilios Athanasiou,1999-07-24
Renzo Tesuri,1996-06-07
Gabriel Strefezza,1997-04-18
Alessandro Di Pardo,1999-07-18
Tijjani Noslin,1999-07-07
Jovo Lukić,1998-11-28
Mohamed Konaté,1997-12-12
Ensar Kemaloğlu,1998-10-05
Takahiro Ko,1998-04-20
Luiz Felipe,1997-03-22
Theodoros Venetikidis,2001-02-20
Lucas Lund,2000-03-19
Gustav Nordh,2000-05-28
Rodrigo Fernández Cedrés,1996-01-03
Marin Pilj,1996-12-03
Jae-woo Kim,1998-02-06
Jack Taylor,1998-06-23
Everton Galdino,1997-03-17
Visar Bekaj,1997-05-24
Arbër Hoxha,1998-10-06
Nikita Kakkoev,1999-08-22
Joshua Zimmerman,2001-05-23
José Rivera,1997-05-08
Tobias Børkeeiet,1999-04-18
Mauro Da Luz,1994-09-05
Tunmise Sobowale,1999-03-19
Robson Bambu,1997-11-12
Tommy St. Jago,2000-01-03
Viktor Bergh,1999-07-26
Jan Hurtado,2000-03-05
Marco Brescianini,2000-01-20
Nicolò Cambiaghi,2000-12-28
Markus Johnsgård,1998-11-02
Franco Negri,1995-02-20
Iván Gómez,1997-02-28
Tore André Sørås,1998-06-18
Cucho Hernández,1999-04-20
Eddie Segura,1997-02-02
Jorman Campuzano,1996-04-30
Andrea Cambiaso,2000-02-20
Eddie Salcedo,2001-10-01
Patrizio Masini,2001-01-27
Marco Carnesecchi,2000-07-01
Sébastian Breza,1998-03-15
Gennaro Borrelli,2000-03-10
Furkan Bekleviç,1999-01-31
Moritz Jenz,1999-04-30
Harrinson Mancilla,1991-12-22
Soufiane Jebari,1995-02-24
Jeremy Ebobisse,1997-02-14
Matija Malekinusic,1999-01-27
Garissone Innocent,2000-04-16
Antoine Makoumbou,1998-07-18
Jaen Pineda,1997-09-17
Ilian Iliev,1999-08-20
Ignacio Tapia,1999-02-22
Anton Tanghe,1999-01-28
Maxime Soulas,1999-05-19
Tijjani Reijnders,1998-07-29
Uran Bislimi,1999-09-25
Filip Djukic,1999-08-06
Morten Hjulmand,1999-06-25
Oleg Reabciuk,1998-01-16
Michał Król,2000-03-14
Issiar Dramé,1999-02-16
Théo Ndicka,2000-04-20
Estéban Lepaul,2000-04-18
Iván Morales,1999-07-29
Rodrigo Riquelme,2000-04-02
Gustavo Assunção,2000-03-30
Tyrone Owusu,1999-03-05
Oleksandr Petrusenko,1998-03-26
Maksym Melnychuk,1999-09-18
Bogdan Biloshevskyi,2000-01-12
Nair Tiknizyan,1999-05-12
Juan Berrocal,1999-02-05
Calvin Bassey,1999-12-31
João Silva,1999-01-14
Nuno Moreira,1999-06-16
Tomás Silva,1999-10-15
Daniel Bragança,1999-05-27
Kartal Yılmaz,2000-11-04
Abdulsamed Abdullahi,1997-01-19
Bert Esselink,1999-08-16
Nicolás Fonseca,1998-10-19
Elayis Tavsan,2001-04-30
Arjen van der Heide,2001-11-19
Farukh Choudhary,1996-11-08
Georgios Kornezos,1998-02-23
Abdullah Khateeb,1995-03-12
Jeider Riquett,1990-05-10
João Félix,1999-11-10
Fabian de Keijzer,2000-05-10
Mostafa Mohamed,1997-11-28
Franz Stolz,2001-02-14
Zakaria Bouhalfaya,1997-08-11
Naoufel Khacef,1997-10-27
Tayyip Talha Sanuç,1999-12-17
Gustav Isaksen,2001-04-19
Mads Bidstrup,2001-02-25
Mads Larsen,2001-09-20
Nikolas Dyhr,2001-06-18
Oliver Villadsen,2001-11-16
Dmitrijs Zelenkovs,2000-05-15
Benjamín Garré,2000-07-11
Wagane Faye,1993-11-20
Daniel Bielica,1999-04-30
Faiq Haciyev,1999-05-22
Joel Graterol,1997-05-15
Víctor Cabezas,1997-11-02
Kjell Scherpen,2000-01-23
Edoardo Colombo,2001-01-24
Lucas Chevalier,2001-11-06
Guillaume Dietsch,2001-04-17
Benoît Badiashile,2001-03-26
Bafodé Diakité,2001-01-06
Loïc Mbe Soh,2001-06-13
Yann Gboho,2001-01-14
Khéphren Thuram,2001-03-26
Willem Geubbels,2001-08-16
Oumar Solet,2000-02-07
Antoine Baroan,2000-06-24
Christian Makoun,2000-03-05
Mardochée Nzita,2000-02-24
Marc Leonard,2001-12-19
Oleksandr Demchenko,1996-02-13
Lucas Lissens,2001-07-25
Imad Rondic,1999-02-16
Lindrit Kamberi,1999-10-07
Filip Stojilkovic,2000-01-04
Aleksandr Sobolev,1997-03-07
Vojtech Patrak,2000-03-18
Jiri Boula,1999-04-08
Ion Gurău,1999-03-27
Tommi Jyry,1999-08-16
Josip Mitrovic,2000-06-11
Diego Sosa,1997-07-28
Elías Ólafsson,2000-03-11
Ekrem Kılıçarslan,1997-08-22
Brynjólfur Willumsson,2000-08-12
Andri Fannar Baldursson,2002-01-10
Kolbeinn Thórdarson,2000-03-12
Stefán Ingi Sigurdarson,2001-01-27
Filip Schyberg,1999-03-10
Daniel Dumbravanu,2001-07-22
Rasmus Sandberg,2001-04-23
Torbjørn Heggem,1999-01-12
Håkon Butli Hammer,2000-03-28
Teodor Berg Haltvik,2000-04-09
Giannis Michailidis,2000-02-18
Theocharis Tsingaras,2000-08-20
Zisis Chatzistravos,1999-12-16
Maksims Tonisevs,2000-05-12
Tobias Anker,2001-03-06
Casper Tengstedt,2000-06-01
Bruno Bogojevic,1998-06-29
Pansa Hemviboon,1990-07-08
Manato Shinada,1999-09-19
Daniel Kozma,1995-08-26
Artur Crăciun,1998-06-29
Sava-Arangel Cestic,2001-02-19
Christian Rontini,1999-07-20
Tomás Romero,2000-12-19
Ismael Casas,2001-03-07
Juande Rivas,1999-07-07
Richonell Margaret,2000-09-07
Nuraly Alip,1999-12-22
Kemar Reid,1994-08-15
Djordje Petrovic,1999-10-08
Luka Zoric,1998-08-02
Dimitrije Kamenovic,2000-07-16
Stipe Juric,1998-11-19
Daniel Thøgersen,2000-01-08
Halil Dervişoğlu,1999-12-08
Miguel Ortega,1995-04-13
Edgar Elizalde,2000-02-27
Mauro Silveira,2000-05-06
Élie Youan,1999-04-07
Jayden Bogle,2000-07-27
Alan Rodríguez,2000-01-25
Brian Rodríguez,2000-05-20
Facundo Torres,2000-04-13
Mattéo Guendouzi,1999-04-14
Stefan Bajic,2001-12-23
Marcin Bulka,1999-10-04
Ahmed Fatouh,1998-03-22
Ander Guevara,1997-07-07
Bojica Nikcevic,2000-02-04
Milutin Vidosavljevic,2001-02-21
Ayoub El Hmidi,2000-09-30
Tebogo Tlolane,1994-12-21
Juan Brunetta,1997-05-12
Nahuel Ferraresi,1998-11-19
Andrei Dumiter,1999-04-10
Ismaila Soro,1998-05-07
Arnau Tenas,2001-05-30
Eric García,2001-01-09
Sergi Altimira,2001-08-25
Adrián Bernabé,2001-05-26
Nico González,2002-01-03
Adrià Altimira,2001-03-28
Konrad de la Fuente,2001-07-16
Ansu Fati,2002-10-31
Artur Shushenachev,1998-04-07
Mahmoud Jaber,1999-10-05
Arbnor Mucolli,1999-09-15
Kasper Jørgensen,1999-11-07
Andriy Kozhukhar,1999-07-20
Oleksandr Safronov,1999-06-11
Viktor Korniyenko,1999-02-14
Yukhym Konoplya,1999-08-26
Omir Fernandez,1999-02-08
Rocco Reitz,2002-05-29
Malik Tillman,2002-05-28
Armel Bella-Kotchap,2001-12-11
Luke Le Roux,2000-03-10
Lyle Foster,2000-09-03
Cristian Cásseres Jr.,2000-01-20
Youssoufa Moukoko,2004-11-20
Saringkan Promsupa,1997-03-29
Apisit Sorada,1997-02-28
Samuele Ricci,2001-08-21
Miles Robinson,1997-03-14
Theodoros Tsirigotis,2000-06-23
Dimitris Emmanouilidis,2000-10-24
Boris Singh,2000-01-03
Suresh Singh,2000-08-07
Apuia,2000-10-17
Félix Torres,1997-01-11
Daniel Bîrligea,2000-04-19
Joe Aribo,1996-07-21
Cleiton,1997-08-19
Luke McCowan,1997-12-09
Shaocong Wu,2000-03-20
Qianglong Tao,2001-11-20
Marcos Antônio,2000-06-13
Lucas Halter,2000-05-02
Rodrigo Nestor,2000-08-09
Lucas Rosa,2000-04-03
Bobsin,2000-01-12
Rúben Ismael,1999-03-25
Kassim M'Dahoma,1997-01-26
Daniel Ting,1992-01-12
Daniel Peretz,2000-07-10
Or Blorian,2000-03-07
Malcom Edjouma,1996-10-08
Dinmukhammed Kashken,2000-01-04
Alvis Jaunzems,1999-06-16
Nathan Collins,2001-04-30
Eduard Atuesta,1997-06-18
Liberato Cacace,2000-09-27
Dominik Hasek,1998-07-19
Habib Al-Watyan,1996-08-08
Yvan Neyou,1997-01-03
Zan Trontelj,2000-01-21
Žan Kolmanič,2000-03-03
Dusan Stojinovic,2000-08-26
Tamar Svetlin,2001-07-30
David Zec,2000-01-05
Gerardo Arteaga,1998-09-07
Nikola Vukajlovic,1996-05-13
Lucas Bruera,1997-10-19
Agustín Cardozo,1997-05-30
Gastón Suso,1991-03-12
Marcos Senesi,1997-05-10
Nicolas Hansen,2001-07-10
Michael Collodi,2001-05-25
Berkan Kutlu,1998-01-25
David Neres,1997-03-03
Ian Hoffmann,2001-09-08
Leonardo Sepúlveda,2001-06-18
Indiana Vassilev,2001-02-16
Majid Aliyari,1996-03-02
Philip Aukland,1998-12-30
Noah Katterbach,2001-04-13
Kyosuke Tagawa,1999-02-11
Kastriot Imeri,2000-06-27
André Barrela,2001-01-22
Christopher Operi,1997-04-29
Salah Mohsen,1998-09-01
Khaled Al-Sumairi,1997-01-01
Ransford Königsdörffer,2001-09-13
Teruki Hara,1998-07-30
Dennis Politic,2000-03-05
Christos Sielis,2000-02-02
Andreas Katsantonis,2000-02-16
Juan Bauzá,1996-05-03
Mateusz Zukowski,2001-11-23
Edwuin Cetré,1998-01-01
Kenneth Taylor,2002-05-16
Hanus Sørensen,2001-02-19
Bjarti Mørk,2001-06-07
Leighton Clarkson,2001-10-19
Brennan Johnson,2001-05-23
Denis Genreau,1999-05-21
Zlatan Sehovic,2000-08-08
Svetozar Markovic,2000-03-23
Ivan Ilić,2001-03-17
Boris Popović,2000-02-26
Radivoj Bosic,2000-12-01
Neta Lavi,1996-08-25
Niklas Tauer,2001-02-17
Abdennour Iheb Belhocini,1996-08-18
Sam Sutton,2001-12-10
Luis Binks,2001-09-02
Marvin Pieringer,1999-10-04
Daniel Eid,1998-10-14
Rei Hirakawa,2000-04-20
Zakhar Volkov,1997-08-12
Dominik Takac,1999-01-12
Alfie McCalmont,2000-03-25
Mirco De Angelis,2000-03-03
Noah James,2001-02-14
Zaydou Youssouf,1999-07-11
David Hrncar,1997-12-10
Gabriel Rojas,1997-06-22
Nicolás Zalazar,1997-01-29
Majid Rashid,2000-05-16
Emmanuel Ojeda,1997-11-05
Alessandro Tosi,2001-04-28
Samuel Pancotti,2000-10-31
Max Aarons,2000-01-04
Walid Azaro,1995-06-11
Jimmy Kaparos,2001-12-25
Oliver Christensen,1999-03-22
Alfie Agyeman,2000-03-15
Brian García,1997-10-31
Jan Thielmann,2002-05-26
Odilzhon Abdurakhmanov,1996-03-18
Reece James,1999-12-08
Joel Guillén,2001-08-28
Logi Tómasson,2000-09-13
Kevin Schade,2001-11-27
Eric Vales,2000-08-18
Brian Brobbey,2002-02-01
Frank Boya,1996-07-01
Muhammad Shaban,1997-01-01
Soksela Keo,1997-08-01
Sodavid In,1998-07-02
Safawi Rasid,1997-03-05
Jesús Ferreira,2000-12-24
Van Thanh Vu,1996-04-14
Carlos Cuesta,1999-03-09
Andrés Sarmiento,1998-01-15
Juan Diego Giraldo,1997-07-20
José Palacios,1996-12-27
Hugo Magnetti,1998-05-30
Iván Rojas,1997-07-24
Santiago Jiménez,1998-03-23
Crysencio Summerville,2001-10-30
Van Lam Dang,1993-08-13
Vojtech Smrz,1997-01-20
Facundo Medina,1999-05-28
Roman Holis,1998-05-21
Sota Mino,1994-10-20
Abdulrahman Al-Dawsari,1997-09-25
Kiernan Dewsbury-Hall,1998-09-06
Bryan Reynolds,2001-06-28
Dani Figueira,1998-07-20
Matteo Tramoni,2000-01-20
Wesley Fofana,2000-12-17
Jean Marcelin,2000-02-12
Sacha Boey,2000-09-13
Sorba Thomas,1999-01-25
Vladimir Nikolov,2001-02-07
Anthony Patterson,2000-05-10
Benjamin Nygren,2001-07-08
Josko Gvardiol,2002-01-23
Bojan Miovski,1999-06-24
Steven Alzate,1998-09-08
Emerson Royal,1999-01-14
Renan Lodi,1998-04-08
Cícero,1997-05-10
Marcus Vinicius,1998-01-24
Manuel Ugarte,2001-04-11
Mateo Les,2000-03-25
Aron Dønnum,1998-04-20
Melayro Bogarde,2002-05-28
Nick Suman,2000-02-28
Carlos Cabello,1997-09-22
Walter Mazzantti,1996-09-05
Warleson,1996-08-31
Ibrahim Tanko,1999-04-30
Aaron Wan-Bissaka,1997-11-26
Ilyes Chetti,1995-01-22
Aung Kaung Mann,1998-02-18
Lazar Kojic,1999-12-11
Jug Stanojev,1999-07-29
Rıdvan Yılmaz,2001-05-21
Ali Yavuz Kol,2001-01-29
San Sat Naing,1998-09-04
Mehdi Ghayedi,1998-12-05
Franck Kanouté,1998-12-13
Diogo Travassos,2004-03-31
Marian Huja,1999-08-05
Francisco Moura,1999-08-16
Genís Montolio,1996-07-23
Byron Bonilla,1993-08-30
Fawaaz Basadien,1996-12-23
Abdulbasit Hindi,1997-02-02
Ryan Gravenberch,2002-05-16
Ramalho,1999-07-01
Lazar Romanić,1998-03-25
Alexis Guendouz,1996-01-26
Kemar Foster,1992-08-30
Reggie Cannon,1998-06-11
Keanu Baccus,1998-06-07
Stefan Cvetkovic,1998-01-12
Marco Burch,2000-10-19
Nuno Cunha,2001-01-11
Tiago Gouveia,2001-06-18
Alexandre Penetra,2001-09-09
Félix Correia,2001-01-22
Gonçalo Borges,2001-03-29
Leonardo Rocha,1997-05-23
Mohanad Lasheen,1996-05-29
Nabil Dunga,1996-04-06
Guillermo May,1998-03-11
Alonso Martínez,1998-10-15
Eberechi Eze,1998-06-29
Lloyd Kelly,1998-10-06
Nikita Glushkov,1999-03-19
Kaito Chida,1994-10-17
Alesson,1999-02-16
Haziq Nadzli,1998-01-06
Dominic Tan,1997-03-12
Faisal Halim,1998-01-07
Ronald Araujo,1999-03-07
Shaylon,1997-04-27
Timothy Awany,1996-08-06
Marino Arzamendia,1998-01-19
Guillermo Paiva,1997-08-17
Mostafa Matar,1995-09-10
Jaime Mora,1997-06-12
Joan Castro,1997-01-13
Leyser Chaverra,1997-04-01
Luis Díaz,1997-01-13
Cherif Ndiaye,1996-01-23
Finn Azaz,2000-09-07
Lisandro Martínez,1998-01-18
Juan Foyth,1998-01-12
Franco Moyano,1997-09-13
Matías Zaracho,1998-03-10
Marcelo Torres,1997-11-06
Dan Edwards,1998-08-06
Allahyar Sayyadmanesh,2001-06-29
Chris Mepham,1997-11-05
Alireza Koushki,2000-02-16
Youssef Maziz,1998-06-24
Othmane Boussaid,2000-03-07
Martin Minchev,2001-04-22
Nathan Rôdes,1997-12-11
Mady Camara,1997-02-28
Christ Kouadio,2000-12-23
Luis Haquín,1997-11-15
Ramiro Vaca,1999-07-01
Henry Vaca,1998-01-27
Ester Sokler,1999-06-04
Daler Azizov,2000-05-19
Manuchekhr Safarov,2001-05-31
Vakhdat Khanonov,2000-07-25
Rodrigo Piñeiro,1999-05-05
Shakhrom Samiev,2001-02-08
Nuriddin Khamrokulov,1999-10-25
Sheriddin Boboev,1999-04-21
Miguel Merentiel,1996-02-24
Koffi Kouao,1998-05-20
Tiago Araújo,2001-03-27
Christos Mandas,2001-09-17
Georgios Liavas,2001-02-12
Konstantinos Thymianis,2001-02-28
Sotiris Alexandropoulos,2001-11-26
Georgios Vrakas,2001-04-28
Barak Braunshtain,1999-06-10
Mohammed Waad,1999-09-18
Maksim Belov,1999-04-23
Rahman Dashdamirov,1999-10-20
Ville Tikkanen,1999-08-08
Kévin Denkey,2000-11-30
Andreas Pyndt,2001-03-04
Thomas Gundelund,2001-11-06
Mike Eerdhuijzen,2000-07-13
Michel Araújo,1996-09-28
Issah Abass,1998-09-26
Callan Elliot,1999-07-07
Leard Sadriu,2001-04-22
Qëndrim Zyba,2001-02-03
Ian Harkes,1995-03-30
Antonios Papadopoulos,1999-09-10
Lalas Abubakar,1994-12-25
Stefan Cleveland,1994-05-25
Kevon Lambert,1997-03-22
Brandon Paiber,1995-06-05
Josh Campbell,2000-05-06
Tomas Nemcik,2001-04-19
David Strelec,2001-04-04
Lukas Letenay,2001-04-19
Ivan Mesik,2001-06-01
Belmin Dizdarevic,2001-08-09
Josip Stanisic,2000-04-02
Berat Özdemir,1998-05-23
Julian Schwarzer,1999-10-26
Djed Spence,2000-08-09
Anthony Contreras,2000-01-29
Victor Straistari,1999-06-21
Tomás Belmonte,1998-05-27
Akim Abdallah,1997-08-18
Harry Sawyer,1996-12-31
Syamer Kutty,1997-10-01
Renato Espinosa,1998-07-06
Lazaros Rota,1997-08-23
Suhaimi Husin,1994-08-09
Samuel Lavrincik,2001-07-10
Toby Sibbick,1999-05-23
Theocharis Iliadis,1996-09-05
Matty Longstaff,2000-03-21
Jeremie Frimpong,2000-12-10
Syihan Hazmi,1996-02-22
Jaron Vinet,1997-12-16
Djordje Mihailovic,1998-11-10
Santeri Haarala,1999-12-17
Viljami Sinisalo,2001-10-11
Zé Ivaldo,1997-02-21
Matheus Oliveira,1997-09-28
Pano Qirko,1999-06-26
Logan Costa,2001-04-01
Noha Ndombasi,2001-04-28
Mehtab Singh,1998-06-05
Gustaf Lagerbielke,2000-04-10
Adham Al-Quraishi,1995-03-07
Sontje Hansen,2002-05-18
Ki-Jana Hoever,2002-01-18
Anass Salah-Eddine,2002-01-18
Ian Maatsen,2002-03-10
Syb van Ottele,2002-02-02
Dirk Proper,2002-02-24
Calvin Raatsie,2002-02-09
Elijah Just,2000-05-01
Amadou Onana,2001-08-16
Fashion Sakala,1997-03-14
Marlon Torres,1996-04-17
Thomas Keller,1999-08-05
Khaled Ebraheim,1997-01-17
Christian Theoharous,1999-12-06
Mohamed Omar Al-Attas,1997-08-05
Jonathan Herrera,1991-09-16
Lilian Brassier,1999-11-02
Pape Gueye,1999-01-24
Nicolas Cozza,1999-01-08
Gustavo Abregú,1997-07-04
Anouar Ait El Hadj,2002-04-20
Thibo Baeten,2002-06-04
Maarten Vandevoordt,2002-02-26
Jérémy Doku,2002-05-27
Marco Kana,2002-08-08
Nayel Mehssatou,2002-04-11
Simion Michez,2002-02-09
Giannis-Fivos Botos,2000-12-20
Danila Prokhin,2001-05-24
Júnior Mendieta,1993-06-13
Kaito Abe,1999-09-18
Yuta Goke,1999-06-10
Takahiro Iida,1994-08-31
Yugo Tatsuta,1998-06-21
Klisman Cake,1999-05-02
Guzmán Corujo,1996-08-02
Jorge Murrugarra,1997-03-22
Nextaly Rodríguez,1998-03-03
Edo Kayembe,1998-06-03
Josué Rivera,1999-03-09
Ronald Rodríguez,1998-09-22
Yeong-jae Lee,1994-09-13
Vitezslav Jaros,2001-07-23
Jakub Markovic,2001-07-13
Simon Gabriel,2001-05-28
Matej Radosta,2001-05-10
Musa Barrow,1998-11-14
Daniel Kosek,2001-05-19
Nicolas Penner,2001-06-19
Haruki Saruta,1999-04-23
Matyas Kozak,2001-05-04
Aílson Tavares,1998-07-20
Stanislav Shopov,2002-02-23
Filip Krastev,2001-10-15
Brayan Palmezano,2000-09-17
Jorge Yriarte,2000-03-04
Andrés Vombergar,1994-11-20
Dylan Pierias,2000-02-20
Solomon Owusu,1995-10-28
Cezary Miszta,2001-10-30
Nabil Touaizi,2001-02-01
Simione Nabenu,2000-05-06
Jekob Jeno,2000-06-22
Ezequiel Piovi,1992-08-20
Andrés Nieto,1996-04-29
Liam Millar,1999-09-27
Juan Manuel Boselli,1999-11-09
Pedro Neto,2000-03-09
Pedro Ganchas,2000-05-31
Vitinha,2000-02-13
Ammar Al-Najjar,1997-02-27
Francisco Conceição,2002-12-14
Kamal Miller,1997-05-16
Thomas Hasal,1999-07-09
Aljosa Matko,2000-03-29
Alberto Soro,1999-03-09
Carlos Pineda,1997-09-23
José Pinto,1997-09-27
Renars Varslavans,2001-08-23
Lorenzo Pirola,2002-02-20
Lorenzo Colombo,2002-03-08
Omar Bugiel,1994-01-03
Oladapo Afolayan,1997-09-11
Jan Zamburek,2001-02-13
Randal Kolo Muani,1998-12-05
Shaker Wehbe,1997-01-15
Benjamin Böckle,2002-06-17
Nikolas Polster,2002-07-07
Manuel Polster,2002-12-23
Erko Tougjas,2003-07-05
Rocco Shein,2003-07-14
Martin Vetkal,2004-02-21
Maksim Paskotsi,2003-01-19
Conor Gallagher,2000-02-06
David Cabezas,1995-06-12
Jesús Areso,1999-07-02
Julian Del Rio,2002-02-15
Magnus Kofod Andersen,1999-05-10
Martin Frese,1998-01-04
Tomas Solil,2000-02-01
Daniel Horak,2000-05-10
Kalamullah Al-Hafiz,1995-07-30
Hákon Valdimarsson,2001-10-13
Thórir Jóhann Helgason,2000-09-28
Towa Yamane,1999-02-05
Hiroki Abe,1999-01-28
Taiyo Koga,1998-10-28
Akinari Kawazura,1994-05-03
Riku Yamada,1998-04-15
Taishi Matsumoto,1998-08-22
Daiya Maekawa,1994-09-08
Takuya Yasui,1998-11-21
Mario González,1997-05-20
Jefferson Tabinas,1998-08-07
Ao Tanaka,1998-09-10
Katsuya Nagato,1995-01-15
Issei Takahashi,1998-04-20
Daiki Sugioka,1998-09-08
Masaaki Goto,1994-05-24
Kyeong-tae Lee,1995-03-02
Keiya Sento,1994-12-29
Hiroki Mawatari,1994-08-16
Hijiri Onaga,1995-02-23
Kyogo Furuhashi,1995-01-20
Assaf Tzur,1998-08-28
Danil Karpov,1999-06-28
Vladan Bubanja,1999-02-21
Ivan Krajcirik,2000-06-15
Matus Vojtko,2000-10-05
Matus Kmet,2000-06-27
Yuri Alberto,2001-03-18
Magnus Mattsson,1999-02-25
Ismaila Coulibaly,2000-12-25
Mamadouba Diaby,1997-02-16
Edward Chilufya,1999-09-17
Jack Elliott,1995-08-25
Josué Duverger,2000-04-27
Koni De Winter,2002-06-12
Ignace Van der Brempt,2002-04-01
Krépin Diatta,1999-02-25
Diego Luna,2000-01-02
Seid Korac,2001-10-20
Mathias Olesen,2001-03-21
Lucas Bergström,2002-09-05
Lasse Rieß,2001-07-27
Jairo Concha,1999-05-27
Tchamba,1998-07-10
Kalvin Ketu,1997-06-06
Ahmed Abdu,1996-08-08
Saeed Baattia,2000-09-23
Ludovit Reis,2000-06-01
Tony Stojkovski,1994-12-09
Andri Gudjohnsen,2002-01-29
Kristall Máni Ingason,2002-01-18
Alexander Satariano,2001-10-25
Marko Bulat,2001-09-26
Naoki Tsubaki,2000-06-23
Sergiy Sukhanov,1995-04-06
Ilias Bronkhorst,1997-05-10
Anass Zaroury,2000-11-07
Ewoud Pletinckx,2000-10-10
Leonel Montano,1999-10-02
Kevin Moreno,2000-07-23
Thomás Gutiérrez,2000-03-01
Andrés Perea,2000-11-14
Juan Peñaloza,2000-05-03
Kevin Mier,2000-05-18
Fabián Ángel,2001-01-10
Mateo Garavito,2000-10-24
Jáminton Campaz,2000-05-24
Neil Farrugia,1999-05-19
Alexis Duarte,2000-03-12
Braian Ojeda,2000-06-27
Antonio Galeano,2000-03-22
Blas Armoa,2000-02-03
Jackson Porozo,2000-08-04
Adalid Terrazas,2000-08-25
Roler Ferrufino,2000-10-10
Manuel Roffo,2000-04-04
Marcelo Weigandt,2000-01-11
Elías López,2000-07-08
Nehuén Pérez,2000-06-24
Agustín Almendra,2000-02-11
Fausto Vera,2000-03-26
Ignacio Pais,2000-05-30
Benjamín Rollheiser,2000-03-24
Facundo Colidio,2000-01-04
Julián Carranza,2000-05-22
Osaze Urhoghide,2000-07-04
Ahmed Soilihi,1996-07-01
Stephen Odey,1998-01-15
Abdelrahman Boudah,1999-08-13
Tai Baribo,1998-01-15
Rodrigo Guth,2000-11-10
Franco Israel,2000-04-22
Jonas Mortensen,2001-01-16
Oston Urunov,2000-12-19
Khozhiakbar Alizhonov,1997-04-19
Henok Teklab,1998-11-16
Atsuki Ito,1998-08-11
Motoki Nagakura,1999-10-07
Takuya Ogiwara,1999-11-23
Koya Okuda,1994-10-01
Frantzdy Pierrot,1995-03-29
Cristian Tovar,1998-05-06
Sebastián Villa,1996-05-19
Daniel Muñoz,1996-05-26
Tanel Tammik,2002-06-14
Hasan Kourani,1995-01-22
Akhyar Rashid,1999-05-01
Karl Hein,2002-04-13
Azizbek Turgunboev,1994-10-01
Michael Baldisimo,2000-04-13
Herman Magnusson,1998-02-21
Mattia Viti,2002-01-24
Umar Eshmurodov,1992-11-30
David Doudera,1998-05-31
David Simek,1998-02-15
Khalil Khamis,1995-01-12
Rúnar Thór Sigurgeirsson,1999-12-28
Noah Holm,2001-05-23
Brahian Cuello,1997-09-30
Andy Pelmard,2000-03-12
Wilson Isidor,2000-08-27
Allan Okello,2000-07-04
Enrico Dueñas,2001-02-23
Dusan Ristic,2000-10-04
Miché Mika,1996-09-11
Yusuf Maart,1995-07-17
Freddy Vargas,1999-04-01
Gabriel Isik,1999-06-06
Angelos Liasos,2000-05-26
Luca Petrasso,2000-06-16
Anderson,1998-01-03
Lovro Majkic,1999-10-08
Dominik Mulac,1999-02-03
Igor Lepinjica,1999-07-09
Jorge Cuenca,1999-11-17
Kazuki Takahashi,1996-10-06
Tobias Ostchega,1998-08-26
Jair Díaz,1998-08-21
Bathusi Aubaas,1995-05-14
Martin Zlomislic,1998-08-16
Kevin Ackermann,2001-05-24
Rasmus Vinderslev,1997-08-12
Víctor Gómez,2000-04-01
Antonio Blanco,2000-07-23
Víctor Chust,2000-03-05
Hugo Guillamón,2000-01-31
William Saliba,2001-03-24
Lucas Da Cunha,2001-06-09
Lamine Diaby-Fadiga,2001-01-19
Bader Hassan,1987-10-01
Julián Millán,1998-03-27
Aldair Gutiérrez,1998-06-17
Fabio Delgado,1999-05-28
Devis Vásquez,1998-05-12
Daniel Mera,1999-12-21
Taichi Hara,1999-05-05
Matus Maly,2001-07-11
Andrias Edmundsson,2000-12-18
Dmytro Semenov,1999-11-04
Oleksandr Nazarenko,2000-02-01
Oleg Ilyin,1997-06-08
Ka-ram Han,1998-02-09
Víctor Griffith,2000-12-12
Karim Adeyemi,2002-01-18
Niklas Steffen,2001-01-19
Justin Hammel,2000-12-02
Joaquín Piquerez,1998-08-24
Mads Hedenstad,2000-10-21
Mehdi Boudjemaa,1998-04-07
Frezer Kasa,1997-10-26
Tyrone Tormin,2001-06-29
Dominick Zator,1994-09-18
Stefan Visic,1997-11-20
Dylan Levitt,2000-11-17
Louis Thébault-Yamaguchi,1998-05-28
Reo Hatate,1997-11-21
Ben Cabango,2000-05-30
Montassar Talbi,1998-05-26
Emil Holm,2000-05-13
Juan José Perea,2000-02-23
Edon Zhegrova,1999-03-31
Rob Nizet,2002-04-14
Xander Blomme,2002-06-21
Nino Zugelj,2000-05-23
Attila Mocsi,2000-05-29
Rashed Al-Tumi,2000-10-14
Hyeon-ug Kim,1995-06-22
George Marks,1999-11-10
Ashley Maynard-Brewer,1999-06-25
Aurélien Scheidler,1998-06-04
Oleg Veremiyenko,1999-02-13
Nicolás Domínguez,1998-06-28
Chiu-Lin Huang,1997-06-18
Jonathan Moncada,1998-01-03
Óscar Acevedo,1997-03-18
Nikola Bogdanovski,1999-01-25
Dae-won Kim,1997-02-10
Seung-won Jeong,1997-02-27
Jacob Montes,1998-10-20
David Duris,1999-03-22
Sam Rogers,1999-05-17
Trey Muse,1999-07-26
Mujaid Sadick,2000-03-14
Felix Vá,1998-08-24
Matus Rusnak,1999-12-19
Kirill Pechenin,1997-03-18
Jameel Al-Yahmadi,1996-07-27
Nima Wangdi,1998-12-06
Tenzin Dorji,1997-08-18
Orgyen Wangchuk Tshering,1999-09-14
Hussain Al-Eissa,2000-12-29
Cristopher Varela,1999-11-27
David Carmo,1999-07-19
Mateo Puerta,1997-06-12
Miguel Crespo,1996-09-11
Iván Angulo,1999-03-22
Yeison Guzmán,1998-03-22
Carlos Rojas,1998-05-28
Oliver Gerbig,1998-12-12
João Klauss,1997-03-01
Takumi Nagura,1998-06-03
Jahmali Waite,1998-12-24
Adrian Durrer,2001-07-13
Nicolas Glaus,2002-05-10
Louis Lurvink,2002-01-24
Mihailo Stevanovic,2002-01-04
Milorad Stajic,2002-02-07
Albert Khachumyan,1999-06-23
Wendel,1997-08-28
Lachlan Wales,1997-10-19
Hugo Vetlesen,2000-02-29
Ola Brynhildsen,1999-04-27
Kristoffer Velde,1999-09-09
Babacar Fati,2000-02-01
Martin Ambler,2000-07-08
Pavel Sulc,2000-12-29
David Jurásek,2000-08-07
Denny Samko,2000-07-23
Chidera Ejuke,1998-01-02
Tariq Abdullah,1995-09-06
Ersin Destanoğlu,2001-01-01
Fabio Fehr,2000-01-15
Masaru Hidaka,1995-03-14
Daiya Tono,1999-03-14
Szymon Pankiewicz,2001-02-09
Lorenzo Milani,2001-05-22
Golib Gaybullaev,1996-01-22
Abrorbek Ismoilov,1998-01-08
Michal Fukala,2000-10-22
Matt Freese,1998-09-02
Hussein Sharafeddine,1997-10-13
Evann Guessand,2001-07-01
Randy Schneider,2001-08-27
Julian Von Moos,2001-04-01
Marvin Keller,2002-07-03
Kosta Grozos,2000-08-10
Erik Ahlstrand,2001-10-14
Isak Dahlqvist,2001-09-25
Noa Williams,2001-11-27
Ali Youssef,2000-08-05
Hanif Hamir,1997-02-22
Stepan Melnikov,2002-04-25
Koki Morita,2000-08-08
Kyrylo Dryshlyuk,1999-09-16
Adrià Pedrosa,1998-05-13
Noah Christoffersson,1999-05-11
Viktor Gustafson,1995-03-22
Villiam Granath,1998-09-14
Gustav Granath,1997-02-15
Yuriy Klymchuk,1997-05-05
Leo Cornic,2001-01-02
Vladimir Petrovic,1997-02-15
Theo Bair,1999-08-27
Patrick Metcalfe,1998-11-11
Shumpei Naruse,2001-01-17
Leo Kokubo,2001-01-23
Shota Fujio,2001-05-02
Taiki Yamada,2002-01-08
Koki Saito,2001-08-10
Ten Miyagi,2001-06-02
Seiji Kimura,2001-08-24
Kirill Shchetinin,2002-01-17
Maksim Saveljev,2002-01-22
Johannes Nuñez,1996-12-14
Ayoub Aleesami,1996-02-09
Sebastian Jarl,2000-01-11
Nkosi Tafari,1997-03-23
Ulrik Fredriksen,1999-06-17
Balsa Popovic,2000-06-10
Stefan Milic,2000-07-06
Sylvester Jasper,2001-09-13
Milos Brnovic,2000-04-26
Michel-Ange Balikwisha,2001-05-10
Louis Patris,2001-06-07
Joachim Imbrechts,2001-10-09
Bryan Limbombe,2001-05-14
Dylan Mbayo,2001-10-11
Thomas Van den Keybus,2001-04-25
Yari Verschaeren,2001-07-12
Klemen Mihelak,2001-12-31
Juninho Rocha,1997-11-05
Odin Bjørtuft,1998-12-19
Brandon Mayorga,1998-01-06
Melvin Hernández,1994-04-26
Iva Gelashvili,2001-04-08
Khvicha Kvaratskhelia,2001-02-12
Anzor Mekvabishvili,2001-06-05
Giorgi Mamardashvili,2000-09-29
Giorgi Guliashvili,2001-09-05
Moris Valincic,2002-11-17
Robin Frej,1998-04-07
Luka Sucic,2002-09-08
Riccardo Calafiori,2002-05-19
Eduardo Guerrero,2000-02-21
Denzel Jubitana,1999-05-06
Eirik Saunes,1998-09-22
Ka-Wing Tse,1999-09-04
Matías Tissera,1996-09-06
Tomás Cuello,2000-03-05
Isak Hien,1999-01-13
Paul Rothrock,1999-01-09
Paul Nebel,2002-10-10
Christopher Scott,2002-06-07
Carlos Robles,2000-07-11
Jelani Reshaun Sumiyoshi,1997-10-05
Sakarias Opsahl,1999-07-17
Bilal Njie,1998-06-13
Carl Lange,1998-10-07
Teddy Okou,1998-05-15
Ignacio Chicco,1996-06-30
Gastón Togni,1997-09-20
Lucas Blondel,1996-09-14
Nahuel Barrios,1998-05-07
Min-jae Kim,1996-11-15
Won-jae Park,1994-05-07
Nikola Vasic,1991-10-04
Mohamed Ihattaren,2002-02-12
Neraysho Kasanwirjo,2002-02-18
Rhys Williams,2001-02-03
Neco Williams,2001-04-13
Dan Ballard,1999-09-22
Dominic Thompson,2000-07-26
Anthony Gordon,2001-02-24
Morgan Rogers,2002-07-26
Jacob Ramsey,2001-05-28
James Hillson,2001-01-14
Tyreece John-Jules,2001-02-14
Folarin Balogun,2001-07-03
John Buckley,1999-10-13
Jeremy Ngakia,2000-09-07
Antef Tsoungui,2002-12-30
Alexander Jensen,2001-08-24
Albert Grønbaek,2001-05-23
Morten Frendrup,2001-04-07
Aster Vranckx,2002-10-04
Senne Lammens,2002-07-07
Jiri Slama,1999-01-08
Joe Hodge,2002-09-14
Tino Livramento,2002-11-12
Claudio Osorio,2002-09-26
Noni Madueke,2002-03-10
Alex Mighten,2002-04-11
Yunus Musah,2002-11-29
Alexander Torvund,2000-08-01
Samuel Soares,2002-06-15
Eduardo Quaresma,2002-03-02
Rafael Brito,2002-01-19
Tomás Esteves,2002-04-03
Tomás Araújo,2002-05-16
Paulo Bernardo,2002-01-24
Eduardo García,2002-07-11
Alejandro Gómez,2002-01-31
Efraín Álvarez,2002-06-19
Mohammed Al-Saeed,1996-11-14
Jachym Serak,2001-02-14
Damian Las,2002-04-11
George Bello,2002-01-22
Tariq Lamptey,2000-09-30
Kenny Nielsen,2002-02-13
Joe Scally,2002-12-31
Conrad Wallem,2000-06-09
Josh Atencio,2002-01-31
Peter Stroud,2002-04-23
Giovanni Reyna,2002-11-13
Gabriel Wallentin,2001-04-03
Rasmus Wikström,2001-03-18
Noah Alexandersson,2001-09-30
Fredrik Hammar,2001-02-26
Enzo Copetti,1996-01-16
Rodrigo Schlegel,1997-04-03
Hassane Bandé,1998-10-30
Emmanuel Longelo,2000-12-27
João Mendes,1994-10-21
Kofi Balmer,2000-09-19
Jakub Sypek,2001-04-07
Dominik Plestil,1999-08-09
Kaoru Mitoma,1997-05-20
Tomoki Takamine,1997-12-29
Will Ferry,2000-12-07
Claudio Spinelli,1997-01-21
James Garner,2001-03-13
Agon Elezi,2001-03-01
Oleksandr Syrota,2000-06-11
Kaito Taniguchi,1995-09-07
Diego Pampín,2000-03-15
Jon Russell,2000-10-09
Shogo Asada,1998-07-06
Koki Fukui,1995-11-04
Slobodan Tedic,2000-04-13
Fábio Silva,2002-07-19
Mateja Zuvic,2000-02-13
Sergio Camello,2001-02-10
Rober González,2001-01-08
Monday Etim,1998-12-04
Nadeo Argawinata,1997-03-09
Edu Expósito,1996-08-01
Ladislav Krobot,2001-04-01
Vilius Armalas,2000-07-21
Zan Vipotnik,2002-03-18
Lachlan Brook,2001-02-08
Petros Ioannou,1999-01-20
Jens Husebø,1999-03-07
Adrian Pereira,1999-08-31
Fabian Rieder,2002-02-16
Becir Omeragic,2002-01-20
Leonidas Stergiou,2002-03-03
Zan Karnicnik,1994-09-18
Théo Golliard,2002-09-27
Nils Reichmuth,2002-02-22
Ashvin Balaruban,2001-08-08
Lewin Blum,2001-07-27
Stéphane Cueni,2001-03-14
Alexandre Jankewitz,2001-12-25
Bledian Krasniqi,2001-06-17
Darian Males,2001-05-03
Ilan Sauter,2001-02-06
Simon Sohm,2001-04-11
Nicolas Vouilloz,2001-05-11
Christian Witzig,2001-01-09
Felix Mambimbi,2001-01-18
Sang-ki Lee,1996-05-07
Boubacari Doucouré,1999-03-19
Muhannad Etoo,1994-03-25
Jackson Ragen,1998-09-24
Juan Ignacio Méndez,1997-04-28
Marcelo Miño,1997-08-21
Bum-keun Song,1997-10-15
Seung-un Ha,1998-05-04
Van Toi Dang,1999-01-20
Hoang Duc Nguyen,1998-01-11
Thanh Binh Dinh,1998-03-19
Carlos Vargas,1999-02-14
Takumi Nagaishi,1996-02-16
Tae-hyeon Kim,1996-12-19
Emil Konradsen Ceide,2001-09-03
Soon-min Lee,1994-05-22
Sang-ho Na,1996-08-12
Naci Ünüvar,2003-06-13
Altin Zeqiri,2000-07-18
Dylan Chambost,1997-08-19
Fıratcan Üzüm,1999-06-04
Chenjie Zhu,2000-08-23
Federico Gatti,1998-06-24
Miguel Navarro,1999-02-26
Milos Ristic,1995-04-06
Kazuki Tanaka,2000-01-13
Ousseynou Niang,2001-10-12
Daiki Miya,1996-04-01
Alec Smir,1999-04-13
George Stanger,2000-08-15
Togo Umeda,2000-07-23
Shion Homma,2000-08-09
Amin Al-Bukhari,1997-05-02
Awn Al-Saluli,1998-09-02
Abdulelah Al-Amri,1997-01-15
Hassan Tambakti,1999-02-09
Ali Al-Asmari,1997-01-12
Abdullah Hassoun,1997-03-19
Nasser Al-Dawsari,1998-12-19
Fahad Al-Rashidi,1997-05-16
Mohammed Al-Yami,1997-08-14
Tom Barlow,1995-07-08
Marcel Schantl,2000-08-17
Tomas Bobcek,2001-09-08
Tonio Teklic,1999-09-09
Chang-rae Ha,1994-10-16
Sivert Mannsverk,2002-05-08
Lucas Anacker,1996-09-22
Kacper Kostorz,1999-08-21
Jesús Jiménez,1993-11-05
Rodrigão,1995-09-11
Nikita Vlasenko,2001-03-20
Miguel Muñoz,1996-11-22
Jon Irazábal,1996-11-28
Halil Yeral,2000-01-01
Robert Neacșu,2000-01-30
Anthony Musaba,2000-12-06
Matías Sepúlveda,1999-03-12
Ryo Germain,1995-04-19
Lukas Engel,1998-12-14
Ryan Astley,2001-10-04
Alban Ajdini,1999-07-09
Rocky Bushiri,1999-11-30
Anthony Olusanya,2000-02-01
Andronikos Kakoullis,2001-05-03
Marinos Tzionis,2001-07-16
Artem Chelyadin,1999-12-29
Frew Getahun,1992-06-12
Meng-Cheng Tsai,1996-04-03
Chia-Huang Yu,1998-04-23
Ming-Hsiu Chao,1997-07-09
André Ceitil,1995-03-11
Mike Vestergård,1997-11-19
Luis Sinisterra,1999-06-17
Lazar Randjelovic,1997-08-05
Vasyl Kurko,1995-04-25
Yasuto Wakizaka,1995-06-11
Somsavath Sophabmixay,1997-05-25
Stephen Eustaquio,1996-12-21
Panutche Camara,1997-02-28
Renaldo Leaner,1998-02-12
Christos Giousis,1999-02-08
Ethan Ross,2001-08-15
Antonio Sánchez,1997-04-22
Alexander Hofleitner,2000-05-03
Jesper Lindstrøm,2000-02-29
Zoir Dzhuraboev,1998-09-16
Taylor Booth,2001-05-31
Aidan Morris,2001-11-16
Julián Araujo,2001-08-13
Henry Niño,1997-10-03
Adam Bareiro,1996-07-26
Deano Van Rooyen,1996-11-24
João Batxi,1998-05-01
Malik Dijksteel,2001-07-08
Quilindschy Hartman,2001-11-14
Jhon Espinoza,1999-02-24
Gerald Díaz,1999-03-29
Marcinho,1995-06-08
Iván Barbero,1998-08-17
Mauro Rodrigues,2001-04-15
Conrado,1997-04-03
Aral Şimşir,2002-06-19
Oliver Sørensen,2002-03-10
Anders Dahl,2002-05-01
Frederik Carstensen,2002-04-09
Alexander Lind,2002-06-26
Rudy Clavel,1996-10-10
Ahmed Bamsaud,1995-11-22
Jacob Christensen,2001-06-25
Ilya Vakhania,2001-01-14
Aleksandr Silyanov,2001-02-17
Stepan Oganesyan,2001-09-28
Yannick Oberleitner,2002-05-27
Pedrinho,1998-04-13
André Bernardini,1996-02-21
Daiki Sakata,1994-09-11
Benjamin Markus,2001-01-30
Mailson,1996-08-20
Trai Hume,2002-03-18
Marko Divković,1999-06-11
Erick,1997-12-10
Takumu Kawamura,1999-08-28
Daiju Sasaki,1999-09-17
Kanji Okunuki,1999-08-11
Eduard Spertsyan,2000-06-07
Sachiro Toshima,1995-09-26
Kai Merk,1998-08-28
Bremer,1997-03-18
Vladislav Shitov,2003-05-07
Sergey Pinyaev,2004-11-02
Vladyslav Pryimak,1996-08-30
Adam Zadrazil,2000-08-06
Muharrem Jashari,1998-02-21
Vítor Tormena,1996-01-04
Yusuf Sarı,1998-11-20
Brahima Doukansy,1999-08-21
Housseine Zakouani,1998-04-30
Eduards Daskevics,2002-07-12
Hamza Hannouri,1998-01-22
Óscar Valentín,1994-08-20
Shaqueel van Persie,2006-11-16
Nikolay Sysuev,1999-05-19
Aihen Muñoz,1997-08-16
Jérémy Blasco,1999-02-12
Matheus Cunha,1999-05-27
Julien Célestine,1997-07-24
Abdelaziz El Balouti,1994-01-08
Alfio Oviedo,1995-12-18
Assad Al-Hamlawi,2000-10-27
Dennis Owusu,2001-01-05
Willyan Rocha,1995-01-27
Jamie Leweling,2001-02-26
Noah Ganaus,2001-01-19
Largie Ramazani,2001-02-27
Marouane Louadni,1995-01-01
Anas Bach,1998-02-10
Youssef Belammari,1998-09-20
Karim El Eraki,1997-11-29
Luca Kronberger,2002-02-15
Paul Tschernuth,2002-01-20
Yoshiaki Arai,1995-09-27
Amar Dedić,2002-08-18
Stian Kristiansen,1999-01-06
Liel Abada,2001-10-03
Livan Burcu,2004-09-28
Guilherme Romão,1997-10-07
Markus Karlsbakk,2000-05-07
Marcelo Santos,1992-08-02
Tigran Avanesyan,2002-04-13
Ruslan Litvinov,2001-08-18
Guilherme Garutti,1994-03-08
Raul,1997-07-28
Vladyslav Sharay,1997-05-25
Abdelmounaim Boutouil,1998-01-09
Nino,1997-04-10
Iago,1997-03-23
Igor Cariús,1993-05-01
Ruan,1995-05-29
Fali Candé,1998-01-24
Bruno Guimarães,1997-11-16
Pepê,1997-02-24
Ousseynou Ba,1995-11-11
José Copete,1999-10-10
Santiago Arzamendia,1998-05-05
Taiki Watanabe,1999-04-22
Ayoub El Kaabi,1993-06-25
Qinghao Xue,2000-09-26
Jakob Kiilerich,2000-05-10
Maximiliano Villa,1997-03-03
Walid Cheddira,1998-01-22
Michael Heule,2001-04-27
Diogo Carraco,2002-09-13
Jitoko Vulava,1997-07-02
Shazil Ali,1995-10-13
Sairusi Nalaubu,1996-12-14
Ivan Kumar,1997-06-17
Mirlind Daku,1998-01-01
Sitiveni Rakai,1996-04-07
Erdem Canpolat,2001-04-13
Malick Thiaw,2001-08-08
Vitaliy Boyko,1997-12-03
Ilya Samoshnikov,1997-11-14
Jaime Alvarado,1999-07-26
Aliyar Mukhammed,2001-03-20
Daniil Kuznetsov,2003-04-23
Lucas Carrizo,1997-05-20
Connor Metcalfe,1999-11-05
Jamie Lawrence,2002-11-10
Omar Sijaric,2001-11-02
Artur Dumanyuk,1996-11-15
Taty Castellanos,1998-10-03
Timothé Nkada,1999-07-20
Taras Moroz,1996-02-21
Andriy Ponedelnik,1997-02-28
Yohan Bilingi,1999-02-01
Ajdin Hasic,2001-10-07
Dominik Janosek,1998-06-13
Håkon Helland Hoseth,1999-03-19
Zvonimir Petrovic,2000-12-11
Martin Sjølstad,2000-07-09
Nikolay Ivanov,2000-01-02
Ilya Shkurin,1999-08-17
Anastasios Douvikas,1999-08-02
Kaio,1995-09-18
Thomas Santos,1998-10-10
Valeriy Sad,1998-12-18
Patrik Vizek,1993-02-26
Robert Jukl,1998-10-28
Michal Surzyn,1997-09-10
Angelo Gattermayer,2002-06-06
Paul Koller,2002-02-22
Danylo Beskorovaynyi,1999-02-07
Gabriel Haider,2002-06-18
Hyeong-keun Kim,1994-01-06
Kevin Čustović,2000-02-03
William Weidersjö,2001-06-10
Lirim Qamili,1998-06-04
Miguel Baeza,2000-03-27
Dani Vivian,1999-07-05
Oier Zarraga,1999-01-04
Oleksandr Belyaev,1999-10-04
Jesse Bosch,2000-02-01
Nicolai Vallys,1996-09-04
Ionuț Coadă,1998-01-01
Luca Netz,2003-05-15
Fisnik Asllani,2002-08-08
Hidemasa Morita,1995-05-10
Amine Talal,1996-06-05
Fernando Costanza,1998-11-29
Kanu,1997-03-07
Roger Ibañez,1998-11-23
Thomas Geris,2002-10-16
Jack Iredale,1996-05-02
David Riegler,2002-12-17
Paulo Vítor,1999-06-24
Júnior Brumado,1999-05-15
Moon-hwan Kim,1995-08-01
Saïd Bakari,1994-09-22
Dejan Djokic,2000-09-26
Temma Matsuda,1995-06-11
D.J. Taylor,1997-08-26
Manvir Singh,1995-11-06
Modibo Sagnan,1999-04-14
Yulián Gómez,1997-08-04
Álex Domínguez,1998-07-30
Orest Lebedenko,1998-09-23
Yohan Roche,1997-07-07
Ugo Bonnet,1993-09-17
Yacine Bourhane,1998-09-30
Goduine Koyalipou,2000-02-15
Grégoire Coudert,1999-04-03
Maximilian Kilman,1997-05-23
Carlos Vinícius,1995-03-25
Miguel Gutiérrez,2001-07-27
Horațiu Moldovan,1998-01-20
Elias,1999-07-16
Bandeira,2001-01-31
Pathé Ciss,1994-03-16
Alejandro Marqués,2000-08-04
Nicolò Rovella,2001-12-04
Yaw Paintsil,1999-08-19
Ezequiel,1998-03-09
Mileta Rajović,1999-07-17
Sue-Lae McCalla,1992-11-24
Tobias Klysner,2001-07-03
Stefan Hajdin,1994-04-15
Moritz Oswald,2002-01-05
Kervin Arriaga,1998-01-05
Karlo Ziger,2001-05-11
Norman Anderson,1997-01-25
Tor Erik Larsen,1998-09-28
Maksim Borisko,2000-02-15
Elias Saad,1999-12-27
Fredrik Berglie,1996-12-28
Darko Nejasmic,1999-01-25
Vladyslav Vakula,1999-04-29
Claudy Mbuyi,1999-06-03
Mohamad Sylla,1993-12-01
Noah Atubolu,2002-05-25
Mihailo Bogicevic,1998-05-30
Matthias Seidl,2001-01-24
Ricardo Velho,1998-08-20
Ali Nemati,1996-02-07
Oliver Dovin,2002-07-11
Dennis Collander,2002-05-09
Filip Gustafsson,2002-03-09
Lucas Kåhed,2002-07-26
Aleksander Damnjanovic Nilsson,2002-09-05
Tom Strannegård,2002-04-29
Luan Pereira,2000-04-21
Lundrim Hetemi,2000-02-18
Christoph Lang,2002-01-07
Simon Spari,2002-06-16
Shenglong Jiang,2000-12-24
Zhen'ao Wang,1999-08-10
Haoyang Xu,1999-01-15
Leon McCann,2000-03-16
Abduvokhid Nematov,2001-03-20
Oliver Antman,2001-08-15
Andrei Rațiu,1998-06-20
Pablo Álvarez,1997-04-23
Mourad El Ghezouani,1998-05-27
Juljan Shehu,1998-09-06
Dejan Zukic,2001-05-07
Won-cheol Choe,1995-05-26
Jae-hyeon Mo,1996-09-24
Edoardo Corvi,2001-03-23
Tino Jukic,2001-10-10
Filip Majchrowicz,2000-02-09
Michael Ameyaw,2000-09-16
Tobias Bech,2002-02-19
Emilio Simonsen,1999-10-31
Mathias Kjølø,2001-06-27
Josef Baccay,2001-04-29
Lazar Samardžić,2002-02-24
Niko Galesic,2001-03-26
Yun-sung Kang,1997-07-01
Daniel Șerbănică,1996-06-25
Dean James,2000-04-30
Ahmet Sivri,1999-07-06
Ennio van der Gouw,2000-02-14
Kristo Hussar,2002-06-28
Michal Rakoczy,2002-03-30
Yeon-soo Kim,1993-12-29
Min-kwang Jeon,1993-01-17
Yeison Tolosa,1999-06-12
Danila Khotulev,2002-10-01
Daniel Elfadli,1997-04-06
Aleksa Latkovic,2000-10-30
Rüfat Abdullazada,2001-01-17
Panagiotis Katsikas,1999-03-10
Sabuhi Abdullazada,2001-12-18
Julian Niehues,2001-04-17
Christian Conteh,1999-08-27
Daniel,1994-05-06
Tae-hyun An,1993-03-01
Merchas Doski,1999-12-07
Shota Nonikashvili,2001-01-10
George Caramalău,1995-06-23
Irakli Azarovi,2002-02-21
Keyendrah Simmonds,2001-05-31
Richard,1994-02-18
Fisayo Dele-Bashiru,2001-02-06
Jae-hee Jeong,1994-04-28
Jason Knight,2001-02-13
Anis Mehmeti,2001-01-09
Franco Tongya,2002-03-13
Soufiane Bouftini,1994-05-03
Brad Spencer,1996-05-16
Ji-hwan Mun,1994-07-26
Min-kyu Kim,1998-04-01
Oussama El Azzouzi,2001-05-29
Fran Álvarez,1998-01-21
Erick Wiemberg,1994-06-20
Fabian Wohlmuth,2002-06-25
Emirhan Topçu,2000-10-11
Marc Aguado,2000-02-22
Esteban Orozco,1998-05-07
Laurent Kissiedou,1998-12-22
Willy Semedo,1994-04-27
Armstrong Oko-Flex,2002-03-02
Jędrzej Grobelny,2001-06-28
Thomas Schiestl,2002-08-31
Alexander Briedl,2002-04-21
Kike Hermoso,1999-08-10
Zorhan Bassong,1999-05-07
Elvis Bwomono,1998-11-29
Mladjan Stevanovic,1995-01-01
Uros Stojanovic,1995-08-23
Mads Søndergaard,2002-12-26
Ignatius Ganago,1999-02-16
Seiya Baba,2001-10-24
Riku Handa,2002-01-01
Kohei Okuno,2000-04-03
CJ dos Santos,2000-08-24
Ben Folami,1999-06-08
Sam Greenwood,2002-01-26
Ricardo Monreal,2001-02-10
Gabriel Risso Patrón,1995-11-05
Ben Davis,2000-11-24
Sebastián Cáceres,1999-08-18
Georgios Nikas,1999-09-17
Fotis Ioannidis,2000-01-10
Shane Blaney,1999-01-20
Marlon Mustapha,2001-05-24
Juan Espínola,1994-11-02
Konstantin Tyukavin,2002-06-22
Igor Diveev,1999-09-27
Melvin Bard,2000-11-06
Amine Adli,2000-05-10
Mason Greenwood,2001-10-01
Jérémy Petris,1998-01-28
João Valido,2000-03-03
Arda Kızıldağ,1998-10-15
Johan Vásquez,1998-10-22
Luis Romo,1995-06-05
David Edvardsson,2002-03-05
Marlon Morgenstern,2001-01-30
Patrick Wimmer,2001-05-30
Nazariy Muravskyi,2000-02-03
Quincy Butler,2001-09-01
Facundo Garcés,1999-09-05
Rostyslav Lyakh,2000-10-12
Tomás Chancalay,1999-01-01
Braian Galván,2000-10-06
Nahuel Tenaglia,1996-02-21
Fernando Bersano,1998-01-03
Mads Frøkjær,1999-07-29
Hisashi Appiah Tawiah,1998-10-18
Jonathan David,2000-01-14
Stanley Kanu,1999-01-17
Maks Ebong,1999-08-26
Nordin Bakker,1997-10-31
Alexis Mac Allister,1998-12-24
Nicolás Guerra,1999-01-09
John Iredale,1999-08-01
Donat Rrudhani,1999-05-02
Marco Moreno,2001-02-20
Joseph Paintsil,1998-02-01
Matheus Leiria,1995-01-22
Paulinho Paula,1997-01-08
Nil Coch,1998-04-24
Bogdan Ovsyannikov,1999-01-05
Tomas Vlcek,2001-02-28
Juan Pablo Álvarez,1996-02-10
Nicolás Linares,1996-03-06
Carlos Rodríguez,1997-01-03
Tomás Durso,1999-02-26
Georgios Kanellopoulos,2000-01-29
Giannis Christopoulos,2000-06-22
Guillermo Soto,1994-01-19
Matías Ruiz Díaz,1996-09-09
Alejandro Maciel,1997-04-22
Erick Farias,1997-01-03
Steffan Pino,1994-02-26
Sam Vines,1999-05-31
Valentin Mihăilă,2000-02-02
Sami Lahssaini,1998-09-18
Giuseppe Ciocci,2002-01-24
Robin Mantel,2000-11-15
Hussein Ali,1996-11-29
Isak Jansson,2002-01-31
Nuno Tavares,2000-01-26
Ricardo Matos,2000-03-25
Duk,2000-02-16
Konstantin Maradishvili,2000-02-07
Lawrence Ofori,1998-06-28
Andrei Dragu,1999-10-07
Răzvan Onea,1998-05-19
Moussa Sissako,2000-11-10
Arthur Zagré,2001-10-04
Junior Dina Ebimbe,2000-11-21
Giulian Biancone,2000-03-31
Han-Noah Massengo,2001-07-07
Virgiliu Postolachi,2000-03-17
Ruben Providence,2001-07-07
Eldar Sehic,2000-04-28
Raúl Sánchez,1997-11-08
Carlos Sierra,1990-10-25
Musa Qurbanly,2002-04-13
Amel Mujanic,2001-04-01
Toral Bayramov,2001-02-23
Cedric Teguia,2001-10-01
Amad Diallo,2002-07-11
Mehdi Hashemnejad,2001-10-27
Mohammed Al-Baqawi,1995-07-12
Islam Issa,1996-02-01
Victor Larsson,2000-04-19
Nicolás Demartini,1999-11-04
Jean Patric,1997-05-14
Alessio Curci,2002-02-16
Alfonso Pastor,2000-10-04
Bryan Gil,2001-02-11
Giannis Satsias,2002-12-28
João Goulart,2000-01-27
Yegor Prokopenko,1998-05-24
Fahad Al-Jumaiya,1995-05-10
Mads Kikkenborg,1999-10-07
Fábio Vieira,2000-05-30
Oleksiy Lytovchenko,1996-08-15
Lucas Fox,2000-10-02
Pablo Rodríguez,2001-08-04
Yevgeniy Kucherenko,1999-08-27
Anatoliy Trubin,2001-08-01
Dmytro Kryskiv,2000-10-06
Artem Bondarenko,2000-08-21
Mykhaylo Mudryk,2001-01-05
Chihiro Kato,1998-12-12
Faisal Darsi,1997-02-11
Kwasi Sibo,1998-06-24
Yuya Oki,1999-08-22
Eliano Reijnders,2000-10-23
Ibrahim Karamoko,2001-07-23
Alessio Furlanetto,2002-02-07
Bruno Melo,1992-10-26
Simão,1993-07-02
Leonardo Heredia,1996-01-11
Sebastián Valdez,1995-11-06
Terrence Mashego,1996-06-28
Jonás Acevedo,1997-02-06
Gabriel Compagnucci,1991-08-29
Emil Breivik,2000-06-11
Adrian Ugelvik,2001-09-21
Avazbek Ulmasaliev,2000-03-27
Luciano Pons,1990-04-18
Chinedu Geoffrey,1997-10-01
Chris Ramos,1997-01-18
Samed Onur,2002-07-15
Terem Moffi,1999-05-25
Facundo Bruera,1998-09-23
Sebastiano Esposito,2002-07-02
Matías Fonseca,2001-03-12
Nikita Kokarev,2003-01-08
Jearl Margaritha,2000-04-10
Thijs Dallinga,2000-08-03
Ryan Merlen,2002-05-11
Naouirou Ahamada,2002-03-29
Janis Antiste,2002-08-18
Georginio Rutter,2002-04-20
Tanguy Nianzou,2002-06-07
Timothée Pembélé,2002-09-09
Alex Douglas,2001-08-17
Luis Palma,2000-01-17
Carlos Mejía,2000-02-19
Alexis Beka Beka,2001-03-29
Nicolás Díaz,1999-05-20
Daniel Maldini,2001-10-11
Léo Andrade,1998-04-18
Leandro Sanca,2000-01-04
Matej Rynes,2001-05-30
André Luis,1994-03-09
Jessy Deminguet,1998-01-07
Costinha,2000-03-26
Callum Timmins,1999-12-23
Tom Ulbrich,1998-05-11
Ho-Chun Anson Wong,2002-04-02
Valentyn Morgun,2001-08-10
Kristian Bilovar,2001-02-05
Danyil Sukhoruchko,2000-02-21
Nikola Serafimov,1999-08-11
Thomas Galdames,1998-11-20
Ben Waine,2001-06-11
Brage Skaret,2002-04-28
Fredrik Oppegård,2002-08-07
Sebastian Tounekti,2002-07-13
Oleg Gorin,2000-02-02
Bryan Okoh,2003-05-16
Mauricio Willimann,2003-01-16
Luca Jaquez,2003-06-02
Christian Marques,2003-01-15
Théo Magnin,2003-08-09
Miguel Reichmuth,2003-10-26
Kristian Sekularac,2003-12-07
Carmine Chiappetta,2003-03-09
Muharrem Cinan,1998-05-13
Seth Clark,2000-09-22
Vedad Muftic,2001-10-25
Yazan Al-Arab,1996-01-31
Iuri Tabatadze,1999-11-29
Giorgi Gocholeishvili,2001-02-14
Panagiotis Tzimas,2001-03-12
Ólafur Gudmundsson,2002-03-18
Evan De Haro,2002-09-28
Braian Sánchez,1993-06-11
Mateo Klimowicz,2000-07-06
César López,2000-06-10
César Ramos,2000-06-14
César Huerta,2000-12-03
Tomas Frühwald,2002-09-23
Tomas Suslov,2002-06-07
Enzo Díaz,1995-12-07
Carlos Vicente,1999-04-23
Michal Cupak,1998-09-26
Dilane Bakwa,2002-08-26
Dalton Wilkins,1999-04-15
Kaj de Rooij,2000-11-25
Jon Mersinaj,1999-02-08
Mikkel Damsgaard,2000-07-03
Yuri Sena,2001-01-03
Maximiliano Guerrero,2000-01-15
Yannick Leliendal,2002-04-23
Souffian El Karouani,2000-10-19
Davíd Jóhannsson,2002-06-15
Sepp van den Berg,2001-12-20
Dominik Yankov,2000-07-28
Ivan Yordanov,2000-11-07
Timothy Fayulu,1999-07-24
Oisin McEntee,2001-01-05
Barış Alper Yılmaz,2000-05-23
Enzo Boyomo,2001-10-07
Ítalo Montaño,1999-05-29
Felix Winther,2000-05-18
Søren Tengstedt,2000-06-30
Marc Vidal,2000-02-14
Oliver Sonne,2000-11-10
Sikh Izhan Nazrel,2002-03-23
Harith Haiqal,2002-06-22
Janpol Morales,1998-06-22
Emanuel Iñiguez,1996-09-16
Jaroensak Wonggorn,1997-05-18
Tze-Nam Yue,1998-05-12
Marko Alchevski,2002-04-16
Vladan Novevski,2002-05-13
David Toshevski,2001-07-16
Amirhossein Hosseinzadeh,2000-10-30
Marcus Lindberg,2000-06-27
Jonathan Fischer,2001-11-09
Peter Christiansen,1999-12-02
Lumbardh Dellova,1999-01-01
Wellington Rato,1992-06-18
Paul Ngongo,2000-05-23
Younes Bakiz,1999-02-05
Arbnor Prenqi,2000-05-15
Illan Meslier,2000-03-02
Breno Lopes,1996-01-24
Sebastian Jørgensen,2000-06-08
Jacob Trenskow,2000-11-26
Frederik Alves,1999-11-08
Rasmus Carstensen,2000-11-10
Anders Klynge,2000-10-14
Jonathan Amon,1999-04-30
Milutin Osmajic,1999-07-25
Magnus Westergaard,1998-05-27
Simon Graves,1999-05-22
Kasper Høgh,2000-12-06
Billal Brahimi,2000-03-14
Josip Silic,1999-12-16
Rodrigo Moura,1996-01-25
Rhys Norrington-Davies,1999-04-22
Jeppe Erenbjerg,2000-04-29
Anosike Ementa,2002-05-03
Jeakson Singh,2001-06-21
Rahim Ali,2000-04-21
Abdoulaye Diaby,2000-07-04
Ibrahim Kane,2000-06-23
Cheick Doucouré,2000-01-08
Abdullahi Tanko,1998-05-12
Maytham Jabbar,2000-11-10
Deiber Caicedo,2000-03-25
Abdul Yusif,2001-08-09
Mohammed Kudus,2000-08-02
Ibrahim Sadiq,2000-05-07
Elmin Rastoder,2001-10-07
Stefano Turati,2001-09-05
Botond Balogh,2002-06-06
Wanchai Jarunongkran,1996-12-18
Kristjan Asllani,2002-03-09
Mihály Kata,2002-04-13
Szabolcs Szalay,2002-02-17
Malthe Højholt,2001-04-16
Anwar Ali,2000-08-28
Óscar Gil,1998-04-26
Tomas Cvancara,2000-08-13
David Zima,2000-11-08
Bence Végh,1997-05-13
Ademir,1995-02-16
El Mehdi Benabid,1998-01-24
Kevin Pina,1997-01-27
Zaidu Sanusi,1997-06-13
Paulinho Bóia,1998-06-26
Christian Cappis,1999-08-13
Mikkel Kaufmann,2001-01-03
Tiago Orobó,1993-10-28
Narek Aghasaryan,2001-07-15
Erik Piloyan,2001-01-29
Mariano Gómez,1999-02-05
Ho-jae Lee,2000-10-14
Seong-hoon Cheon,2000-09-21
Lameck Banda,2001-01-29
Narek Grigoryan,2001-06-17
Jonathan Perlaza,1997-09-13
Ogün Bayrak,1998-10-10
Amanuel Yohannis,1999-03-14
Sergio Carreira,2000-10-13
Lars Ranger,1999-03-12
Jacob Italiano,2001-07-30
Diego Pituca,1992-08-15
Sabino,1996-10-25
José Juan Macías,1999-09-22
Nonato,1998-03-03
Georgios Vagiannidis,2001-09-12
Diego Costa,1999-07-21
Raniele,1996-12-31
Darwin Núñez,1999-06-24
Anis Ben Slimane,2001-03-16
José Fajardo,1993-08-18
Lubomir Belko,2002-02-04
Sebastian Nebyla,2002-01-25
Brandon Soppy,2002-02-21
Jay Idzes,2000-06-02
Oleg Nikiforenko,2001-03-17
Dmitriy Prishchepa,2001-06-21
Isaak Davies,2001-09-25
Anujan Rajendram,2000-05-11
Iker Álvarez,2001-07-25
Dacu,2001-05-16
Izan Fernández,2001-10-03
Xander Lambrix,2000-03-25
Pedro Raul,1996-11-05
Bart van Rooij,2001-05-26
Artem Kontsevoy,1999-08-26
Zamiq Aliyev,2001-05-05
Carlo Zammit Lonardelli,2001-04-29
Paul Mbong,2001-09-02
Ceyhun Nuriyev,2001-03-30
Ianis Stoica,2002-12-08
Louis Munteanu,2002-06-16
Andres Dumitrescu,2001-03-11
Dragoș Albu,2001-03-15
Alexi Pitu,2002-06-05
Andrei Mărginean,2001-07-03
Răzvan Ducan,2001-02-09
Apostolos Stamatelopoulos,1999-04-09
Fabiano Parisi,2000-11-09
Franjo Ivanović,2003-10-01
Yusuf Demir,2003-06-02
Tobias Hedl,2003-01-15
Álex Baena,2001-07-20
Germán Valera,2002-03-16
Zeno Debast,2003-10-24
Muharem Huskovic,2003-03-05
Nathan Ngoy,2003-06-10
Furkan Bayır,2000-02-09
Fábio Gomes,1997-05-25
Diogo Martins,1996-08-21
Melvin Zinga,2002-03-16
Kiliann Sildillia,2002-05-16
Egy Maulana Vikri,2000-07-07
Cristian Ferreira,1999-09-12
Osman Bukari,1998-12-13
Kaya Makosso,1998-08-25
Nasiru Moro,1996-09-24
Yoël Armougom,1998-06-05
Zeki Amdouni,2000-12-04
Dieguinho,1995-03-31
Kakada Sin,2000-07-29
André Gonçalves,2003-05-16
Gonçalo Inácio,2001-08-25
Gustavo Furtado,2001-02-14
Diego Esteban,2000-04-07
Iuri Tavares,2001-03-08
Martim Neto,2003-01-14
Rodrigo Pinheiro,2002-08-28
Matous Trmal,1998-10-02
Rodrigo Holgado,1995-06-28
Fernando Beltrán,1998-05-08
Kryspin Szcześniak,2001-01-08
Ryan Strain,1997-04-02
José Rodríguez,1996-06-17
Sander Tangvik,2002-11-29
Malcolm Stolt,2000-12-30
Óscar Macías,1998-07-09
Jacob Widell Zetterström,1998-07-11
Imadeddine Azzi,1998-06-21
Marko Tuci,1998-12-04
Kritsada Nontharat,2001-02-16
Korawich Tasa,2000-04-07
Orlando Galo,2000-08-11
Matheus Thuler,1999-03-10
Tymur Stetskov,1998-01-27
Jackson Muleka,1999-10-04
Rafał Adamski,2001-11-21
Aleksey Kenyaykin,1998-08-23
Matteo Cancellieri,2002-02-12
Nicola Zalewski,2002-01-23
Ivan Turitsov,1999-07-18
Giorgi Gagua,2001-10-10
Tomás Tavares,2001-03-07
Gonçalo Ramos,2001-06-20
Shuto Machino,1999-09-30
Yuya Fukuda,1999-04-04
Masaki Watai,1999-07-18
Marlon Sierra,1994-09-21
Matej Kovar,2000-05-17
Hyeok-kyu Kwon,2001-03-13
Wi-je Cho,2001-08-25
Luca Oyen,2003-03-14
Chinemerem Ugwueze,2001-05-20
Marco Túlio,1998-03-13
Mousa Tamari,1997-06-10
Lassina Traoré,2001-01-12
Demba Seck,2001-02-10
Wouter George,2002-03-03
João Tomé,2003-02-12
Ahmed Rizuvan,1995-06-04
Adam Stejskal,2002-03-28
Josef Kozeluh,2002-02-15
David Pech,2002-02-22
Adam Hlozek,2002-07-25
Lukas Vorlicky,2002-01-18
Malcom Braida,1997-05-17
Igor Vinícius,1997-04-01
Rodrigo Bassani,1997-10-17
Baralhas,1998-10-10
Liston Colaco,1998-11-12
Jon Moncayola,1998-05-13
Leverton Pierre,1998-03-09
Nahuel Estévez,1995-11-14
Andrés Felipe Román,1995-10-05
Aldaír Ferreira,1998-03-26
Soo-il Park,1996-02-22
Matheus Henrique,1997-12-19
Asrat Tonjo,1996-11-29
Hernán de la Fuente,1997-01-07
Nahuel Arena,1998-06-02
Ignacio Vázquez,1997-05-15
Luis Ingolotti,2000-01-14
Matías Tagliamonte,1998-02-19
Troy Parrott,2002-02-04
Bruno Méndez,1999-09-10
Benjamín Galindo,1999-03-10
Santiago Gimenez,2001-04-18
Rafael Durán,1997-08-20
Aldo Cruz,1997-09-24
Patrik Gustavsson,2001-04-19
Taylor Silverholt,2001-04-04
Rashir Parkins,2001-02-23
Vítor Carvalho,1997-05-27
Mohamed Rabie Hrimat,1994-08-07
Miguel Tavares,1999-01-29
Tim Lemperle,2002-02-05
Tochi Chukwuani,2003-03-24
Jeff Gal,1993-04-06
Carlos Rotondi,1997-03-02
Andile Mbanjwa,1998-03-30
Harold Majadibodu,1995-02-13
Igor Gomes,1999-03-17
Gabriel Sara,1999-06-26
Valentin Lässig,2003-03-03
Karol Struski,2001-01-18
Francisco Ortega,1999-03-19
Aleksander Buksa,2003-01-15
Oleksandr Romanchuk,1999-12-16
Juan José Purata,1998-01-09
Riku Matsuda,1999-05-03
Onur Öztonga,2000-01-06
Pontus Rödin,2000-08-16
Yonatan Goitía,1994-02-08
Pedro Porro,1999-09-13
Kerim Calhanoglu,2002-08-26
Yasser Larouci,2001-01-01
Krzysztof Bąkowski,2003-01-04
Szymon Wlodarczyk,2003-01-05
Kacper Kozlowski,2003-10-16
Ariel Mosór,2003-02-19
Madson,1999-08-26
Konstantinos Tzolakis,2002-11-08
Apostolos Konstantopoulos,2002-08-02
Vasilios Sourlis,2002-11-16
Christos Belevonis,2002-07-29
Giannis Niarchos,2002-06-26
Boniface Nduka,1996-02-15
Ivan Dolcek,2000-04-24
Jacob Bergström,1995-04-26
Kevin Gutiérrez,1997-06-03
Jakob Kindberg,1994-02-07
Simon Amin,1997-11-13
Mateo Retegui,1999-04-29
Elvin Cafarquliyev,2000-10-26
Filip Szymczak,2002-05-06
Marcel Wędrychowski,2002-01-13
Iwo Kaczmarski,2004-04-16
Antoni Kozubal,2004-08-18
Tomasz Pieńko,2004-01-05
Oliwier Zych,2004-06-28
Romain Faivre,1998-07-14
Filip Marchwinski,2002-01-10
Nikodem Niski,2002-04-14
Daniil Odoevskiy,2003-01-22
Arsen Zakharyan,2003-05-26
Vladislav Torop,2003-11-07
Sergey Varatynov,2003-06-27
Mathías Tomás,2001-01-30
Ygor Vinhas,1994-04-15
Bradley Cross,2001-01-30
Caíque Gonçalves,1995-10-10
Shuhei Tokumoto,1995-09-12
Abel Yalew,1996-03-23
Kenean Markneh,1997-03-30
Abdalla Ramadan,1998-03-07
Jorge Herrando,2001-02-28
Khalifa Al-Hammadi,1998-11-07
Patrick Maswanganyi,1998-04-04
Martín Payero,1998-09-11
Hein Htet Aung,2001-10-05
Nathaniel Atkinson,1999-06-13
Sergio Barreto,1999-04-24
Mauro Molina,1999-07-29
Sebastian Beraque,2002-06-17
Dorinel Oancea,1997-04-02
Destiny Udogie,2002-11-28
Homam Al-Amin,1999-08-25
Vladimir Vitorovic,2000-10-03
Saad Agouzoul,1997-08-10
Ashique Kuruniyan,1997-06-14
Mikael Marqués,2001-09-08
Roger Brugué,1996-11-04
Salvador Reyes,1998-05-04
Shunya Yoneda,1995-11-05
Kang-in Lee,2001-02-19
Devyne Rensch,2003-01-18
Noah Ohio,2003-01-16
Micky van de Ven,2001-04-19
Jin-seob Park,1995-10-23
Noam Emeran,2002-09-24
Sékou Mara,2002-07-30
Quentin Merlin,2002-05-16
Nathanaël Mbuku,2002-03-16
Marwan Hamdi,1996-11-15
Dong-gyeong Lee,1997-09-20
Gustav Ludwigson,1993-10-20
Daniel Vasulin,1998-06-11
Michiya Okamoto,1995-05-15
Ho-yeong Park,1999-04-07
Jun-beom Kim,1998-01-14
Ji-hun Kang,1997-01-06
Chang-jun Park,1996-12-23
Harrison Ashby,2001-11-14
Owen Jochmans,2003-01-28
Fábio Carvalho,2002-08-30
Dani van den Heuvel,2003-05-28
Youri Regeer,2003-08-18
Gibson Yah,2003-09-27
Youri Baas,2003-03-17
Emmanuel Emegha,2003-02-03
Kian Fitz-Jim,2003-07-05
Rio Hillen,2003-03-05
Angus Thurgate,2000-02-08
Shah Shahiran,1999-11-14
Irfan Najeeb,1999-07-31
Deepak Tangri,1999-02-01
Naorem Roshan Singh,1999-02-02
Ryhan Stewart,2000-02-15
Isaac Angking,2000-01-24
Chico da Costa,1995-05-05
Aung Wunna Soe,2000-04-19
Win Naing Tun,2000-05-03
Niall Huggins,2000-12-18
Ryan Edmondson,2001-05-20
Garrett Kelly,1996-04-13
Tran Viet Cuong Nguyen,2000-12-27
Abdel Abqar,1999-03-10
Gabriel Kobylak,2002-02-20
Amro Surag,1998-04-08
Ngoc Tan Doan,1994-09-14
Jorge Díaz Price,1998-07-27
Carlos Baltazar,1997-02-24
Poramet Arjvirai,1998-07-20
Alemão,1998-04-01
Meshaal Barsham,1998-02-14
Sung-wook Jo,1995-03-22
Neo Maema,1995-12-01
Ngoc Quang Chau,1996-02-01
Randy Nteka,1997-12-06
Viet Hung Trieu,1997-01-19
Hicham Boudaoui,1999-09-23
Álex Sancris,1997-01-18
Hussain Shareef,1998-09-05
Ibrahim Mahudhee,1993-08-22
Sahal Abdul Samad,1997-04-01
Henry Hore,1999-08-17
Jin-woo Jeon,1999-09-09
Walter Scott,1999-10-02
Mohamed Boulacsout,1998-09-23
Eskild Dall,2003-01-08
Patrick William,1997-06-03
Xuan Manh Pham,1996-02-09
Ahmed Basil Fadhil,1996-08-19
Ibrahim Bayesh,2000-05-01
Bilal Al-Balushi,1996-05-29
Ibrahim Al-Mukhaini,1997-06-20
Majid Al-Saadi,1996-05-09
Thani Al-Rushaidi,1995-03-16
Al-Mandhar Al-Alawi,1995-03-31
Mataz Saleh,1996-05-28
Muhsen Al-Ghassani,1997-03-27
Zahir Al-Aghbari,1999-05-28
Abdullah Fawaz,1996-10-03
Ahmed Al-Kaabi,1996-09-15
Youssef Ayman,1999-03-21
Ahmed Suhail,1999-02-08
Tass Mourdoukoutas,1999-03-03
Yudai Tanaka,1995-11-17
Valpuia,2000-05-31
Yu-min Cho,1996-11-17
Byeong-chan Choe,1996-04-04
Hein Phyo Win,1998-09-19
Hyun-woo Kim,1999-03-07
Saed Al-Rosan,1997-02-01
Matt Sutton,2000-03-07
Noor Al-Rawabdeh,1997-02-24
Joan García,2001-05-04
Louis D'Arrigo,2001-09-23
Ahmed Ersan,1995-09-28
Yuba-Rayane Yesli,1999-10-12
Akmal Mozgovoy,1999-04-02
Musa Juwara,2001-12-26
Ahmed Al-Khamisi,1991-11-26
Nemanja Tekijaski,1997-03-02
Hyeon-sik Lee,1996-03-21
Tristan Blackmon,1996-08-12
Chris Mueller,1996-08-29
Brandon Bye,1995-11-29
Ema Twumasi,1997-05-18
Afeez Aremu,1999-10-03
Aung Naing Win,1997-06-01
Danny Musovski,1995-11-30
Jon Gallagher,1996-02-23
Brian White,1996-02-03
Álex Roldán,1996-07-28
Nikolas Panagiotou,2000-05-12
Mees Hilgers,2001-05-13
Prince Ampem,1998-04-13
Leo Román,2000-07-06
Wajdi Sahli,1997-04-17
Hyun-seok Hong,1999-06-16
Pavel Bucha,1998-03-11
Cristopher Fiermarín,1998-01-01
Robert Navarro,2002-04-12
José Marsà,2002-03-04
Rahmat Mia,1999-12-08
Pappu Hossain,1999-04-07
Tidiane Keita,1996-09-18
Hassan Shifaz,1992-08-11
Bruno Fuchs,1999-04-01
Oğuz Aydın,2000-10-27
Christian Oliva,1996-06-01
Thitathorn Auksornsri,1997-11-08
Gastón Lodico,1998-05-28
Mohammed Salisu,1999-04-17
Gastón Verón,2001-04-23
Abdulquddus Atiah,1997-03-01
Marek Bartos,1996-10-13
Dawa Tshering,1998-08-21
Adam Magri Overend,2000-05-03
Matías Melluso,1998-06-09
Michel Adopo,2000-07-19
Asish Rai,1999-01-27
Youba Diarra,1998-03-24
Emeka Nnamani,2001-11-04
Kamal Sowah,2000-01-09
Victor Kristiansen,2002-12-16
Pedro Amador,1998-12-18
Edmond Tapsoba,1999-02-02
Samir Lagsir,2003-05-20
Santeri Väänänen,2002-01-01
Kristian Thorstvedt,1999-03-13
Jefferson Brenes,1997-04-13
Dong-hyeon Kim,1997-06-11
João Neto,2003-05-21
Jesús Bueno,1999-04-15
Miguel Pernía,2000-11-01
Rodrigo Garro,1998-01-04
Jordan Farr,1994-10-05
Ibe Hautekiet,2002-04-13
Victor Olatunji,1999-09-05
Bart Verbruggen,2002-08-18
Vadim Pigas,2001-08-08
Emanuel Coronel,1997-02-01
Kazeem Olaigbe,2003-01-02
Johan Bakayoko,2003-04-20
Alexandro Calut,2003-04-22
Vic Chambaere,2003-01-10
Nils De Wilde,2003-01-27
Anthony Descotte,2003-08-03
Arne Engels,2003-09-08
Alonzo Engwanda,2003-01-27
Edu Espiau,1994-12-19
Marco Tilio,2001-08-23
Ahmed Aiham,2003-01-01
Jayden Richardson,2000-09-04
Francisco Álvarez,2000-02-26
Mahala Opoku,2001-07-13
Martín Rea,1997-11-13
Mika Biereth,2003-02-08
Harvey Elliott,2003-04-04
Imari Samuels,2003-02-05
Ugochukwu Iwu,1999-11-28
Nicolás Castro,2000-11-01
Martín Barrios,1999-01-24
Shinya Nakano,2003-08-17
Kakeru Yamauchi,2002-01-06
Ryotaro Araki,2002-01-29
Shunsuke Mito,2002-09-28
Mohamed Abdelmonem,1999-02-01
Jonathan Cissé,1997-05-18
Kornél Szűcs,2001-09-24
Yusuf Barası,2003-03-31
Kamil Lukoszek,2002-04-04
Jan Biegański,2002-12-04
Elias Hagen,2000-01-20
Oliver Bundgaard,2001-06-15
Bjarki Bjarkason,2000-05-11
Mikael Egill Ellertsson,2002-03-11
Elias Havel,2003-04-16
Romeo Vucic,2003-01-30
Nelson Abbey,2003-08-28
Lautaro Chávez,2001-01-17
Michael Olise,2001-12-12
Matias Belli Moldskred,1997-08-12
James Trafford,2002-10-10
Achraf Dari,1999-05-06
Issa Bah,2002-07-05
Rafinha,1997-12-29
Yassin Oukili,2001-01-03
Julius Dirksen,2003-02-02
Xavi Simons,2003-04-21
Aleksandre Kalandadze,2001-05-09
Gamid Agalarov,2000-07-16
Hatem Al-Rushadi,1996-02-15
Liam Morrison,2003-04-07
Andy Winter,2002-03-10
Reece McAlear,2002-02-12
Josh Doig,2002-05-18
Basilio Ndong,1999-01-17
Harry Stone,2002-04-20
Connor Barron,2002-08-29
Ebrima Colley,2000-02-01
Giuliano Galoppo,1999-06-18
Naatan Skyttä,2002-05-07
Nicolás Gil,1997-04-01
Bojan Ilievski,1999-09-01
Alberto Simoni,1996-11-05
Filipe Relvas,1999-09-20
Konstantinos Stamoulis,2000-10-29
Elliot Anderson,2002-11-06
Javier Altamirano,1999-08-21
Darío Cáceres,1998-01-26
Nikolaos Christogeorgos,2000-01-03
Ronaldo Martínez,1996-04-25
Junior Marabel,1998-03-26
Igoh Ogbu,2000-02-08
Vladyslav Baboglo,1998-11-14
Jeremy Sarmiento,2002-06-16
Dennis Cirkin,2002-04-06
Lucas Cañizares,2002-05-10
Jordi Escobar,2002-02-10
Yéremy Pino,2002-10-20
Javi López,2002-03-25
Cole Palmer,2002-05-06
Dante Sealy,2003-04-17
Show,1999-03-06
German Onugkha,1996-07-06
Adam Obert,2002-08-23
Suphanat Mueanta,2002-08-02
Aimé Omgba,2002-10-22
Tijs Velthuis,2002-01-12
Theo Corbeanu,2002-05-17
Victor Dican,2000-10-11
Ștefan Târnovanu,2000-05-09
Tomás Badaloni,2000-05-02
Santiago Moyano,1997-09-23
Radu Drăgușin,2002-02-03
Constantin Grameni,2002-10-23
Botond Szondi,2002-06-26
Oliver Heidarsson,2001-02-23
Răzvan Sava,2002-06-21
Robert Popa,2003-03-05
Ju-sung Kim,2000-12-12
Jong-beom Baek,2001-01-21
Han-min Jung,2001-01-08
Sung-yun Kwon,2001-03-30
Joon-hyuck Kang,1999-10-20
Pape Matar Sarr,2002-09-14
Cheikh Sabaly,1999-03-04
Issa Soumaré,2000-10-10
Lamine Gueye,1998-03-13
Papa Ndiaga Yade,2000-01-05
Matthias Debono,2002-02-11
Pape Sy,1997-05-02
Tom Ikara,1997-02-12
Pablo Martínez,1998-02-22
Umut Tohumcu,2004-08-11
Armindo Sieb,2003-02-17
Enzo Giménez,1998-02-17
Lassine Sinayoko,1999-12-08
Fabian Messina,2002-09-16
Tomás Rodríguez,1999-03-09
Stiwart Acuña,1999-02-06
Luis Sandoval,1999-06-01
Omar Bertel,1996-09-09
Frederik Winther,2001-01-04
Nassim Innocenti,2002-02-19
Enzo Millot,2002-07-17
Cheick Souaré,2002-09-03
Kelian Nsona,2002-05-11
Koba Koindredi,2001-10-27
Yanis Begraoui,2001-07-04
Chrislain Matsima,2002-05-15
Lucien Agoumé,2002-02-09
Adil Aouchiche,2002-07-15
Valentin Gendrey,2000-06-21
Sofiane Diop,2000-06-09
Aymen Dahmen,1997-01-28
Luka Kulenovic,1999-09-29
Youssouf Fofana,1999-01-10
Mads Hansen,2002-07-28
David Kruse,2002-05-15
Mathias Kvistgaarden,2002-04-15
Joyskim Dawa,1996-04-09
Berto Rosas,2002-08-19
Alassane Ndao,1996-12-20
Marquinhos Cipriano,1999-02-09
Charles Vanhoutte,1998-09-16
Tommaso Barbieri,2002-08-26
Giannis Sourdis,2001-09-29
Hamza Khadhraoui,1999-01-16
Jader Valencia,1999-11-15
Adrian Liber,2001-01-09
Abdulla Abdullaev,1997-09-01
Dan Neil,2001-12-13
Haruya Fujii,2000-12-26
Agustín Heredia,1997-06-16
Danil Glebov,1999-11-03
Alfonso Alvarado,2000-03-15
Mateusz Legowski,2003-01-29
Juan Pablo Cozzani,1998-10-09
Juan Felipe Aguirre,1996-08-29
Sebastián Gómez,1996-06-03
Anderson Angulo,1996-07-01
Brian Rubio,1996-11-09
Edyairth Ortega,1997-01-23
Ismael Govea,1997-02-20
Daniel Lajud,1999-01-22
Taiga Hata,2002-01-20
Darlan,1998-04-16
Matisse Didden,2001-10-08
Saad Uddin,1998-09-01
Roko Jurisic,2001-09-28
Anatoliy Nuriyev,1996-05-20
Marvin Ekpiteta,1995-08-26
Ilay Camara,2003-01-18
Brent Stevens,2003-08-11
Mario Mladenovski,2000-09-16
Oihan Sancet,2000-04-25
Kevor Palumets,2002-11-21
Alper Demirol,2002-10-01
Gjivai Zechiël,2004-06-01
Jayden Candelaria,2004-03-02
Carlos Palacios,2000-07-20
Ivan Smolcic,2000-08-17
Hrvoje Smolcic,2000-08-17
Valgeir Lunddal,2001-09-24
Joel Kojo,1998-08-21
Tomas Digana,1997-05-14
Giorgio Scalvini,2003-12-11
Fabio Miretti,2003-08-03
Kashif Bangnagande,2001-09-24
Yuji Kitajima,2000-08-04
Armando Broja,2001-09-10
Christ Tiéhi,1998-06-16
Johan Caballero,1998-05-15
Neyder Moreno,1997-02-09
Daniel Mantilla,1996-12-25
Sebastián Palma,1999-07-18
Johan Carbonero,1999-07-20
José Ortiz,1998-11-16
Tobias Sommer,2001-11-27
Un Kim,1994-11-15
Jean Carlos Pestaña,1997-08-25
Edwar López,1995-03-09
Andrés Amaya,2001-04-24
Daniil Yermolov,2000-12-03
Jae-hyun Go,1999-03-05
Matej Valenta,2000-02-09
Lorenzo Lucca,2000-09-10
Xeber Alkain,1997-06-26
Christopher Wooh,2001-09-18
Tray Fuller,2002-06-25
Ar'jany Martha,2003-09-04
Maxi Araújo,2000-02-15
Kevin Álvarez,1999-01-15
Jakub Cernin,1999-02-08
Jhon Balanta,1998-03-16
David Mina,1999-04-12
Robert Mejía,2000-10-06
Jader Quiñónes,2000-12-12
Stavro Pilo,2000-12-10
Hisam Saleem,1991-09-13
Ekhson Pandzhshanbe,1999-05-12
Richet Gómez,1998-11-03
Vladimir Radocaj,1998-12-24
Jared Stroud,1996-07-10
Hugo Duro,1999-11-10
Pham Thanh Long Le,1996-06-05
John Montaño,1997-05-07
Krzysztof Kubica,2000-05-25
Aimen Mahious,1997-09-15
Karlo Isasegi,2000-08-24
Deniss Melniks,2002-09-07
Grant-Leon Ranos,2003-07-20
Karel Eerme,2004-04-22
Nikita Fedotov,2000-06-27
Marino Bulat,1999-06-26
Azim Azarov,1996-09-20
Mackenzie Hunt,2001-11-14
Harry Tyrer,2001-12-06
Kristoffer Askildsen,2001-01-09
Lukas Willen,2003-04-25
Dragoljub Savic,2001-04-25
Borisav Burmaz,2001-04-21
Martin Novakovic,2001-01-05
Strahinja Erakovic,2001-01-22
Danilo Mitrovic,2001-03-23
Bogdan Jocic,2001-01-11
Luka Bijelovic,2001-04-11
Strahinja Pavlović,2001-05-24
Garcia,2002-01-04
Praxedes,2002-02-08
Lázaro,2002-03-12
Wesley Pomba,2002-06-02
Noah Mneney,2002-12-06
Hugo Souza,1999-01-31
Erick Japa,1999-04-06
Danila Vedernikov,2001-06-06
Richard Ludha,2000-11-08
Kwaku Bonsu Osei,2000-08-17
Vicko Sevelj,2000-09-19
Cătălin Cîrjan,2002-12-01
Richard Ledezma,2000-09-06
Frankie Amaya,2000-09-26
Vitor Gabriel,2000-01-20
Evgeniy Bolotov,2001-06-04
Thibault Klidjé,2001-07-10
Mauricio Villalobos,1999-08-20
Abdulrahman Saleh,1999-06-03
João Resende,2003-03-26
Vasco Sousa,2003-04-03
Guilherme Montóia,2003-09-14
Leonardo Balerdi,1999-01-26
Aarón Molinas,2000-08-02
Lautaro Morales,1999-12-16
Julián Alvarez,2000-01-31
Santiago Sosa,1999-05-03
Elías Pereyra,1999-02-15
Thiago Almada,2001-04-26
Doğan Alemdar,2002-10-29
Yousri Sbai,2004-08-08
Joseph Anang,2000-06-08
Josh Wilson-Esbrand,2002-12-26
Seung-sub Kim,1996-11-01
Ali Yousif,1996-01-19
Jan Paul van Hecke,2000-06-08
Dylan Scicluna,2004-06-10
Shinnosuke Fukuda,2000-09-04
Zafer Görgen,2000-06-21
Jasper Dahlhaus,2001-11-27
Nicky Clescenco,2001-07-23
Declan Lambert,1998-09-21
Hussain Sifaau,1996-02-04
Hussain Nihan,1992-07-06
Haimie Nyaring,1998-05-31
Abdul Hariz,2000-09-24
Shunki Higashi,2000-07-28
Kai Shibato,1995-11-24
Henry Sletsjøe,2000-03-27
Denso Kasius,2002-10-06
Mathías Laborda,1999-09-15
Ignacio Laquintana,1999-02-01
Ivan Marijanovic,1987-03-20
Chriso,1999-12-15
Ringo Meerveld,2002-12-21
Gastón Álvarez,2000-03-24
Emiliano Gómez,2001-09-18
Teodor Lungu,1995-06-12
Egor Lyubakov,1999-06-28
Mark Zabukovnik,2000-12-27
Oscar Pettersson,2000-02-01
Jesper Ceesay,2001-10-20
John Pulskamp,2001-04-19
Mohamed Ali Ben Romdhane,1999-09-06
Abdulla Idrees,1999-08-16
Rayan Aït-Nouri,2001-06-06
Maximilian Beier,2002-10-17
Federico Viñas,1998-06-30
Ruben Kluivert,2001-05-21
Chris Richards,2000-03-28
Noah Naujoks,2002-05-02
Christopher Cheng,2001-10-27
Hugo Siquet,2002-07-09
Fredrik Kristensen Dahl,1999-01-30
Enzo Martínez,1998-04-29
Sven Mijnans,2000-03-09
Jean Lucas,1998-06-22
Ángel Baena,2000-10-13
Ognjen Gasevic,2002-04-02
Max Fenger,2001-08-07
Frederik Elkær,2001-12-08
Mathias Grundetjern,2000-07-25
Faris Abdi,1999-05-09
Thabiso Monyane,2000-04-30
Kopano Thuntsane,1999-10-30
Fabio Ferraro,2002-09-03
Christiaan Ravych,2002-07-30
Thabo Moloisane,1999-02-24
Rasmus Forsell,2002-04-20
Joe Mendes,2002-12-31
Daniel Svensson,2002-02-12
Paulos Abraham,2002-07-16
Noel Milleskog,2002-05-08
Aimar Sher,2002-12-20
Melker Widell,2002-04-19
Marko Bjekovic,2000-09-21
Konrad Gruszkowski,2001-01-27
Albian Hajdari,2003-05-18
Ísak Jóhannesson,2003-03-23
Danijel Djuric,2003-01-05
Kazhymukan Tolepbergen,2000-04-21
Leonard Owusu,1997-06-03
Tony Miettinen,2002-09-23
Sebastian Nanasi,2002-05-16
Armand Laurienté,1998-12-04
Nooa Laine,2002-11-22
Cletus Nombil,2000-08-23
Iván Erquiaga,1999-03-26
Filip Lehky,2002-06-20
David Tkac,2002-07-06
Vojtech Sychra,2001-11-30
David Kozel,2001-11-28
Samuel Simek,2002-04-12
Sebastian Bohac,2002-07-27
Bright Arrey-Mbi,2003-03-26
Jamal Musiala,2003-02-26
Sebastián Guzmán,1997-05-26
Efraín Navarro,1999-08-12
Tobe Leysen,2002-03-09
Ivan Cubelic,2003-06-02
Martin Baturina,2003-02-16
Kevin Viveros,2000-04-26
Tomislav Duvnjak,2003-02-05
Jon Pacheco,2001-01-08
Jakob Knollmüller,2003-07-26
Elias Scherf,2003-05-11
Osame Sahraoui,2001-06-11
Maxime Sivis,1998-04-01
Yvann Maçon,1998-10-01
Henry Lawrence,2001-09-21
Layton Stewart,2002-09-03
Christos Zafeiris,2003-02-23
Eynel Soares,1998-10-25
Mykola Buzhyn,1999-03-19
Kristian Arnstad,2003-09-07
Odin Thiago Holm,2003-01-18
Sondre Auklend,2003-06-10
Bryan Fiabema,2003-02-16
Tiago Esgaio,1995-08-01
Joelson Fernandes,2003-02-28
Houssem Tka,2000-08-16
Mohammad Ibrahim,1997-08-07
Isa Faysal,1999-08-20
Jakov Suver,2003-01-22
Juan Gutiérrez,2002-02-04
Ville Koski,2002-01-27
Archie Brown,2002-05-28
Eiran Cashin,2001-11-09
Rusiate Doidoi,1996-05-01
Jan Schöppner,1999-06-12
Ivan Golovkin,2000-05-24
Khusniddin Alikulov,1999-04-04
Arif Hossain,2001-12-31
Sujon Hossain,1996-08-05
Altin Ujkani,2000-02-12
Valdemar Birksø,2001-03-17
CJ Egan-Riley,2003-01-02
Yimy Gómez,1999-08-04
Samuel Iling-Junior,2003-10-04
Jude Bellingham,2003-06-29
Nile John,2003-03-06
Julian Halwachs,2003-01-25
Justin Omoregie,2003-09-21
Min-kyu Song,1999-09-12
Santiago Noreña,1998-06-11
Timur Suleymanov,2000-03-17
Will Dennis,2000-07-10
Marcus Melchior,2001-02-09
Samir Ben Sallam,2001-06-03
Matías Godoy,2002-01-10
Motiejus Burba,2003-08-10
Ilya Agapov,2001-01-21
Nojus Stankevičius,2002-02-01
Md Sohel Rana,1996-06-01
Mohammed Abdullah,1997-10-16
Jesús Pretell,1999-03-26
Mattia Zanotti,2003-01-11
Timotej Jambor,2003-04-04
Víctor López,2003-05-08
Hady Reyad,1998-06-10
Jesús Castillo,1996-03-10
Álex Sala,2001-04-09
Jakob Dunsby,2000-03-13
Hayen Palacios,1999-09-08
Adrian Bajrami,2002-04-05
Andrés Reyes,1999-09-08
Andrin Hunziker,2003-02-21
Nikolas Muci,2003-02-08
Severin Ottiger,2003-04-20
Pascal Loretz,2003-06-01
Rúben Dantas Fernandes,2003-05-19
Medon Berisha,2003-10-21
Loïc Lüthi,2003-09-30
Tyron Owusu,2003-06-08
Alvyn Sanches,2003-02-12
Anthony Elanga,2002-04-27
James McAtee,2002-10-18
Mukhammadjon Rakhimov,1998-10-15
Kydavone Souvanny,1999-12-22
Sengdaovy Hanthavong,1998-10-04
Antoine Semenyo,2000-01-07
João Panji,2000-10-29
Marcus Pedersen,2000-07-16
Frederik Christensen,2001-01-18
Miguel Rubio,1998-03-11
Antonee Burke-Gilroy,1997-10-03
Andrej Ilic,2000-04-03
Oliver Kelaart,1998-04-16
Louay Ben Hassine,2000-04-02
Samuel Kopasek,2003-05-22
Jack Jean-Baptiste,1999-12-20
Andrey Estupiñán,1994-07-05
Agustín Ocampo,1997-11-23
Mohamed Sobhi,1999-07-15
Adnane Abid,2003-08-23
Yannick Cappelle,2003-07-07
Xander Martlé,2003-08-27
Ernest Muci,2001-03-19
Keano Vanrafelghem,2003-08-02
Mirza Cihan,2000-10-26
Owen Bevan,2003-10-26
Marcus Dackers,2003-01-09
Bruninho,2000-04-27
Marko Gjorgjievski,2000-04-18
Muhamed Sahinovic,2003-09-30
Eldar Mehmedovic,2003-04-10
Slobodan Stanojlovic,2001-12-28
Fredrik Holmé,2001-07-23
Egor Teslenko,2001-01-31
Petr Hodous,2003-12-19
Marek Beranek,2003-05-16
Petr Julis,2003-04-17
Gabriel Brown,1998-07-14
Kevin Lewis,1999-01-08
Georgios Marinos,2000-05-08
Giannis Tsivelekidis,1999-06-04
Dwight McNeil,1999-11-22
Ivan Durdov,2000-07-17
Filip Jovic,2000-02-27
Nemanja Stojic,1998-01-15
Aiham Ousou,2000-01-09
Marcel Pięczek,2000-12-11
Mihajlo Banjac,1999-11-10
Jovan Manev,2001-01-25
Marcus Bundgaard,2001-08-05
Filip Jørgensen,2002-04-16
Pape Habib Guèye,1999-09-20
Baltazar,2000-05-06
Brayan Córdoba,1999-09-18
Yéiler Góez,1999-11-01
Carlos Romaña,1999-11-10
Bryan Castrillón,1999-03-30
Gavin Bazunu,2002-02-20
Juan Portilla,1998-09-12
George Campbell,2001-06-22
Igor Jelicic,2000-02-28
Josimar Méndez,2001-09-19
Kresimir Krizmanic,2000-07-03
Gabriel Taliari,1997-04-13
Pierre Kalulu,2000-06-05
Junior Kadile,2002-12-16
Arnaud Kalimuendo,2002-01-20
Johann Lepenant,2002-10-22
Carlos Augusto,1999-01-07
Max Watters,1999-03-23
Ryan Flamingo,2002-12-31
Alexandros Kyziridis,2000-09-16
Yvandro Borges Sanches,2004-05-24
Panagiotis Liagas,1999-11-05
Marios Vichos,2000-01-14
Festy Ebosele,2002-08-02
Jesurun Rak-Sakyi,2002-10-05
Loreintz Rosier,1998-08-14
Kosta Aleksic,1998-03-09
Tae-joon Park,1999-01-19
Ye-sung Kim,1996-10-21
Jordan Harrison,2002-09-09
Zane Monlouis,2003-10-16
Daniel Oyegoke,2003-01-03
Luke Plange,2002-11-04
Ovie Ejeheri,2003-04-23
Myles Peart-Harris,2002-09-18
Fin Stevens,2003-04-10
Soe Moe Kyaw,1999-03-23
Jeremy Rafanello,2000-04-14
Aune Heggebø,2001-07-29
Jason Noslin,2000-02-09
Cristian Barrios,1998-05-19
Dion Vlak,2001-06-28
Pelle Mattsson,2001-08-04
Rafael Elias,1999-04-12
Nikola Cavlina,2002-06-02
Humberto Acevedo,1997-05-23
Antonio Zarzana,2002-03-21
Florian Haxha,2002-04-06
Zdravko Dimitrov,1998-08-24
Burak Bozan,2000-08-23
Felipe Jonatan,1998-02-15
Ömer Beyaz,2003-08-29
André Duarte,1997-09-12
Saúl Coco,1999-02-09
Yuki Yamamoto,1997-11-06
Robin Østrøm,2002-08-09
Mario Stroeykens,2004-09-29
Krisean López,1998-11-02
Jhon Arias,1997-09-21
Mathieu Choinière,1999-02-07
Bartlomiej Wdowik,2000-09-25
Khalid Mohammed,2000-06-07
Yusuf Abdurisag,1999-08-06
Shehab Ellethy,2000-04-18
Ayase Ueda,1998-08-28
Sofus Berger,2003-06-02
Maxence Maisonneuve,1999-02-11
Agustín Oliveros,1998-08-17
Milson,1999-10-12
Rafa Núñez,2002-01-25
Thiago Vecino,1999-02-25
Frenks Orols,2000-06-28
Zhurun Liu,2001-10-06
Mohanad Ali,2000-06-20
Kelvin Yeboah,2000-05-06
Ilija Masic,1999-04-08
Tojiro Kubo,1999-04-05
Charlie Reilly,2001-12-05
Airfan Doloh,2001-01-26
Shao-Chieh Tu,1999-01-02
Yen-Shu Wu,1999-10-21
Vitor Eudes,1998-10-21
Hiroto Yamami,1999-08-16
Kiko Bondoso,1995-11-17
Josh Clarke,2004-07-28
Jackson Lunanga,1997-04-05
Kennedy Egbus Mikuni,2000-06-23
Takumi Nakamura,2001-03-16
Solomon Sakuragawa,2001-08-04
Hiroto Taniguchi,1999-09-30
Víctor García,1997-09-16
Hamdi Akujobi,2000-01-20
Guus Offerhaus,2001-01-03
Victor Lind,2003-06-12
Migouel Alfarela,1997-11-15
Bandiougou Fadiga,2001-01-15
Salem M'Bakata,1998-04-19
Savo Raskovic,2002-01-25
Enrique Lofolomo,2000-04-14
Niels Nkounkou,2000-11-01
Derek Agyakwa,2001-12-19
Jayden Oosterwolde,2001-04-26
Daan Rots,2001-07-25
Mohamed Al-Naser,1997-03-23
Dimitrios Tsopouroglou,2002-06-21
Jan Knapik,2000-12-11
Joe Gauci,2000-07-04
Jonathan Marulanda,1995-11-21
Wille Jakobsson,2002-01-07
Mimeirhel Benita,2003-11-17
Aitor Paredes,2000-04-29
Aaron Hickey,2002-06-10
Victor Parada,2002-04-04
Victor Eriksson,2000-09-17
Yuki Ohashi,1996-07-27
Oliver Petersen,2001-09-26
Willian Machado,1996-11-13
Gabriel Poveda,1998-07-07
Júnior Santos,1994-10-11
Nathan Fogaça,1999-06-09
Lucas Oliveira,1996-02-02
Matti Peltola,2002-07-03
Sebastian Sebulonsen,2000-01-27
Jussi Niska,2002-08-15
Mohamed Amine Tougai,2000-01-22
Abdelkahar Kadri,2000-06-24
Adem Zorgane,2000-01-06
Matías Borgogno,1998-08-21
Tiago Manso,1999-12-13
Nicolai Remberg,2000-06-19
Gonzalo Plata,2000-11-01
Frederik Rieper,1999-06-19
Lazar Micic,2003-02-17
Adam Markhiev,2002-03-17
Andreas Jungdal,2002-02-22
Woyo Coulibaly,1999-05-26
Himad Abdelli,1999-11-17
Rijk Janse,2002-04-16
Augustin Drakpe,2001-12-08
Julimar,2001-01-25
Younn Zahary,1998-10-20
Owen Maës,1998-09-24
Ibrahim Mahnashi,1999-11-18
Hamed Al-Ghamdi,1999-04-02
Edwin Torres,1997-11-29
Jacy,1997-07-11
Yahya Kalley,2001-03-20
Patriot Sejdiu,2000-05-05
Ilyas Chaira,2001-02-02
Rami Al Hajj,2001-09-17
Mehdi Moubarik,2001-01-22
Aymane Mourid,2000-05-07
Azzedine Ounahi,2000-04-19
Sem Steijn,2001-11-12
Patrick Brouwer,2001-03-19
Couhaib Driouech,2002-04-17
Thomas Beelen,2001-06-11
Sam Durrant,2002-02-16
Marcos Vinícius,1997-03-26
Yuki Soma,1997-02-25
Gonzalo Goñi,1998-08-16
Bjorn Meijer,2003-03-18
Tunahan Taşçı,2002-04-29
Jeremy Antonisse,2002-03-29
Tiago Çukur,2002-11-30
Jonathan Mulder,2002-01-02
Hampus Gustafsson,2001-06-20
Raimonds Krollis,2001-10-28
Anderson Oliveira,1998-07-16
Oskar Fallenius,2001-11-01
Dudu Teodora,1999-08-10
Fabio Gruber,2002-09-03
Andreas Nibe,2003-05-31
Naïs Djouahra,1999-11-23
Mohamed Bayo,1998-06-04
Nedeljko Stojisic,1997-09-25
Ibrahima Camará,1999-01-25
Charles-Andreas Brym,1998-08-08
Lennard Hartjes,2003-04-07
Shiloh 't Zand,2003-05-14
Luka Radotic,2000-07-17
Casper Øyvann,1999-12-07
Nikola Stulic,2001-09-08
Beto,1998-01-31
Channarong Promsrikaew,2001-04-17
Jacob Mahler,2000-04-10
Zico Buurmeester,2002-06-07
Mihailo Orescanin,1997-09-07
Felippe Cardoso,1998-10-04
Pep Chavarría,1998-04-10
Djevencio van der Kust,2001-04-30
Ayouba Kosiah,2001-07-22
Justin Njinmah,2000-11-15
Casper Staring,2001-02-01
Rick Meissen,2002-02-24
Dilshod Saitov,1999-02-02
Djenairo Daniels,2002-01-07
Scott Banks,2001-09-26
Alan Torres,2000-02-19
Tomás Marchiori,1995-06-20
Zakhele Lepasa,1997-03-19
Gilberto Sepúlveda,1999-02-04
Eric Martel,2002-04-29
Iván Moreno,1998-01-17
Walid Ould-Chikh,1999-11-06
Luiyi de Lucas,1994-08-31
Samuel Teles,1997-02-28
Kacper Smoliński,2001-02-07
Serxho Ujka,1998-08-27
Andi Hadroj,1999-02-22
Marco Hoffmann,2003-11-08
Leopold Querfeld,2003-12-20
Charlie Cresswell,2002-08-17
Daniel Gutiérrez,1997-06-17
Marcel Ruiz,2000-10-26
Dmytro Riznyk,1999-01-30
Georgios Manalis,1994-12-21
Rodrigo Banegas,1995-11-08
Jordy Alcívar,1999-08-05
Marios Pourzitidis,1999-05-08
Dimitrios Tsakmakis,1999-07-28
Diogo Rodrigues,1999-08-23
Epeli Valevou,2001-02-21
Mansour Sinyan,1999-07-13
Marius Mouandilmadji,1998-01-22
Rayane Bounida,2006-03-03
Soufiane Rahimi,1996-06-02
Paul Mensah,1999-10-13
Florian Wirtz,2003-05-03
Szabolcs Mezei,2000-10-18
Bruno Duarte,1996-03-24
Brian Ocampo,1999-06-25
Adrián Martínez,1992-07-07
Tsuyoshi Watanabe,1997-02-05
Adonis Frías,1998-03-17
Stefan Vilotic,1999-10-16
Takumi Kamijima,1997-02-05
Marat Apshatsev,2001-05-27
Denis Makarov,1998-02-18
Tonni Adamsen,1994-11-15
Ángel Torres,2000-04-06
Ferran Jutglà,1999-02-01
Zeljko Arsic,1997-07-26
Ronaldo Prieto,1997-03-03
Novak Mićović,2001-10-25
Andrés Sánchez,1997-10-03
Veljko Kijevcanin,1999-08-03
Nemanja Micevic,1999-01-28
Max Rosenfelder,2003-02-10
Vanja Ilic,1999-01-03
Peter Reinhardsen,1999-04-21
Williams Alarcón,2000-11-29
Vladímir Loroña,1998-11-16
Stefan Ilic,2001-02-25
Tómas Bent Magnússon,2002-08-14
Faris Moumbagna,2000-07-01
Arman Taranis,2001-07-30
Ederson Moreno,1994-01-18
Kevin Castañeda,1999-10-28
Arkadiusz Pyrka,2002-09-20
Antonio López,1997-04-10
Mattia Felici,2001-04-17
Florent Poulolo,1997-01-02
Sean Zawadzki,2000-04-21
Alhassan Yusuf,2000-07-18
Zé Ricardo,1999-02-03
Rogerio Caicedo,1993-12-18
Majed Osman,1994-06-09
Milan Ilic,2000-02-07
José González,1998-11-19
August Mikkelsen,2000-10-24
Kevin Velasco,1997-04-30
Raymundo Fulgencio,2000-02-12
Luca Moro,2001-01-25
Francisco Nevárez,2000-12-03
Caio Paulista,1998-05-11
Lucas Pellegrini,2000-04-17
Simeon Petrov,2000-01-12
Dominik Weixelbraun,2003-12-17
Nikolas Veratschnig,2003-01-24
Ruslan Kul,2000-02-22
Luciano Valente,2003-10-04
Vyacheslav Litvinov,2001-04-01
Andrés Álvarez,1999-03-12
Matheus Nunes,1998-08-27
Kimani Arbourine,1997-04-02
Edwin Herrera,1998-09-02
Cristopher Meléndez,1997-11-25
Antony,2000-02-24
Alessandro Bianco,2002-10-01
Guillem Molina,2000-05-03
Liam Sole,1999-12-21
Hayato Araki,1996-08-07
Érik Lira,2000-05-08
Dario Kreiker,2003-01-07
Merrill Nand,2000-09-22
Florian Wustinger,2003-07-21
David Jaunegg,2003-02-28
Daniel Green,1997-06-10
Jamoi Topey,2000-01-13
Blaz Boskovic,2001-12-15
Cacá,1999-04-25
Andrija Janjic,2002-05-20
Mohammad Mohebi,1998-12-20
Florin Borța,1999-06-21
Svit Seslar,2002-01-09
Arsentiy Doroshenko,2000-06-27
Mayk,1999-08-31
Francesco Folino,2002-01-23
Alberto Reina,1997-11-19
Lewis Miller,2000-08-24
Emmanuel Ekong,2002-06-25
Callum Jones,2001-04-05
Emam Ashour,1998-02-20
Lawrence Ennali,2002-03-07
Konstantin Nizhegorodov,2002-06-21
Jamil Siebert,2002-04-02
Filippo Rinaldi,2002-12-04
Steve Kingue,2000-01-23
Frans Krätzig,2003-01-14
Behar Neziri,2003-01-06
Gabriel Vidovic,2003-12-01
Yusuf Kabadayi,2004-02-02
Ionuț Dinu,1998-04-08
Mario Kvesa,2003-11-24
Marco Sulzner,2003-07-02
Liam Chipperfield,2004-02-14
David Min,1999-06-23
Tim Spycher,2004-04-13
Abdussalam Magashy,1998-04-06
Dimitrios Theodoridis,2002-08-08
Iván Anderson,1997-11-24
Franklin Flores,1996-05-18
Yuto Yamada,2000-05-17
Eyüp Aydın,2004-08-02
Cole Bassett,2001-07-28
Matt Orr,1997-01-01
Bounphachan Bounkong,2000-11-29
Xayasith Singsavang,2000-12-13
Oisin Smyth,2000-05-05
Jean-Clair Todibo,1999-12-30
Louis Oppie,2002-05-17
Yalçın Kayan,1999-01-30
Igor Matanovic,2003-03-31
Karen Nalbandyan,2002-04-14
Casper Widell,2003-05-05
Samuel Dahl,2003-03-04
Melker Ellborg,2003-05-22
Pol Tristán,2002-03-18
Daniel Paraschiv,1999-04-24
Dorin Codrea,1997-06-13
Viktor Zentrich,2003-06-13
Ebrar Aydın,2000-09-03
Filomeno,1998-06-21
Armando Méndez,1996-03-31
Ási Dam,2002-12-18
Ari Petersen,2002-12-07
Aleksander Paluszek,2001-04-09
Zan-Luk Leban,2002-12-15
Dawid Kocyla,2002-07-23
Nathan Tjoe-A-On,2001-12-22
Danilo Boza,1998-05-06
Juanca Pineda,2000-01-12
Matías Pellegrini,2000-03-11
Nikolaj Möller,2002-07-20
Nikolay Titkov,2000-08-18
Sergio Guerrero,1999-04-10
Ernist Batyrkanov,1998-02-21
Atay Dzhumashev,1998-09-15
Toti,1999-01-16
Gustavo Klismahn,1999-11-23
Ivan Lytvynenko,2001-04-10
Rodrigo Zalazar,1999-08-12
Nawaf Al-Habashi,1998-06-23
Lucas Braga,1996-11-10
Leonardo Campana,2000-07-24
Ermal Krasniqi,1998-09-07
Arbnor Muja,1998-11-29
Akor Adams,2000-01-29
Juergen Elitim,1999-07-13
Kevin Gadellaa,2003-04-08
Espen van Ee,2003-07-05
Jordi Altena,2003-12-04
Rayan Cherki,2003-08-17
Hannibal,2003-01-21
Loum Tchaouna,2003-09-08
Lisandru Tramoni,2003-04-18
Mathias Oyewusi,1999-02-02
Takaki Ose,1995-10-19
Norbert Wojtuszek,2001-10-05
Ruslan Lisakovich,2002-03-22
Jonas Urbig,2003-08-08
Jeison Quiñónes,1997-08-17
Kirill Kravtsov,2002-06-14
Camutanga,1993-09-27
Éderson,1999-07-07
Dragan Bojat,2003-08-10
Anfane Ahamada,2002-05-07
Théo Berdayes,2002-05-23
Ardon Jashari,2002-07-30
Daniel Dos Santos,2002-12-29
Gabriel Menino,2000-09-29
Derensili Sanches Fernandes,2001-05-28
Kilian Bevis,1998-02-13
Nicolas Popescu,2003-01-02
Stefan Bodisteanu,2003-02-01
Adolfo Gaich,1999-02-26
Luca Mihai,2003-10-11
Sherzod Nasrullaev,1998-07-23
Arinaldo Rrapaj,2001-08-09
Merlin Röhl,2002-07-05
Mathijs Tielemans,2002-04-26
Nana Antwi,2000-08-10
Willer Ditta,1998-01-23
José Fontán,2000-02-11
Peter Kingston,2001-07-14
Kevin Carabantes,1995-03-20
Elvin Alvarado,1998-08-23
Luís Esteves,1998-04-09
William Osula,2003-08-04
Petros Bagkalianis,2001-02-06
Alexandros Tereziou,2000-03-01
Wilguens Paugain,2001-08-24
Tobi Oluwayemi,2003-05-08
Unai Vencedor,2000-11-15
Florent Shehu,2002-05-17
Nediljko Labrovic,1999-10-10
Mateo Bajamich,1999-08-03
Fabio Pereyra,1990-01-31
Marcelo Estigarribia,1995-04-10
Iván Jaime,2000-09-26
Antoñín,2000-04-16
William Bøving,2003-03-01
Maurits Kjærgaard,2003-06-26
Gustav Grubbe,2003-01-27
Saeed Issah,2000-01-11
Andrew,2001-07-01
Andreas Gülstorff,2003-01-26
Oscar Fraulo,2003-12-06
Christian Gammelgaard,2003-03-10
Wahid Faghir,2003-07-29
Valdemar Lund,2003-05-28
Rasmus Højlund,2003-02-04
Bafodé Dansoko,1995-12-28
Adel Bettaieb,1997-01-28
Joan Parra,2000-06-10
Julián Bartolo,1996-04-15
Ali Al-Hamadi,2002-03-01
Agustín Palavecino,1996-11-09
Jakub Surovcik,2002-06-28
Dominik Javorcek,2002-11-02
Nikola Marjanovic,1998-04-16
Germán Guiffrey,1997-12-31
Urko Izeta,1999-09-29
Nathan Harriel,2001-04-23
Justin Haak,2001-09-12
Gabriel Segal,2001-05-17
Edmund Addo,2000-05-17
Ryan Alebiosu,2001-12-17
Jesús Rivas,1997-04-06
Alp Köseer,2003-01-01
Luis Paradela,1997-01-21
Takumi Kato,1999-07-16
Tomoya Ando,1999-01-10
Liam Delap,2003-02-08
Francisco Reyes,1998-10-04
Lukas Cerv,2001-04-10
Oliver Zandén,2001-08-14
Nassim Ahmed,2000-10-09
James Hill,2002-01-10
Ciaron Brown,1998-01-14
Sidny Lopes Cabral,2002-09-18
Harry Sharp,2001-04-04
Jamal Harkass,1995-11-24
Fredrik Carlsen,2001-12-01
Nikola Kuveljic,1997-04-06
Ming-Him Sun,2000-06-19
Alef Manga,1994-11-29
Bashir Humphreys,2003-03-15
Isaac Price,2003-09-26
Calvin Twigt,2003-01-30
Silas,1998-10-06
Renzo Bacchia,1999-01-23
Raúl Lozano,1997-09-02
Cristian Zabala,1998-03-04
Brian Benítez,1996-04-17
Jens Castrop,2003-07-29
Edwin Mosquera,2001-06-27
Tomás Fernández,1998-02-11
Gaetano Oristanio,2002-09-28
Zié Ouattara,2000-01-09
Jamerson,1998-09-09
Sebastián Prieto,1993-04-09
İsmail Yüksek,1999-01-26
Vasilios Zagaritis,2001-05-04
Álvaro Barreal,2000-08-17
Charalampos Charalampous,2002-04-04
Stelios Andreou,2002-07-24
Evangelos Andreou,2002-09-24
Evagoras Antoniou,2002-11-04
Tobias Haahr,2003-07-03
Stavros Gavriel,2002-01-29
Jordan Adebayo-Smith,2001-01-11
Kelvin Boateng,2000-03-24
Andrija Radulovic,2002-07-03
Levi Colwill,2003-02-26
Adrián Mora,1997-08-15
Eric Ramires,2000-08-10
Orlando Sinclair,1998-04-19
Bruno Carvalho,1997-09-16
Alexandru Oroian,2001-01-27
Drissa Camara,2002-02-18
David Miculescu,2001-05-02
Joe White,2002-10-01
Yahya Nader,1998-09-11
Yahya Al-Ghassani,1998-04-18
Kevin Andrade,1999-06-16
David Quintero,1998-01-29
Ilias Kostis,2003-02-27
Loizos Loizou,2003-07-18
Antonio Foti,2003-11-03
Antonio Djakovic,2001-06-12
Maximiliano Comba,1994-01-16
Amar Dzevlan,2003-02-05
Emin Hasic,2003-02-08
Nicolás Morgantini,1994-09-11
Juan Infante,1996-01-07
Mantas Bertašius,2000-05-03
Kaito Yasui,2000-02-09
Nikola Stajic,2001-09-08
Mirko Topić,2001-02-05
Tyreek Magee,1999-08-27
Cenk Özkacar,2000-10-06
Alec Díaz,2001-12-07
Vladimir Prijovic,2002-06-26
Vuk Bogdanovic,2002-04-03
Ilija Babic,2002-08-03
Santiago Eneme,2000-09-29
Uros Drezgic,2002-10-04
Valentin Paltsev,2001-07-12
William Milovanovic,2002-05-06
Prestige Mboungou,2000-07-10
Juan O'Neill,1998-07-12
Nicolás Cardona,1999-02-11
Joel Serrano,1999-05-17
Matei Ilie,2002-12-11
Julian Baas,2002-04-16
Nuno Mendes,2002-06-19
Tiago Tomás,2002-06-16
Ander Barrenetxea,2001-12-27
Joel King,2000-10-30
Ryan Teague,2002-01-24
Isikeli Sevanaia,2003-01-11
Thomas Dunn,2003-01-19
Mohammed Nabeel,2002-03-14
Samuel Navoce,2003-07-22
Mert Celik,2000-06-10
Matteo Ruggeri,2002-07-11
Alassane Sidibe,2002-06-09
Taha Şahin,2000-10-22
Çağtay Kurukalıp,2002-02-24
Eren Elmalı,2000-07-07
Filippo Fabbri,2002-01-07
Péter Baráth,2002-02-21
Alex Paulsen,2002-07-04
Nathan Lobo,2002-12-16
Marko Stamenić,2002-02-19
Matthew Garbett,2002-04-13
Ben Old,2002-08-13
Pablo Campos,2002-04-28
Ilaix Moriba,2003-01-19
Diego López,2002-05-13
Henrique Araújo,2002-01-19
Taishi Brandon Nozawa,2002-12-25
Rui Sueyoshi,1996-07-26
Slobodan Rubežić,2000-03-21
Stanislav Agkatsev,2002-01-09
Hunter Sulte,2002-04-25
Albin Krasniqi,2001-06-03
Zé Carlos,1998-07-31
Matheus Alexandre,1999-04-07
Mohamed Guindo,2003-08-01
Caleb Zady Sery,1999-12-20
Jenson Seelt,2003-05-23
Samuel Chukwudi,2003-06-25
Esneyder Mena,1997-11-03
Mirko Milikic,2001-12-24
Tayrell Wouter,2002-07-16
Sem Scheperman,2002-06-24
Max Bruns,2002-11-06
Mario Gila,2000-08-29
Dion Beljo,2002-03-01
Jakov-Anton Vasilj,2002-06-02
Bartosz Brzęk,2005-12-01
Filip Luberecki,2005-04-25
Wojciech Urbański,2005-01-12
Tanguy Coulibaly,2001-02-18
Castello Lukeba,2002-12-17
Hussayn Touati,2001-10-03
Tyler Morton,2002-10-31
Michalis Kosidis,2002-02-09
Alejandro Iturbe,2003-09-02
Adrián Cova,2001-02-13
Manu Sánchez,2000-08-24
Carlos Martín,2002-04-22
Metehan Baltacı,2002-11-03
Pedro de la Vega,2001-02-07
Alexander Díaz,2000-03-22
Karar Nabeel,1998-01-16
Bruno Unusic,2002-02-09
Luka Skaricic,2002-01-28
Veldin Hodza,2002-10-15
Vanja Pelko,2002-03-25
Marko Lukovic,2003-09-04
Stefan Despotovski,2003-01-23
Vukasin Krstic,2003-04-13
Dario Grgic,2003-03-16
Nikola Petković,2003-02-23
Srdjan Hrstic,2003-07-18
Iurie Iovu,2002-07-06
Mohamed Bamba,2001-12-10
Tobias Gulliksen,2003-07-09
Ulrik Syversen,2003-04-22
Emil Engqvist,1999-05-27
Tenton Yenne,2000-07-07
Stefan Randjelovic,1999-01-27
Bünyamin Balcı,2000-05-31
Denis Vala,2000-10-11
Haissem Hassan,2002-02-08
Robin Hranac,2000-01-29
Mio Backhaus,2004-04-16
Phuwadol Pholsongkram,2002-05-11
Yannick Semedo,1995-12-29
Moussa Cissé,2003-04-29
Lucas Gourna-Douath,2003-08-05
Brayann Pereira,2003-05-21
Rocco Ascone,2003-09-12
Malo Gusto,2003-05-19
Ostap Prytula,2000-06-24
Kaio Jorge,2002-01-24
Simon Seidl,2002-09-04
Ivan Basic,2002-04-30
Ameen Al-Dakhil,2002-03-06
Ibrahim Diabate,1999-11-17
Dejan Popara,2003-03-10
Yilson Rosales,2000-12-09
Strahinja Manojlovic,2002-08-11
Ryan Fosso,2002-06-17
Nikola Milicevic,2002-04-13
Théo Vermot,1997-01-27
Omer Nir'on,2001-04-17
Riad Suta,2002-06-29
Emile Franco,2000-11-03
Kasey McAteer,2001-11-22
Tom Sparrow,2002-12-06
Andrés Herrera,1998-11-03
Nikita Ermakov,2003-01-19
Ifeanyi Onyebuchi,2000-04-04
Mauro Valiente,2000-01-26
Daniil Khlusevich,2001-02-26
Arman Nersesyan,2001-10-19
Metehan Altunbaş,2003-01-07
Jakub Lapes,1999-07-04
Olivier Deman,2000-04-06
Apostolos Tsilingiris,2000-09-06
Daan Dierckx,2003-02-24
Andrew Omobamidele,2002-06-23
Cieran Slicker,2002-09-15
Noah Rupp,2003-08-13
Jamie Smith,2002-05-08
Jiri Spacil,1999-02-11
Jachym Sip,2003-01-22
Stepan Langer,2000-08-16
Cesare Casadei,2003-01-10
Denys Ustymenko,1999-04-12
Sander Risan Mørk,2000-12-06
Razhab Magomedov,2000-10-03
Sergey Babkin,2002-09-25
Timur Magomedov,2001-12-20
Colin Kleine-Bekel,2003-01-24
Ramazan Karimov,1999-07-05
Ivan Sviridov,2002-06-28
Karol Czubak,2000-01-25
Fran Pérez,2002-09-09
Pablo Gozálbez,2001-04-30
Jesús Vázquez,2003-01-02
Nikolaos Athanasiou,2001-03-16
Lynnt Audoor,2003-10-13
Styopa Mkrtchyan,2003-02-17
Artur Serobyan,2003-07-02
Maksim Mukhin,2001-11-04
llya Karavashchenko,2001-06-25
Oleksandr Drambayev,2001-04-21
Georgiy Sudakov,2002-09-01
Bogdan Viunnyk,2002-05-21
Aleksandr Osipov,1998-10-21
Mihai Popa,2000-10-12
Valentin Țicu,2000-09-19
Claudiu Petrila,2000-11-07
Ovidiu Perianu,2002-04-16
Danny Leyva,2003-05-05
Erik Simonyan,2003-06-12
Jakob Nyland Ørsahl,2001-07-14
Lechi Sadulaev,2000-01-08
Triantafyllos Tsapras,2001-10-22
Iliman Ndiaye,2000-03-06
Juan Montoya,1998-10-15
Konstantinos Roukounakis,2001-07-17
Kacper Karasek,2002-03-20
Victor Bak,2003-10-03
Kristoffer Lund,2002-05-14
Marko Soldo,2003-11-22
Carlo Armiento,1999-06-04
Luka Vesner Ticic,2000-10-25
Joris Chotard,2001-09-24
Yunusa Muritala,2000-04-02
Ingars Pulis,2001-01-24
Nicolás Romano,1999-11-05
Tomás Verón Lupi,2000-09-03
Michalis Pardalos,2001-03-02
Aaron Donnelly,2003-06-08
Conor Bradley,2003-07-09
Ross McCausland,2003-05-12
Dale Taylor,2003-12-12
Ignácio,1996-12-01
Daniel Smekal,2001-12-08
Matvey Lukin,2004-04-27
Milan Vukotic,2002-10-05
Manu Koné,2001-05-17
Pim Saathof,2003-12-28
Denny Gropper,1999-03-16
Lyall Cameron,2002-10-10
Ilir Krasniqi,2000-04-02
Rúben Amaral,2001-10-19
Christopher Attys,2001-03-13
Hayato Teruyama,2000-08-28
Keita Takahata,2000-09-16
Anthony Baron,1992-12-29
Parfait Guiagon,2001-02-22
Béni Makouana,2002-09-28
Raúl Moro,2002-12-05
Rumarn Burrell,2000-12-16
Kion Etete,2001-11-28
Kevin Holmén,2001-12-13
Julen Agirrezabala,2000-12-26
Beñat Prados,2001-02-08
Zineddine Belaid,1999-03-20
Lautaro Valenti,1999-01-14
Julián López,2000-01-08
Adrian Barisic,2001-07-19
Edarlyn Reyes,1997-09-30
Khalid Al-Braiki,1993-07-03
Ahmed Al-Rawahi,1994-05-05
Caetano,1999-06-24
Keo-Oudone Souvannasangso,2000-06-19
Nicolás Acevedo,1999-04-14
Urko González de Zárate,2001-03-20
Iker Kortajarena,2000-06-21
Unai Marrero,2001-10-09
Jon Ander Olasagasti,2000-08-16
Damian Kelvin,2002-06-15
Kaly Sène,2001-05-28
Murad Al-Wuheeshi,1997-02-28
João Victor,1997-09-02
Matías Succar,1999-02-16
Adrion Pajaziti,2002-11-16
Roland Idowu,2002-01-21
Krisztián Keresztes,2000-01-04
Rubin Colwill,2002-04-27
Mykola Mykhaylenko,2001-05-22
Gurmeet Singh,1999-12-03
Shao-Chi Fong,2000-02-15
Miguel Sandberg,2002-08-05
Tzu-Ming Huang,2000-11-18
Wei-Chieh Lin,1999-10-09
Ming-Wei Lin,2001-05-20
Víctor Moreno,1994-10-23
Andrés Llinás,1997-07-23
Livano Comenencia,2004-02-03
Luka Stankovski,2002-09-02
Ivan Nikolov,2002-02-17
Kevin Höög Jansson,2000-09-29
Baba Alhassan,2000-01-03
Boulaye Dia,1996-11-16
Ezequiel Centurión,1997-05-20
Álvaro Núñez,2000-07-07
Ezequiel Bullaude,2000-10-26
Teo Quintero,1999-03-02
Pipe Gómez,1999-10-11
Calvin Harris,2000-03-20
Ronan Wynne,2001-05-28
Benji Michel,1997-10-23
Franck Surdez,2002-05-05
Tayvon Gray,2002-08-19
Griffin Yow,2002-09-25
Ricardo Pepi,2003-01-09
David Rodríguez,2002-05-05
Antino Lopez,2002-05-21
Will Reilly,2002-12-13
Gabriel Veron,2002-09-03
Talles Costa,2002-08-02
Gabriel Silva,2002-03-22
Reinier,2002-01-19
Peglow,2002-01-07
Yan Couto,2002-06-03
Manuel Insaurralde,1999-01-31
Lewis Dobbin,2003-01-03
Carlo García,2001-02-12
John Donald,2000-09-25
Jordi Liongola,2000-05-17
Yannik Lührs,2003-09-09
Clément Lhernault,2003-02-13
Elison Rivas,1999-11-20
Jonathan Núñez,2001-11-26
Edwin Rodríguez,1999-09-25
Jaden Servania,2001-07-16
Benjamin Sesko,2003-05-31
Lorenzo Capicchioni,2002-01-19
Andrea Contadini,2002-08-18
Gianni Stensness,1999-02-07
Lorenzo Lazzari,2003-06-06
Giacomo Matteoni,2002-04-11
Wilfried Gnonto,2003-11-05
Eldin Dzogovic,2003-06-08
Pau Resta,2000-11-14
Noah Shamoun,2002-12-08
Dinmukhamed Karaman,2000-06-26
Ken Nkuba,2002-01-21
Svetoslav Vutsov,2002-07-09
Hristiyan Petrov,2002-06-24
Emil Tsenov,2002-04-26
Alex,1999-05-10
Hugo Vallejo,2000-02-15
Ajdi Dajko,2002-10-28
Giannis Konstantelias,2003-03-05
Gabriele Piccinini,2001-04-06
Lucas Beltrán,2001-03-29
Jorge Cardona,1999-02-23
Roméo Lavia,2004-01-06
Ángel Fortuño,2001-10-05
Jofre Carreras,2001-06-17
Adam Ratajczyk,2002-06-12
Horace Ávila,1999-09-18
Juan Pablo Freytes,2000-01-11
Carlos Harvey,2000-02-03
José Ardón,2000-01-20
Óscar Castellanos,2000-01-18
Peterson Pierre-Louis,2001-06-13
Danley Jean Jacques,2000-05-20
Dany Jean,2002-11-28
François Dulysse,1999-04-13
Iván Romero,2001-04-10
Fabián Cantillo,1997-09-17
Ariel Uribe,1999-02-14
Andir Chi,2000-11-17
Erkin Yalcin,2004-06-14
Dijon Kameri,2004-04-20
Ozziel Herrera,2001-05-23
Lukas Jungwirth,2004-04-30
Matteo Bignetti,2004-05-06
Nicolas Bajlicz,2004-07-08
Donell Arzú,1999-09-27
Matheus Mendes,1999-03-10
Izon Gill,1999-12-27
Warren Moss,1999-10-13
Juan Luis Pérez,1999-06-29
Maliek Howell,1999-01-27
Óscar Santis,1999-03-25
Jorge Cruz,2000-01-24
Jorge Aguirre,2000-01-05
Pablo Ramón,2001-06-30
Yanis Hamache,1999-07-13
Nathan Ngoumou,2000-03-14
Danish Farooq,1996-05-09
Kévin Mouanga,2000-07-24
Shogo Sasaki,2000-07-25
Lukas Hornicek,2002-07-13
Vaclav Sejk,2002-05-18
Gio Calderón,2002-02-08
Kosei Suwama,2003-06-06
Uros Ignjatovic,2001-02-18
Khozhimat Erkinov,2001-05-29
Alisher Odilov,2001-07-15
Kevin Rosero,1998-12-03
Matija Gocmanac,2003-08-05
Nikola Marinkovic,2003-07-10
Tahnoon Al-Zaabi,1999-04-10
Jun Choi,1999-04-17
Ho-jin Jeong,1999-08-06
Won-sang Um,1999-01-06
Muhammed Uvais,1998-07-31
Jithin M.S,1998-01-16
Martin Svidersky,2002-10-04
Ísak Andri Sigurgeirsson,2003-09-11
Ricardo Visus,2001-04-24
Raúl García,2000-11-03
Filippo Terracciano,2003-02-08
Gonzalo Crettaz,2000-02-28
Macklin Freke,1999-01-06
Matheus Bueno,1998-07-30
Ramadhan Saifullah,2000-12-09
Azri Ghani,1999-04-30
Raúl Torrente,2001-09-11
Teun Wilke,2002-03-14
Gorby,2002-07-25
Vasilios Spinos,2001-01-20
Jakub Kolan,2004-08-03
Kamil Sochań,2004-02-04
Bruno Langa,1997-10-31
Khalid Aït Ouarkhane,2000-04-22
Danil Skorko,2002-04-06
Vladyslav Vanat,2002-01-04
Anselmo García MacNulty,2003-02-19
Muteb Al-Mufarrij,1996-08-19
Firas Al-Buraikan,2000-05-14
Khalid Al-Ghannam,2000-11-07
Saud Abdulhamid,1999-07-18
Khalifah Al-Dawsari,1999-01-02
Makhir Al-Rashidi,1999-05-20
Brandon Aguilera,2003-06-28
Yari Stevens,2003-12-18
Cisse Sandra,2003-12-16
Federico Navarro,2000-03-09
Krya Saret,1996-03-03
Alejandro García,2001-02-28
Eduard Banguero,2001-02-04
Juan Díaz,2001-05-20
Jarell Quansah,2003-01-29
Maaya Sako,2002-12-02
Hikaru Nakahara,1996-07-08
Iker Losada,2001-08-01
Matko Miljevic,2001-05-09
Nicolò Bertola,2003-03-23
Vasco Lopes,1999-09-02
Alejandro Francés,2002-08-01
Miguel Puche,2001-04-30
Salah Zakaria,1999-04-24
Pere García,2002-03-22
Shervoni Mabatshoev,2000-12-04
Ramiro Ruiz Rodríguez,2000-03-21
Dániel Zsóri,2000-10-14
Tamás Nikitscher,1999-11-03
Joel Jorquera,2000-08-19
Teun van Grunsven,1999-10-30
Tomas Kalinauskas,2000-04-27
Iván Azón,2002-12-24
Kaique Rocha,2001-02-28
José Enamorado,1999-01-13
Martin Cedidla,2001-11-22
Alexander Bernhardsson,1998-09-08
Yuya Asano,1997-02-17
Yuta Higuchi,1996-10-30
Jordan Zemura,1999-11-14
Aaron Kiil Olsen,2001-05-20
Matty Connelly,2003-03-02
Leon King,2004-01-14
Calvin Ramsay,2003-07-31
Giovanni Fabbian,2003-01-14
Bryan Castillo,2001-05-14
Conner Antley,1995-03-22
Angelo Capello,2002-01-27
Artur Ryabov,2000-08-20
Ilir Kukleci,1998-10-27
Enzo Le Fée,2000-02-03
Namory Cisse,2003-01-05
Xabi Huarte,2001-02-25
Aimar Oroz,2001-11-27
Viktor Popov,2000-03-05
Miguel Rodríguez,2003-04-29
Beñat Turrientes,2002-01-31
Borja Sainz,2001-02-21
Yannick Bright,2001-09-03
Ala Zhir,2000-03-07
Mahdi Al-Kout,1999-08-29
Anderson Ceará,1999-05-21
Benicio Peña,2003-03-21
Sho Fukuda,2001-03-23
Nikola Stankovic,2003-04-24
Katsuhiro Nakayama,1996-07-17
Ion Bors,2002-07-25
Javier Ferreira,1992-02-15
Kristijan Pavicic,1999-03-06
Daniël Deen,2003-02-13
Jayden Nelson,2002-09-26
Aurèle Amenda,2003-07-31
Tanner Beason,1997-03-23
Andrew Thomas,1998-09-01
Oluwatobiloba Alagbe,2000-04-24
Jonathan Dean,1997-05-15
Matej Koubek,2000-01-10
Kornelis Nahak,2001-01-12
Daniel Aguirre,1999-07-28
Hassani Dotson,1997-08-06
Carlos Domínguez,2001-02-11
Ethan Bartlow,2000-02-02
Ryan Sailor,1998-11-27
Kostyantyn Vivcharenko,2002-06-10
Victor Caetano,1997-10-19
Vukasin Bogdanovic,2002-10-04
Uros Blagojevic,2002-03-21
Aleksa Djurasovic,2002-12-23
Alejandro Balde,2003-10-18
Marc Casadó,2003-09-14
Arnau Solà,2003-04-04
Fermín López,2003-05-11
Alexis Cuello,2000-02-18
Luca Orellano,2000-03-22
Ian Murphy,2000-01-16
Ndabayithethwa Ndlondlo,1995-05-28
Nigatu Gebreselassie,1988-01-01
DeJuan Jones,1997-06-24
Jack Skahan,1998-02-07
Milan Iloski,1999-07-29
Mohammed Kamara,1997-10-31
Josh Bauer,1998-07-22
Alistair Johnston,1998-10-08
Isaiah Parente,2000-03-16
Luis Miranda,1997-08-27
Ulvi Babaev,2004-03-30
Ilya Kirsh,2004-09-21
Maksim Shnaptsev,2004-04-19
Georgiy Tunguliyadi,2004-10-03
Jacob Shaffelburg,1999-11-26
Philip Quinton,1999-11-16
Hu-seong Oh,1999-08-25
André Oliveira,2005-10-01
Gustavo Mendonça,2003-03-11
João Veloso,2005-06-26
Rafael Luís,2005-02-18
Manu Fernández,2001-04-23
Cristian Blanco,1999-01-29
Yilmar Velásquez,1999-08-21
Samuel Velásquez,2003-05-29
Ewil Murillo,2000-06-21
Álex Cantero,2000-06-08
Rodrigo Rodrigues,1996-06-18
Rhaldney,1998-11-20
Diego Ruíz,1997-10-02
Dylan Nealis,1998-07-30
Andrew Gutman,1996-10-02
Daniel Munie,2000-02-10
Ryun-sung Kim,2002-06-04
Seung-hwan Lee,2003-04-05
Jae-min Seo,2003-09-16
Min-hyuk Lee,2002-01-19
Sang-bin Jeong,2002-04-01
Jin-ho Jo,2003-07-10
Ángel Algobia,1999-06-23
Jherson Mosquera,1999-09-18
Donovan Pines,1998-03-07
Henry Kessler,1998-06-25
Aboubacar Keita,2000-04-06
Tajon Buchanan,1999-02-08
Ryan Raposo,1999-03-05
Zoárd Nagy,2000-04-18
Nathan Butler-Oyedeji,2003-01-04
Ebube Duru,1999-07-31
Amar Memić,2001-01-20
Steven Mukwala,1999-07-15
Tae-seok Lee,2002-07-28
Yun-sang Hong,2002-03-19
Cheikh Ndoye,1992-09-21
Ilyas Chouaref,2000-12-12
Jeong-hoon Kim,2001-04-20
Jin-yong Lee,2001-05-01
Jin-seong Park,2001-05-15
José Paradela,1998-12-15
Kyu-hyun Park,2001-04-14
Sang-jun Kim,2001-10-01
Jae-hwan Hwang,2001-04-12
Young-jun Goh,2001-07-09
Hyeon-gyu Oh,2001-04-12
Vetle Skjærvik,2000-09-15
Kazuki Fujita,2001-02-19
Tomás Ortiz,2000-03-10
Facundo Almada,1998-07-10
Masahito Ono,1996-08-09
Young-woo Seol,1998-12-05
Takashi Kawano,1996-06-17
Ryuho Kikuchi,1996-12-09
Tom Ritzy Hülsmann,2004-04-11
Jae-won Shin,1998-09-16
Étienne Youté Kinkoué,2002-01-14
Daihachi Okamura,1997-02-15
Peque Fernández,2002-10-04
Neto Pessoa,1994-05-16
Rodrigo Vilca,1999-03-12
Matej Polidar,1999-12-20
Shola Shoretire,2004-02-02
Yoshio Koizumi,1996-10-05
Martín Satriano,2001-02-20
Shohei Aihara,1996-05-26
Yusei Egawa,2000-10-24
Eduardo Camavinga,2002-11-10
Xavier Mbuyamba,2001-12-31
Milan Vidakov,2000-08-19
Miljan Momcilovic,2001-03-17
Rav van den Berg,2004-07-07
Damian van der Haar,2004-01-16
Mohamed Nassoh,2003-01-26
Ahmed Saad,1997-01-14
Oumar Sako,1996-05-04
Abdoul Tapsoba,2001-08-23
Jahkeele Marshall-Rutty,2004-06-16
Milán Vitális,2002-01-28
Amin Seydiyev,1998-11-15
Keisuke Kurokawa,1997-04-13
Marco Espíndola,1998-05-26
Né Lopes,2000-05-29
Nanasei Iino,1996-10-02
Carlos Miguel,1998-10-09
Alexandru Stănică,2000-09-06
Tommaso Baldanzi,2003-03-23
Tidjany Touré,2002-07-15
Soo-bin Lee,2000-05-07
Adam Griger,2004-03-16
Denis Hrezdac,2001-11-03
Esenbek Uson uulu,1996-06-29
Mehran Ahmadi,1997-12-26
Wataru Harada,1996-07-22
Denis Radu,2003-03-25
Balthazar Pierret,2000-05-15
Hui-gyun Lee,1998-04-29
Akash Mishra,2001-11-27
Vikram Partap Singh,2002-01-16
Naorem Mahesh Singh,1999-03-03
Leonardo Marchi,1996-09-17
Shun Yoshida,1996-11-28
Fabri,2000-10-08
Maranhão,1999-03-02
Matías Lacava,2002-10-24
Francesco Lo Celso,2000-03-05
Aníbal Moreno,1999-05-13
Facundo Mura,1999-03-23
Tuğbey Akgün,2003-04-09
Ye Min Thu,1998-02-18
Elias Telles,1998-08-20
Brayan Vera,1999-01-15
Mateus Brunetti,1999-11-18
Diego Romero,2001-08-17
Samuel Adeniran,1998-09-30
Riquelme,2002-08-28
Bruno Mota,1996-02-10
Orlando Gill,2000-06-11
Deok-geun Lim,2000-02-25
Jin-su Seo,2000-10-18
Dong-ryul Lee,2000-06-09
Kaishu Sano,2000-12-30
Nicolás Hernández,1998-01-18
Cheikh Niasse,2000-01-19
Hugo Moura,1998-01-03
José Aldo,1998-07-25
Enis Cokaj,1999-02-23
João Teixeira,2006-04-09
Fernando Monárrez,1999-07-22
Alejandro Organista,2000-06-02
Keane Lewis-Potter,2001-02-22
Oliver Provstgaard,2003-06-04
Bryan Soumaré,1999-02-11
Edson Partida,1997-12-13
Ole Didrik Blomberg,2000-06-12
Sadik Fofana,2003-05-16
Bruno Amione,2002-01-03
Yuya Nagasawa,1996-07-01
Odilon Kossounou,2001-01-04
Sam Junqua,1996-11-09
Luis Barraza,1996-11-08
Sean Nealis,1997-01-13
Lwin Moe Aung,1999-12-10
Tomer Yosefi,1999-02-02
Manfred Ugalde,2002-05-25
Valeriy Bocherov,2000-08-10
Tomás Händel,2000-11-27
Elias Achouri,1999-02-10
Lucas Arcanjo,1998-08-08
Lamare Bogarde,2004-01-05
Ayoub Ghezala,1995-12-06
Weerathep Pomphun,1996-09-19
Ahmed Kendouci,1999-06-22
Eren Dinkçi,2001-12-13
Chan-gi An,1998-04-06
Min-gyu Jang,1999-03-06
Jeong-in Park,2000-10-07
Ifet Djakovac,1997-12-05
Rick,1999-09-02
Jerry Desdunes,2001-04-13
Louicius Deedson,2001-02-11
Tedi Cara,2000-04-15
Topi Keskinen,2003-03-07
Iván Tona,2000-04-01
Carl Rushworth,2001-07-02
Renan Guedes,1998-01-19
Abner,2000-05-27
Higor Meritão,1994-06-23
Daniel Haarbo,2003-03-14
Elias Jelert,2003-06-12
Matheus Aurélio,1999-06-23
Riccieli,1998-09-17
Gabriel Misehouy,2005-07-18
Nassef Chourak,2004-07-21
Maxim Dekker,2004-04-21
Wouter Goes,2004-06-10
Jim Allevinah,1995-02-27
Tomás Mendes,2004-11-21
Ángel Alarcón,2004-05-15
Gavi,2004-08-05
Javi Navarro,2004-02-24
Edgar Pujol,2004-08-07
Rafa Obrador,2004-02-24
Cristhian Mosquera,2004-06-27
Mamoudou Karamoko,1999-06-08
Alexander Almqvist,2000-04-20
Manuel Ángel,2004-03-15
Nathaniel Adjei,2002-08-21
Sergey Pryakhin,2002-12-16
Robin Roefs,2003-01-17
André Paulo,1996-12-18
Andrézinho,1996-12-01
Rúben Pina,2000-01-20
Alagy Oliveira,1998-12-14
Cade Cowell,2003-10-14
Kieron Bowie,2002-09-21
Dylan Tait,2001-12-01
Thelo Aasgaard,2002-05-02
Tyrhys Dolan,2001-12-28
Jay Barnett,2001-02-14
Anthony Walker,2001-01-29
Artemijus Tutyškinas,2003-08-08
Malcom Bokele,2000-02-12
Ibrahim Aliyu,2002-01-16
Clément Benhaddouche,1996-05-11
Alexsandro,1999-08-09
Shinichi Chan,2002-09-05
James Abankwah,2004-01-16
Evan Ferguson,2004-10-19
Jovanny Bolívar,2001-12-16
Jephte Kitambala,1999-05-03
Itamar Noy,2001-04-28
Ricky Kambuaya,1996-05-05
Enzo Fernández,2001-01-17
Alexis Serna,1997-12-07
Andrés Colorado,1998-12-01
Luis Sánchez,2000-09-18
Alex Vigo,1999-04-28
Wilfried Singo,2000-12-25
Sabit Abdulai,1999-05-11
Zsombor Gruber,2004-09-07
Fabio Blanco,2004-02-18
El Bilal Touré,2001-10-03
Sambou Sissoko,2000-06-29
Boubacar Traoré,2001-08-20
Moussa Ndiaye,2002-06-18
Formose Mendy,2001-01-02
Lamine Diack,2000-11-15
Moustapha Mbow,2000-03-08
Samba Diallo,2003-01-05
Dion Lopy,2002-02-02
Youssouph Badji,2001-12-20
Gabriel Novaes,1999-04-05
Amadou Dante,2000-10-07
Carlos Terán,2000-09-24
Viktor Aleksandrov,2002-02-14
Aleksandr Sandrachuk,2002-01-02
Daniil Denisov,2002-10-21
Jhon Durán,2003-12-13
Steven Rodríguez,1998-10-13
Dmitriy Vasiljev,2004-06-16
Patrick Schulte,2001-03-13
Jansen Miller,2002-02-10
Pierre Landry Kaboré,2001-07-05
Salifou Diarrassouba,2001-12-20
Konan N’Dri,2000-10-27
Pavel Juroska,2001-07-07
Nicolás Capaldo,1998-09-14
Josué Reyes,1997-12-10
Jimmy Congo,1998-02-28
Alejo Montero,1998-05-05
Léo Leroy,2000-02-14
Lucas Barros,1999-08-21
António Silva,2003-10-30
Myron van Brederode,2003-07-06
Jesús Figueroa,1996-02-13
Juan David Cuesta,1997-11-21
Jhon Meléndez,2002-01-11
Daniel Rivera,1999-02-28
Daniel Ruiz,2001-07-30
Díber Cambindo,1996-02-17
Brayan Ceballos,2001-05-24
Samuele Vignato,2004-02-24
Simone Scaglia,2004-07-12
Filippo Missori,2004-03-24
Cher Ndour,2004-07-27
Dorny Romero,1998-01-24
Martins Toutou,1996-03-13
Naoto Arai,1996-10-07
Armin Gigovic,2002-04-06
Brian Beyer,1996-10-15
Amar Muhsin,1997-12-27
Moonga Simba,2000-05-08
César Haydar,2001-03-31
Rubén Manjarrés,2000-02-18
Iván Scarpeta,1996-06-05
Daniel Mosquera,1999-10-20
Matvey Kislyak,2005-07-26
Felix Charrupí,2001-05-13
Michal Sevcik,2002-08-13
Magnus Knudsen,2001-06-15
Emilio Estevez,1998-08-10
Godson Kyeremeh,2000-06-14
Krystof Danek,2003-01-05
Filip Urica,2003-09-10
Matej Naprstek,2003-07-27
Matej Hadas,2003-11-25
Filip Vecheta,2003-02-15
Martin Vitík,2003-01-21
Lukas Endl,2003-06-17
Michal Cernak,2003-09-01
Denis Visinsky,2003-03-21
Adam Karabec,2003-07-02
Evgeniy Morozov,2001-02-14
Ari Sigurpálsson,2003-03-17
Hákon Arnar Haraldsson,2003-04-10
Javi Rueda,2002-05-08
Óscar Aranda,2002-04-29
Carlos Esparragoza,1999-03-06
Edison López,1999-10-20
Juan Loaiza,2002-08-20
Yusuf Özdemir,2001-01-10
Edwin Cerrillo,2000-10-03
Thomas Aquilina,2001-02-02
Yaya Dukuly,2003-01-17
Min-duk Kim,1996-07-08
Dong-heon Kim,1997-03-03
Gue-sung Cho,1998-01-25
Luka Gojkovic,1999-11-28
Max Johnston,2003-12-26
Lewis Neilson,2003-05-15
Kai Fotheringham,2003-04-18
Harlen Castillo,1993-08-17
Silvio Ilinkovic,2002-10-05
Nicolás Cordero,1999-04-11
Carlos Villalba,1998-07-19
Said Hamulic,2000-11-12
Andreja Stojanovic,1998-11-12
Yuma Obata,2001-11-07
Manuel Capasso,1996-04-19
Weimar Asprilla,1999-05-23
Yesid Díaz,1997-07-24
Mauro Luna Diale,1999-04-26
Khellven,2001-02-25
Jáderson,2000-08-12
Jhon Alex Palacios,1999-10-02
Leonardo Buta,2002-06-05
Roameth Romaña,1997-01-08
Carlos de las Salas,1998-04-26
Josy Pérez,1999-09-30
Franco Zanelatto,2000-05-09
Camilo Mena,2002-10-01
Igor Paixão,2000-06-28
Mateo Rodas,1998-01-11
Bojan Dimoski,2001-11-23
Tika de Jonge,2003-03-11
Daniel Valencia,1996-03-13
Moises Tablante,2001-07-04
Diogo Nascimento,2002-11-02
Tamerlan Musaev,2001-07-29
Abdulakh Khaybulayev,2001-08-19
Eduardo Armenta,2001-12-16
Anton Kade,2004-01-17
Galego,1997-04-04
Ryan Naderi,2003-07-10
Seong-ung Maeng,1998-02-04
Tae-hoon Kim,1997-04-24
Salim Hernández,1998-12-07
Kazuya Konno,1997-07-11
Nurettin Korkmaz,2002-06-27
Matteo Godfroid,2004-02-25
Abdoullah Ba,2003-07-31
Alan Virginius,2003-01-03
Rei Ieizumi,2000-01-20
Karim Fouad,1999-10-01
Adrien Truffert,2001-11-20
Temirkan Sundukov,2001-09-17
Andrea Zammit,2003-04-05
Min-seo Park,2000-09-15
Franco Watson,2002-07-25
Santiago Moreno,2000-04-21
Santiago López García,1997-12-04
Ulises Ortegoza,1997-04-19
Aurelio Oehlers,2004-02-05
Matteo Dams,2004-03-09
Kjell Peersman,2004-05-21
Dylan Demuynck,2004-05-06
Bilal El Khannouss,2004-05-10
Bram Lagae,2004-01-14
Samuel Mbangula,2004-01-16
Diego Moreira,2004-08-06
Raf Smekens,2004-01-29
Kamiel Van De Perre,2004-02-12
Yuran Fernandes,1994-10-19
Calum Ward,2000-10-17
Josué Homawoo,1997-11-12
Laurs Skjellerup,2002-08-12
Samson Baidoo,2004-03-31
Moritz Wels,2004-09-25
Patrik Vydra,2003-06-20
Yani Quintero,2002-07-17
Jordan Kadiri,2000-03-11
Edwin Laszo,1999-03-02
Yeison Moreno,1997-04-08
Saba Sazonov,2002-02-01
Manolis Pavlis,2002-12-04
Pascual Ramírez,1997-10-20
Haijian Wang,2000-08-02
Gabriel Martinelli,2001-06-18
Yeferson Paz,2002-06-13
Fotios Pseftis,2003-01-19
Andrés Salazar,1993-11-18
Brayan Sánchez,2003-03-11
Beknaz Almazbekov,2005-06-23
Yiğit Emre Çeltik,2003-04-07
Bartuğ Elmaz,2003-02-19
Serdar Saatçı,2003-02-14
Abdullah Şahindere,2003-06-09
Emin Bayram,2003-04-02
Göktan Gürpüz,2003-01-22
Reece Welch,2003-09-19
Cristian Carbajal,1999-09-20
Andi Hoti,2003-03-02
Matías Giménez,1999-03-06
Aske Adelgaard,2003-11-10
Salieu Drammeh,2003-03-28
Jakov Basic,1996-11-25
Gustav Højbjerg,2003-12-03
Marcel Lubik,2004-05-19
Gabriel Slonina,2004-05-15
Homer Martínez,1997-10-06
Adonis Preciado,1997-03-23
Léo Realpe,2001-02-26
Jean Onana,2000-01-08
Gustavo Peredo,2000-04-07
Ikuma Sekigawa,2000-09-13
Victor Boniface,2000-12-23
Jonathan Khemdee,2002-05-09
Ivar Jenner,2004-01-10
Tristan Gooijer,2004-09-02
Jintao Liao,2000-02-24
Aldair Zárate,1999-02-22
Misael Martínez,1998-03-25
Eduar Esteban,2000-02-20
Léider Berrío,1998-06-07
Jair Castillo,1997-04-21
Francisco Chaverra,2000-03-13
Aybar Zhaksylykov,1997-07-24
Dorji,1995-11-11
Sidney Lima,1997-01-17
Chalana Chameera,1993-01-10
Rodrigo Villagra,2001-02-14
Joseph Rosales,2000-11-06
Ralph Priso,2002-08-02
Osaze De Rosario,2001-07-19
Vasco Moreira,2001-05-07
Samú Costa,2000-11-27
Pedro Santos,2000-10-12
Elkhan Astanov,2000-05-21
Alessandro Burlamaqui,2002-02-18
Abubakr Barry,2000-07-02
Yuto Nagao,2001-08-31
Go Kambayashi,2002-08-18
Takuro Kaneko,1997-07-30
Bryan Teixeira,2000-09-01
Kaveesh Lakpriya Fernando,1995-05-25
Pedro Milans,2002-03-24
Cristian Olivera,2002-04-17
Carlos Vivas,2002-04-04
Alaa Ghram,2001-07-24
Kevin Caicedo,1997-11-16
Lukas MacNaughton,1995-03-08
Jakob Breum,2003-11-17
Francesco Montali,2000-09-06
Brooks Thompson,2002-05-28
Mohammad Abualnadi,2001-02-08
Jake Davis,2002-01-03
Nika Gagnidze,2001-03-20
Kacper Tobiasz,2002-11-04
Jakub Lis,2002-01-14
Abel Bretones,2000-08-21
Laurenz Orgler,2004-10-13
Maxwell Woledzi,2001-07-02
Jonas Jensen-Abbew,2002-04-20
Mohamed Diomandé,2001-10-30
Abu Francis,2001-04-27
Lasso Coulibaly,2002-10-19
Simon Adingra,2002-01-01
Sefer Emini,2000-07-15
Luan Patrick,2002-01-20
Christian,2000-12-19
Fran Zilinski,2003-04-04
Tornike Morchiladze,2002-01-10
Kajetan Szmyt,2002-05-29
Mor Ndiaye,2000-11-22
Seung-wook Park,1997-05-07
Abdallah Al-Fakhouri,2000-01-22
Saleem Obaid,1992-01-17
Nodar Lominadze,2002-04-04
Giacomo Valentini,2001-06-26
Kader Keita,2000-11-06
Jiri Hrubes,2001-02-03
Filip Matousek,2001-07-12
Seung-bin Kim,2000-12-28
Ilya Zabarnyi,2002-09-01
Juan Sforza,2002-02-14
Laurent Seji,2004-06-22
Marc Giger,2004-03-27
Ledjan Sahitaj,2004-01-12
Nahom Tesfom,2004-01-03
Dion Kacuri,2004-02-11
Paul Schermer,2004-04-04
Simone Stroscio,2003-08-20
Nico Rissi,2004-01-30
Carney Chukwuemeka,2003-10-20
Lucas Bonelli,2003-02-14
Soumaïla Coulibaly,2003-10-14
Warren Bondo,2003-09-15
Félix Lemaréchal,2003-08-07
Bilal Nadir,2003-11-28
Edouard Michut,2003-03-04
Elye Wahi,2003-01-02
Matthis Abline,2003-03-28
Rodrigo González,2000-04-14
Kristian Popovic,2001-08-14
Gioele Zacchi,2003-07-10
Juan Zapata,2000-05-19
Gerson Sousa,2002-05-10
Kegan Johannes,2001-03-31
Patrickson Delgado,2003-10-17
John Mercado,2002-06-03
Pedro Vite,2002-03-09
Piero Hincapié,2002-01-09
Juan Mosquera,2002-09-05
Jimer Fory,2002-05-24
Juan Camilo Castillo,2002-10-03
Facundo Zabala,1999-01-02
Daniel Wilmering,2000-12-19
Lucas González,1997-07-27
Nelson Insfrán,1995-05-24
Josef Svanda,2001-12-03
Gonzalo Lencina,1997-10-18
Gabriel Charpentier,1999-05-17
Orri Óskarsson,2004-08-29
Marc Gutbub,2003-02-04
Yi-seok Kim,1998-06-19
Adrian Zeljkovic,2002-08-19
Brian Bustos,1996-08-22
Federico Gattoni,1999-02-16
Fedde Leysen,2003-07-09
Max Thompson,2004-08-01
Diego Coppola,2003-12-28
Julio Enciso,2004-01-23
Ilia Beriashvili,1998-07-09
Jeppe Kjær,2004-03-01
Mathias Christensen,2001-11-10
Benjamín Galdames,2001-02-24
Jarrad Branthwaite,2002-06-27
Dilshod Komilov,1999-05-16
David Ayala,2002-07-26
Rocco Ríos Novo,2002-06-04
Julián Aude,2003-03-24
Santiago Simón,2002-06-13
Exequiel Zeballos,2002-04-24
Cristian Medina,2002-06-01
Kevin Lomónaco,2002-01-08
Franco Orozco,2002-01-09
Jon Aramburu,2002-07-23
Wikelman Carmona,2003-02-24
Carlos Faya,2002-01-18
Alan Velasco,2002-07-27
Willian Pacho,2001-10-16
Daniel Karlsbakk,2003-04-07
Seedy Jatta,2003-03-18
Oscar Bobb,2003-07-12
Leo Hjelde,2003-08-26
Mathias Løvik,2003-12-06
Diego Duarte,2002-04-08
Hector Kyprianou,2001-05-27
Matías Galarza,2002-02-11
Fabrizio Peralta,2002-08-02
Marcel Krajewski,2004-10-21
David Møller Wolfe,2002-04-23
Oufa Shobeir,2000-05-15
Carlos Moreno,1998-01-29
Rio Omori,2002-07-21
Teppei Oka,2001-09-06
Dan Puscas,2001-06-01
Leonardo Zabala,2002-05-23
Jeyson Chura,2002-02-03
Robson Matheus,2002-05-18
José Flores,2003-08-03
Vladislav Kalinin,2002-01-14
Aleksandr Shestyuk,2002-06-05
Kelvin Pires,2000-06-05
Ahmetcan Kaplan,2003-01-16
Eray Özbek,2003-01-09
Philippe Keny,1999-05-18
Rassoul Ndiaye,2001-12-11
Rafa Marín,2002-05-19
Juan,2002-03-07
Marcelo Pitaluga,2002-12-20
Cristian,2002-02-25
Vladislav Morozov,2000-10-12
Juan Castillo,2003-01-13
José Caicedo,2002-05-23
Dylan Borrero,2002-01-05
Andrés Arroyo,2002-01-20
Ryotaro Tsunoda,1999-06-27
Emile Acquah,2000-07-13
Rajmund Molnár,2002-08-28
Diego Enríquez,2002-01-24
Joao Grimaldo,2003-02-20
Mathías Llontop,2002-05-22
Daniel González,2002-02-20
Gonzalo Tapia,2002-02-18
Vicente Pizarro,2002-11-05
Alexander Aravena,2002-09-06
Vicente Reyes,2003-11-19
César Pérez,2002-11-29
Mariano Bracamonte,1999-04-24
Beckham Putra,2001-10-29
Rakib Hossain,1998-11-18
Dane Murray,2003-06-26
Joel Contreras,1999-05-01
Leonel Picco,1998-10-22
André Boman,2001-11-15
Martín Ortega,1999-08-20
Gulzhigit Alykulov,2000-11-25
Marvin Fletes,1997-11-12
Marko Farji,2004-03-16
Juan Patiño,1998-09-10
Jhon Solís,1999-02-12
Eniss Shabani,2003-05-29
Tyler Onyango,2003-03-04
Jacob Ondrejka,2002-09-02
Jota Silva,1999-08-01
Dinis Pinto,2000-08-24
Sander Sjøkvist,1999-03-09
Yakob Sayuri,1997-09-22
Raúl Castillo,2001-05-30
Marino Hinestroza,2002-07-08
Lasse Berg Johnsen,1999-08-18
Mao Hosoya,2001-09-07
Ramon,2001-03-13
Vini Souza,1999-06-17
Noah Pallas,2001-02-09
Vinko Rozic,2003-08-01
Franko Kolic,2003-02-07
Giovanni Bonfanti,2003-01-17
Tyrick Bodak,2002-05-15
Ali Olwan,2000-03-26
Leon Hien,2001-07-31
Michal Beran,2000-08-22
Ole Sæter,1996-03-30
Equi Fernández,2002-07-25
Isak Dybvik Määttä,2001-09-19
Dikeni Salifou,2003-06-08
Arseniy Batagov,2002-03-05
Leandro Lozano,1998-12-19
Luka Stojkovic,2003-10-28
Mateo Lisica,2003-07-09
Gastón Hernández,1998-01-19
Hernán López Muñoz,2000-09-07
Brandon Caicedo,2001-05-09
Jayson Papeau,1996-06-30
Adam Gabriel,2001-05-28
Muhamed Tijani,2000-07-26
Petr Jaron,2001-08-30
Martin Hlavac,2002-08-22
Denis Donat,2001-09-14
David Seger,1999-07-15
Satoshi Tanaka,2002-08-13
Ayoub Khairi,2000-02-16
Gun-hee Lee,1998-02-17
Denzel De Roeve,2004-08-10
Mohamed Simakan,2000-05-03
Gabriel Dănuleasă,2003-05-08
Dan Sîrbu,2003-04-22
Gavin Kizito,2002-01-14
Sturla Ottesen,2001-05-25
Beni Mukendi,2002-05-21
Capita,2002-01-10
Zito Luvumbo,2002-03-09
Maestro,2003-08-04
Samson Tijani,2002-05-17
Olakunle Olusegun,2002-04-23
Jakub Hodek,2001-09-04
Bryang Kayo,2002-07-27
Ibrahima Fofana,2002-08-15
Sekou Bangoura,2002-04-05
Valentyn Rubchynskyi,2002-02-15
Saidou Alioum,2003-07-25
Steve Mvoué,2002-02-02
Souleymane Faye,2003-02-08
Mikayil Faye,2004-07-14
Ousmane Ba,2002-06-06
Aliou Baldé,2002-12-12
Insa Boye,2002-03-23
Rodrigo Gomes,2003-07-07
Elijah Wynder,2003-03-10
Otto Rosengren,2003-05-16
Hugo Bolin,2003-07-24
Yasin Ayari,2003-10-06
Juan Antonini,1999-03-04
Kristian Strømland Lien,2001-09-30
Noah Stassin,2004-07-05
Leon Avdullahu,2004-02-23
Elias Maluvunu,2004-08-03
Ronnie Hollingshead,2004-09-09
Zac Williams,2004-03-27
Ben Hammond,2004-10-02
Cameron Congreve,2004-01-24
Joel Cotterill,2004-10-10
Jordan James,2004-07-02
Lautaro Petruchi,1998-09-01
Patryk Szczuka,2002-01-31
Johan Karlsson,2001-06-20
Jamie Roche,2001-04-05
Youssuf Sylla,2002-12-19
Paul Mukairu,2000-01-18
Oussama Targhalline,2002-05-20
Yassine Kechta,2002-02-25
El Mehdi Maouhoub,2003-06-05
Irakliy Manelov,2002-09-19
Alaa Bellaarouch,2002-02-01
Omar Faraj,2002-03-09
Samir Chergui,1999-02-06
Javi Serrano,2003-01-16
Rodri Alonso,2003-01-04
Carlos Álvarez,2003-08-06
Nico Serrano,2003-03-05
Petar Sučić,2003-10-25
Rubén Iranzo,2003-03-14
Matheus Martins,2003-07-16
Marlon Gomes,2003-12-14
Hamza Abdallah,2003-06-13
Kayky,2003-06-11
Marcos Leonardo,2003-05-02
Alan Godoy,2003-05-04
Adam Jagrik,2000-04-12
Vladimir Neuman,2000-02-10
Aitor Fraga,2003-03-09
Jakub Kolar,2000-01-16
Matijus Remeikis,2003-03-28
Vaidas Magdušauskas,2003-12-02
Gabrielius Micevičius,2003-04-25
Armandas Kučys,2003-02-27
Kinga Wangchuk,2002-09-19
Juan Robles,2003-09-18
Marcelo Flores,2003-10-01
Isaías Violante,2003-10-20
Ezequiel Godoy,2003-10-09
David Romero,2003-03-25
Elías Cabrera,2003-02-25
Agustín Hausch,2003-05-21
Luis Puente,2003-02-13
Rodrigo Huescas,2003-09-18
Máximo Perrone,2003-01-07
Brian Aguirre,2003-01-06
Luis Sequeira,2003-01-08
Maksym Taloverov,2000-06-28
Daniel Kerl,2001-01-14
Nazinho,2003-07-20
Ethane Azoulay,2002-05-26
Yuito Suzuki,2001-10-25
Yuan Matsuhashi,2001-10-27
Aviel Zargari,2002-12-11
Vangelis Nikolaou,2004-06-03
Konstantinos Lampsias,2002-09-18
Martin Agnarsson,2003-12-07
Poul Kallsberg,2003-02-04
Áki Samuelsen,2004-04-17
Sékou Fofana,2003-03-25
Andreas Troelsen,2003-05-31
Matías Soulé,2003-04-15
José Herrera,2003-04-16
Joaquín Blázquez,2001-01-28
Habib Keïta,2002-02-05
Marco Boras,2001-09-28
Bongokuhle Hlongwane,2000-06-20
Kewin,1995-01-25
Viktor Bliznichenko,2002-09-29
Volodymyr Brazhko,2002-01-23
Konstantinos Koulierakis,2003-11-28
Christoffer Styffe,2001-09-28
Renild Kasemi,2003-04-05
Mahmoud Abunada,2000-02-05
Nikolas Sattlberger,2004-01-18
Bao Toan Tran,2000-07-14
Duc Chien Nguyen,1998-08-24
Tien Anh Truong,1999-04-25
Daniel Quiñones,1999-04-07
Alan Marinelli,1999-04-07
Leonardo Lelo,2000-03-30
Matheus Bidu,1999-05-04
Santiago Córdoba,1997-05-15
Tanner Tessmann,2001-09-24
Storm Strand-Kolbjørnsen,2004-03-05
Andreas Schjelderup,2004-06-01
Alwande Roaldsøy,2004-06-09
Dennis Gjengaar,2004-02-24
Isak Hansen-Aarøen,2004-08-22
Victor Loturi,2001-05-21
Gabriel Bitar,1998-08-23
Emeka Eneli,1999-10-18
Lucas Piton,2000-10-09
Martín Fernández,2001-05-08
Kyle Clinton,2004-03-18
Paddy McClafferty,2004-09-19
Augusto Schott,2000-01-17
Ahmed Al-Ganehi,2000-09-22
João Neves,2004-09-27
Hugo Félix,2004-03-03
Lucas Anjos,2004-07-07
Youssef Chermiti,2004-05-24
Diogo Pinto,2004-06-18
Diogo Monteiro,2005-01-28
Gabriel Brás,2004-03-25
Dário Essugo,2005-03-14
Diogo Prioste,2004-03-26
Mauricio Cuevas,2003-02-10
Alexandru Pantea,2003-09-11
Junior Robinson,2004-04-06
Mohamed-Ali Cho,2004-01-19
Sam Mather,2004-09-03
Jude Soonsup-Bell,2004-01-10
Lewis Hall,2004-09-08
James Beadle,2004-07-16
Jadel Katongo,2004-09-14
Jamie Gittens,2004-08-08
Dane Scarlett,2004-03-24
Tawanda Maswanhise,2002-11-20
Ahmed Al-Ghamdi,2001-09-20
Ismet Lushaku,2000-09-22
Ginjiro Ikegaya,2004-06-19
Yuta Ueda,2004-07-06
Kota Takai,2004-09-04
Sota Kitano,2004-08-13
Rui Osako,2004-10-13
Bruno Matias,1999-02-24
Federico Pereira,2000-02-24
David Krcik,1999-06-28
Albert Labik,2004-05-13
Lukas Masek,2004-05-08
Alfonso Barco,2001-12-07
Lukas Ambros,2004-06-05
Wagner Leonardo,1999-07-23
Daouda Guindo,2002-10-14
Dorgeles Nene,2002-12-23
Mamady Diambou,2002-11-11
Kamory Doumbia,2003-02-18
Noah Saviolo,2004-03-07
Maksim Kireev,2004-07-09
Thomas Claes,2004-03-26
Wouter Prins,2004-02-06
Jorg Schreuders,2004-09-09
David van der Werff,2004-08-31
Thom van Bergen,2004-01-06
Rui Modesto,1999-10-07
Valmir Matoshi,2003-07-04
Alejandro Cabrera,1992-09-30
Enzo Barrenechea,2001-05-22
Gustavo del Prete,1996-06-12
Fabricio Sanguinetti,2000-08-23
Georgios Papadopoulos,2002-10-18
Enver Kulasin,2003-09-11
Alexandru Ișfan,2000-01-31
Darius Johnson,2000-03-15
Camilo,1999-02-23
Filip Borowski,2003-10-06
João Lucas,1998-03-09
Apostolos Apostolopoulos,2002-12-11
Jonathan Rowe,2003-04-30
Mansor Al-Beshe,2000-04-24
Radhi Al-Otaibi,2000-06-12
Ali Majrashi,1999-10-01
Sunusi Ibrahim,2002-10-01
Ibrahim Olawoyin,1997-12-01
Jan Jurcec,2000-11-27
Fuchi Honda,2001-05-10
Bertuğ Yıldırım,2002-07-12
Mesut Can Tunalı,2001-07-08
Yaw Ackah,1999-06-01
Elias Olsson,2003-04-23
Isak Bjerkebo,2003-01-19
Yaroslav Gladyshev,2003-05-05
Frederik Ihler,2003-06-25
Success Makanjuola,2001-05-24
Chinonso Emeka,2001-08-30
Oswin Appollis,2001-08-25
Yira Sor,2000-07-24
Veljko Mirosavic,2005-06-15
Milan Majstorovic,2005-02-21
Mateja Bubanj,2005-01-03
Jovan Mijatovic,2005-07-11
Mateja Radonjic,2005-09-20
Vojin Serafimovic,2005-10-14
Jovan Sljivic,2005-10-14
Jakub Elbel,2000-07-06
Morato,2001-06-30
Chiheb Labidi,2001-06-01
Mohamed Belhadj Mahmoud,2000-04-24
Abdoulaye Ndiaye,2002-04-10
Tucker Lepley,2002-01-17
Shunta Tanaka,1997-05-26
Yahya Naji,1999-03-02
Mohamed Farsi,1999-12-16
Junior Arteaga,1999-12-09
Leo Walta,2003-06-24
Hayato Okuda,2001-04-21
Quincy Kammeraad,2001-02-01
Luka Lijeskic,2005-02-23
Oiva Jukkola,2002-05-21
Tim Jabol-Folcarelli,1999-12-06
Herman Haugen,2000-04-25
César Ibáñez,1999-06-17
Youssouf Ndayishimiye,1998-10-27
Santiago Pierotti,2001-04-03
Josh Mulligan,2002-11-12
Isidro Pitta,1999-08-14
Richard Odada,2000-11-25
Eric Kahl,2001-09-27
Ludvig Svanberg,2002-12-25
Gabriel Florentín,1999-03-13
Mauro Méndez,1999-01-17
Rareș Gal,2001-01-25
Cristian Chira,2001-11-08
Alin Fică,2001-06-14
Alexandros Tsompanidis,2004-08-05
Thomas Kastanaras,2003-01-09
Damienus Reverson,2003-10-18
Joakim Persson,2002-04-03
Gytis Paulauskas,1999-09-27
Yuto Yamashita,1996-05-24
Yusuke Matsuo,1997-07-23
Christopher Tiao,2001-05-30
Melker Jonsson,2002-07-10
Patric Åslund,2002-08-01
Adam Carlén,2000-06-27
Indrit Tuci,2000-09-14
Saleh Al-Abbas,1995-04-15
Marin Petkov,2003-10-02
Stan Henderikx,2003-07-08
Luciano Juba,1999-08-29
Juanlu Sánchez,2003-08-15
Héliton,1995-11-13
Mauro Perkovic,2003-03-22
Facundo Pellistri,2001-12-20
Min-jun Kim,2000-02-12
Dailon Livramento,2001-05-04
Taofeek Ismaheel,2000-07-16
Issam Faiz,2000-03-06
Hong Wan,2000-08-17
Giorgi Abuashvili,2003-02-08
Andrei Gorcea,2001-08-02
Ibrahim Adel,2001-04-23
Je-ho Yu,2000-08-15
Jahnoah Markelo,2003-01-04
Hyun-taek Cho,2001-08-02
Yool Heo,2001-04-12
Jae-joon An,2001-04-03
Jae-min Jung,2001-10-28
Jesse Randall,2002-08-19
Keegan Jelacic,2002-07-31
Talles Magno,2002-06-26
Marko Simun,2001-06-16
Juan Sebastián Pedroza,1999-04-08
Nazirrudin Ismail,1998-12-27
Nur Asyraffahmi Norsamri,2000-05-04
Wafi Aminuddin,2000-09-20
Asri Aspar,1996-01-17
Amin Sisa,1998-01-02
Ishyra Asmin,1998-07-09
Hariz Danial,1996-11-01
Khairil Shahme Suhaimi,1993-04-16
Theodore Ku-DiPietro,2002-01-28
Nicholus Harsha Fernando,1992-11-21
Manaram Perera,1998-06-23
Stephen Manyo,1996-05-04
Stanley Nwabali,1996-06-10
Naveen Jude,1998-01-12
Ricky-Jade Jones,2002-11-08
Lautaro Cano,2002-08-22
Shararh,1997-12-30
Mouzinho,2002-06-26
Elias Mesquita,2002-03-27
Natalino,2000-12-25
Jay Enem,2003-03-11
Shuto Abe,1997-12-05
Kyota Tokiwa,2002-04-09
Loué Bayere Junior,2001-01-14
Sovann Ouk,1998-05-15
Chanthea Sieng,2002-09-09
Gyeltshen Zangpo,1998-07-06
Matthew Hoppe,2001-03-13
Xaysavath Souvanhnasok,1998-09-03
Mathias Sauer,2004-04-02
Marius Andresen,1999-12-21
Tahir Bin Amir,2000-04-16
Fabian Mrozek,2003-09-28
Sergi Cardona,1999-07-08
Mauricio,2001-06-22
Denis Huseinbasic,2001-07-03
Danylo Varakuta,2001-11-04
Mexx Meerdink,2003-07-24
Justin Hubner,2003-09-14
Philip Otele,1999-04-15
Dion Versluis,2003-02-17
Eduard Sarapiy,1999-05-12
Ulisses,1999-09-28
Gary Magnée,1999-10-12
Yeshi Dorji,2001-10-10
Yuta Matsumura,2001-04-13
Gabriel Sotomayor,1999-07-02
Víctor Ábrego,1997-02-11
Widen Saucedo,1997-03-01
Kalifa Kujabi,2000-03-05
Claudio Cassano,2003-07-22
Antonio Satriano,2003-10-30
Tarik Muharemović,2003-02-28
Noureddine Farhati,2000-09-14
Casper Terho,2003-06-24
Steve Kapuadi,1998-04-30
Niklas Pyyhtiä,2003-09-25
Dominic Vincze,2004-03-01
Ryoya Morishita,1997-04-11
Tsuyoshi Ogashiwa,1998-07-09
Hidehiro Sugai,1998-10-27
Goki Yamada,2000-09-19
Ramzi Solan,1998-04-18
Matthieu Epolo,2005-01-15
Hsuan Tuan,1997-10-27
José Andrés Hurtado,2001-12-23
Sam Silvera,2000-10-25
Negueba,1999-12-03
Tomoya Fujii,1998-12-04
Lucas Pimenta,2000-07-17
Ryaan Sanizal,2002-05-31
Marcelinho,1998-07-20
Ari Moura,1996-07-31
Dauren Zhumat,1999-03-02
Kazuki Fujimoto,1998-07-29
Léo Borges,2001-01-03
Allan Godói,1993-04-04
Jójó,2001-05-19
Nilton,2001-05-25
Kento Tachibanada,1998-05-29
Zain Issaka,1997-05-29
Shimon Teranuma,2001-03-08
Shin Yamada,2000-05-30
Nikita Demchenko,2002-09-06
Vladimir Savic,1996-03-12
Marley Aké,2001-01-05
Ahmad Assaf,1999-07-21
Bikash Yumnam,2003-09-06
Kristers Penkevics,2003-01-28
Cedric Hatenboer,2005-03-19
Amas Obasogie,1999-12-27
Simão Rocha,2000-12-13
Zviad Natchkebia,1999-08-19
Morris Duggan,2000-10-24
Itsuki Someno,2001-09-12
Yota Sato,1998-09-10
Hotaka Nakamura,1997-08-12
Tomoki Hayakawa,1999-03-03
Haruto Usui,1999-07-11
Asahi Sasaki,2000-01-26
Taichi Kikuchi,1999-05-07
Makoto Mitsuta,1999-07-20
Yuta Miyamoto,1999-12-15
Kyo Sato,2000-03-21
Ryo Nemoto,2000-02-03
André Seruca,2000-10-29
Wojciech Kamiński,2001-01-21
Yoshiki Torikai,1998-08-01
Yuki Hayasaka,1999-05-22
Tolu Arokodare,2000-11-23
Antoni Milambo,2005-04-03
Jacen Russell-Rowe,2002-09-13
Asbjørn Bøndergaard,2004-05-05
John Tolkin,2002-07-31
Emrecan Uzunhan,2001-02-26
Pedri,2002-11-25
Dillon De Silva,2002-04-18
Serge-Philippe Raux-Yao,1999-05-30
Emmanuel Agbadou,1997-06-17
Tomoya Miki,1998-03-28
Lucas Soares,1998-05-04
Hianga'a Mbock,1999-12-28
Silas Ostrzinski,2003-11-19
Kevin Rodríguez,2000-03-04
Jaidon Anthony,1999-12-01
Youssef Amyn,2003-08-21
Nnamdi Collins,2004-01-10
Noah Mrosek,2004-06-18
Gerasimos Mitoglou,1999-10-20
Levin Winkler,2003-08-13
Tomoaki Okubo,1998-07-23
Masahiro Sekiguchi,1998-04-21
Motoki Hasegawa,1998-12-10
Kaito Ioka,1998-04-27
Nacho Miras,1997-07-19
Renne Rivas,2003-03-21
Filip Bundgaard,2004-07-03
Mateo Coronel,1998-10-24
Anıl Yaşar,2002-07-01
Kai Cipot,2001-04-28
Bartłomiej Smolarczyk,2003-07-02
Luka Duric,2003-06-18
Shoji Toyama,2002-09-21
Silas Andersen,2004-06-13
Gustav Mortensen,2004-03-19
Egor Prutsev,2002-12-23
Marius Ștefănescu,1998-08-14
João Gonçalves,2000-11-05
Ruslan Bezrukov,2002-03-21
Matchoi Djaló,2003-04-10
Roman Safronov,2003-02-15
Jonas Lange Hjorth,2001-01-30
Abdulrahman Al-Safari,1993-03-31
Marko Konatar,2000-03-25
Ștefan Baiaram,2002-12-31
Edson Fernando,1998-04-24
Cailen Hill,2002-07-09
Ryuma Nakano,2002-10-06
Luis Gabriel Rey,2002-09-14
Jair González,2002-03-04
Emilio Lara,2002-05-18
Jakob Tranziska,2001-06-25
Calegari,2002-02-27
Djordje Jovanovic,2001-08-17
Ensar Bruncevic,1999-02-13
Denis Pintol,2000-02-07
Johan Beltrán,1999-10-18
Sampson Dweh,2001-10-10
Zidane Iqbal,2003-04-27
Valeriy Tsarukyan,2001-11-12
Hristo Ivanov,2000-12-16
Juan Cabal,2001-01-08
Altin Shala,2002-12-18
Saydou Bangura,2003-01-05
Eduardo Zapata,1999-12-23
Rômulo,2000-03-01
Welinton Torrão,1999-06-30
Aleksandr Koryakin,2002-03-10
Luis Ramos,1999-12-13
Israel Reyes,2000-05-23
Rivaldo Lozano,1998-10-05
Isaac Romero,2000-05-18
Aleksandr Kutitskiy,2002-01-01
Elliot Stroud,2002-06-22
Moisés Caicedo,2001-11-02
Kyan Vaesen,2001-04-13
Dominik Piła,2001-05-06
Alejandro Moralez,2001-04-19
Muhamed Buljubasic,2004-07-04
Alexandru Cîmpanu,2000-10-08
Junior Delgado,1993-09-24
Kirill Danilin,2002-11-13
Jiro Nakamura,2003-08-22
Lukas Björklund,2004-02-16
Markus Karlsson,2004-01-20
Adilbek Zhumakhanov,2002-12-27
Nazareno Colombo,1999-03-20
Santiago Ramos Mingo,2001-11-21
Antonio Spagnoli,2005-05-31
Tim Pfeiffer,2005-05-12
Isaiah Okafor,2005-04-22
Noah Streit,2005-10-11
Lucas Esteves,2000-06-24
Ronald,1997-06-18
Igor Formiga,1999-01-08
Salis Abdul Samed,2000-03-26
Luke Pruter,2001-09-03
Vinícius Lopes,1999-05-07
Ferreirinha,1997-12-31
Gastón González,2001-06-27
Omar Bully,2002-11-21
Gasper Tratnik,2000-01-04
Juan Nardoni,2002-07-14
Lucas Abascia,1995-12-10
Garrison Tubbs,2002-02-17
Ziad El Sheiwi,2004-03-11
Tae-won Kang,2000-03-03
Johnny Cardoso,2001-09-20
Lucas Vera,1997-04-18
James Gomez,2001-11-14
Chadi Riad,2003-06-17
Luis Gutiérrez,2001-10-17
Aldo López,2000-05-23
Daniel Rivas,2001-12-06
Francis Momoh,2001-03-25
Bernardo Vital,2000-12-29
Luis Morán,1996-05-31
Amaury García,2001-12-19
César Araújo,2001-04-02
Sven Jansen,2004-10-23
Robbin Weijenberg,2004-11-08
José Raúl Zúñiga,1994-07-13
Bruno Sepúlveda,1992-09-17
Rodrigo Auzmendi,2001-01-02
Jasper Silva Torkildsen,2003-12-21
Anthony Rouault,2001-05-29
Drilon Islami,2000-07-18
Daichi Hayashi,1997-05-23
Jesús Garza,2000-06-06
Hakeme Yazid Said,2003-02-08
Luis Henrique,2001-12-14
Jordan Courtney-Perkins,2002-11-06
Kai Trewin,2001-05-18
Selmin Hodza,2003-05-24
Jacopo Fazzini,2003-03-16
Morgan Guilavogui,1998-03-10
Edoardo Pieragnolo,2003-01-03
Yanis Zouaoui,1998-04-28
Nathaniel Brown,2003-06-16
Bento,1999-06-10
Artem Karpukas,2002-06-13
Noah Cadiou,1998-10-26
Clemens Riedel,2003-07-19
Daniel Denoon,2004-01-28
Pirosch Fischer,2004-07-23
Dani Cervera,2003-03-15
Pelayo Fernández,2003-04-29
Trent Ostler,2002-04-03
Gabriel Popovic,2003-07-28
Andrei Coubiș,2003-09-29
Younes Ebnoutalib,2003-09-13
Al Hassan Touré,2000-05-30
Zeteny Jano,2005-03-13
Ivan Kukushkin,2002-07-24
Saifeddine Bouhra,2000-03-05
Furkan Demir,2004-11-29
Benjamin Göschl,2005-11-16
Ben Engdahl,2003-09-17
Imam Jagne,2003-10-01
Agustín Rodríguez,1998-02-10
Aljoscha Kemlein,2004-08-02
Jonas Karner,2004-09-28
Peter Kiedl,2004-01-13
Ivan Gutesa,2002-04-04
Géza Dávid Turi,2001-10-06
Oleksiy Sydorov,2001-06-07
Ayumu Ohata,2001-04-27
Belmin Beganovic,2004-09-09
Jonas Mayer,2004-06-29
Mohammad Ridoy,2002-01-01
Hugo Vandermersch,1999-05-05
Chinonso Offor,2000-05-27
Terry Devlin,2003-11-06
Michell Rodríguez,2000-08-10
Pape Meïssa Ba,1997-07-04
Abdoulie Sanyang,1999-05-08
Nils Rossen,2004-08-01
Foysal Ahmed Fahim,2002-02-24
Raúl Martínez,2003-03-05
Diego Abreu,2003-08-27
Jonathan Pérez,2003-01-18
Kristian Hlynsson,2004-01-23
Kacper Łukasiak,2003-09-24
Rayan Philippe,2000-10-23
Moussa Diarra,2000-11-10
Hisham Layous,2000-11-13
Valentin Oelz,2005-04-24
Damjan Kovacevic,2004-08-28
Thiago Andrade,2000-10-31
Shakil Hossain,2002-07-06
Jamie McDonnell,2004-02-16
Samuel Lino,1999-12-23
Shun Ayukawa,2001-09-15
João Cesco,2001-01-24
Hevertton,2001-02-01
Ludwig Vraa,2005-06-23
Michael Opoku,2005-07-20
Maksym Bragaru,2002-07-21
Théo De Percin,2001-02-02
Ryo Tabei,1999-06-25
David Kubatta,2003-10-29
Tim Oermann,2003-10-06
Romaine Mundle,2003-04-24
Patrik Mijic,1998-11-04
Billy Koumetio,2002-11-14
Luka Subotic,2003-01-22
Uros Lazic,2003-03-15
Vladimir Miletic,2003-03-05
Pedro Rosas,2000-11-28
Tiago Leite,2000-07-31
Felix Gerstmayer,2004-05-24
Tim Iroegbunam,2003-06-30
Ibrahim Cissé,1999-01-11
Airton Moisés,1999-02-02
Bruno Almeida,2000-07-02
Loide Augusto,2000-02-26
Gastón Benavídez,1995-10-23
Rodrigo Sayavedra,1995-07-21
José María Ingratti,2000-07-28
Martín Garay,1999-06-12
Abu Kamara,2003-07-21
Etienne Green,2000-07-19
Dan Bent,1996-01-10
Jovan Ilic,2000-01-30
Nahuel Banegas,1996-10-06
Nicolás Watson,1998-05-22
Valentín Depietri,2000-10-31
Santiago Longo,1998-04-12
Mihael Mlinaric,2000-06-16
Burak İnce,2004-01-20
Kazımcan Karataş,2003-01-16
Saleh Hardani,1998-12-26
Joel Chima Fujita,2002-02-16
George Earthy,2004-09-05
Lazar Stojanovic,2000-05-16
Carlos Arce,1990-09-16
Iván Tapia,1998-11-23
Eric Tovo,1992-03-06
Bartłomiej Kłudka,2002-05-14
Mariusz Fornalczyk,2003-01-15
Ante Suto,2000-06-19
Kye Livingstone,2003-03-09
Daniil Golikov,2004-03-24
Egor Pogostnov,2004-03-01
Nikita Saltykov,2004-08-11
Nikola Glisic,1999-06-30
Claudinho,2000-09-24
Nikola Djuricic,1999-12-12
Marco Pasolini,2003-04-26
Jakub Burek,2003-03-08
Vieiri Kotzebue,2002-08-31
Melih Bostan,2004-04-08
Ivan Lepskiy,2005-01-19
Ivan Shilenok,2005-01-29
Freddie Potts,2003-09-12
Thomas Kristensen,2002-01-17
Oscar Salomón,1999-03-22
José Córdoba,2001-06-03
Viktor Radojević,2004-07-14
Vukasin Djurdjevic,2004-01-24
Mateja Stjepanović,2004-02-20
Matija Gluscevic,2004-06-13
Mihajlo Petkovic,2004-05-27
Marko Velickovic,2004-10-12
Marko Lazetić,2004-01-22
Lazar Kaličanin,2004-05-21
Agustín Lagos,2001-10-09
Cheick Condé,2000-07-26
Luka Drobnjak,2004-04-25
Hugo Bueno,2002-09-18
Busanello,1998-10-29
Doma,1998-08-29
Ahmad Ghali,2000-06-23
Jannik Wanner,1999-12-20
Filip Backulja,2002-06-25
Nikita Karabashev,2002-06-30
Piotr Pietryga,2002-10-25
Krystian Palacz,2003-07-19
Max Williamsen,2003-07-24
Adebayo Adeleye,2000-05-17
Alimardon Shukurov,1999-09-28
Jovan Lukić,2002-01-20
Dragan Cubra,2002-06-04
Aleksa Puric,2003-07-07
Gabriel Mentz,1998-08-11
Maksim Kaynov,2002-03-24
Xavier Dziekoński,2003-10-06
Jakub Kaluzinski,2002-10-31
Kacper Urbański,2004-09-07
Cameron Harper,2001-11-19
Dominik Marczuk,2003-11-01
Clau Mendes,2000-12-08
Kacper Sezonienko,2003-03-23
Manu Silva,2001-06-12
Abraham Marcus,2000-01-02
Bernardo Schappo,1999-03-22
Franco Pulicastro,1999-09-23
Lucas Souto,1998-10-11
Gabri Veiga,2002-05-27
Raphael Onyedika,2001-04-19
Justice Ohajunwa,2001-06-16
Ramón Juárez,2001-05-09
Marco Iacobellis,1999-12-27
Vladimir Fratea,2003-07-27
Enis Destan,2002-06-15
Yannick Vötter,2004-12-17
Arda Okan Kurtulan,2002-11-19
Uğur Kaan Yıldız,2002-08-06
Etonia Dogalau,2001-02-24
Edoardo Iannoni,2001-04-11
Joel Mvuka,2002-11-12
Brajan Gruda,2004-05-31
Facundo Pérez,1999-07-31
Buluthan Bulut,2002-07-21
Ilya Rozhkov,2005-03-29
Mohammad Al-Hayek,2000-02-19
Alfie Brooks,2003-10-15
Roméo Beney,2005-01-19
Santiago Naveda,2001-04-16
Brian Cipenga,1998-03-11
Martin Turk,2003-08-21
Claus Niyukuri,2000-02-13
Marat Bokoev,2001-07-17
Ahmed Kraouaa,1989-04-21
Nor Maviram,2001-04-04
Derik Lacerda,1999-09-27
Brodie Spencer,2004-05-06
Ruairi McConville,2005-05-01
Leon Nozawa,2003-07-21
Anton Gaaei,2002-11-19
Rico Lewis,2004-11-21
William Madsen,2002-04-05
Abdullah Iqbal,2002-07-27
Bruno Onyemaechi,1999-04-03
Juan Barinaga,2000-10-10
Keke Topp,2004-03-25
Daniele Ghilardi,2003-01-06
Erdem Çetinkaya,2001-03-29
Nicolò Cavuoti,2003-04-04
Ogün Özçiçek,1999-01-24
Yaroslav Mikhailov,2003-04-28
Geny Catamo,2001-01-26
Stephen Chinedu,2000-01-06
Idar Shumakhov,1999-06-05
Facundo Suárez,1994-07-01
Karel Pojezny,2001-09-23
Dragan Kokanovic,2002-05-01
Sinaly Diomandé,2001-04-09
Mert Demirci,2003-10-23
Nick Twisk,2003-03-13
David Stojanovic,2002-02-14
Stefan Stanisavljevic,2002-01-16
Roman Didyk,2002-12-02
Pietro Amici,2004-01-27
Ante Bekavac,2002-01-29
Dawid Bugaj,2004-07-09
Ousmane Diawara,1999-10-10
Asahi Uenaka,2001-11-01
Ismael Saibari,2001-01-28
Ramadan Yesuf,2000-11-25
Mesfin Tafesse,2001-11-26
Haider Sherifa,1994-01-11
Antonio Vergara,2003-01-16
Gabriel Pec,2001-02-11
Bruno Gomes,2001-04-04
Figueiredo,2001-08-14
Haisham Hassan,1999-07-21
Ibrahim Aisham,1997-05-07
Mohamed Naim,1996-10-07
Hassan Nazeem,2001-05-24
Dor Turgeman,2003-10-24
Bitello,2000-01-07
Rodolfo Sulia,2001-08-08
Ibroihim Youssouf,1994-05-06
Egor Ushakov,2002-12-02
Michael Ruhs,2002-08-27
Ali Auglah,2002-03-11
Noah Botic,2002-01-11
Zachary Sapsford,2002-08-16
Joshua Rawlins,2004-04-23
Luke Duzel,2002-02-05
Charles Petro,2001-02-08
Mithat Pala,2000-08-15
Gullbrandur Øregaard,2002-07-18
Milan Smit,2003-02-13
Timo Jansink,2003-06-16
Sam Karssies,2003-02-26
Bruce El-mesmari,2002-04-23
Abdul Rasaq,2001-06-16
Guy Mizrahi,2001-03-30
Abdallah Hleihel,2001-01-11
Gijs Besselink,2004-06-16
Andréas Hountondji,2002-07-11
Nicholas Gioacchini,2000-07-25
Sambou Soumano,2001-01-03
Nicksoen Gomis,2002-03-15
Ibrokhimkhalil Yuldoshev,2001-02-14
Diyor Kholmatov,2002-07-22
Khusayin Norchaev,2002-02-06
Eugenio Pizzuto,2002-05-13
Santiago Muñóz,2002-08-14
Israel Luna,2002-03-23
Bryan González,2003-04-10
Alí Ávila,2003-09-23
Murodzhon Khalmatov,2003-07-20
Galymzhan Kenzhebek,2003-02-12
Rome-Jayden Owusu-Oduro,2004-07-02
Amourricho van Axel Dongen,2004-09-29
Illian Hernández,2000-04-12
Pedro Pedraza,2000-04-30
Carlos Bernárdez,1992-12-28
Igor Drapiński,2004-05-31
Peter Kovacik,2001-12-01
Finn van Breemen,2003-02-25
Joel Chew,2000-02-09
Samuele Angori,2003-10-07
Aman Faizer,1999-03-12
Nil Torreguitart,2001-09-21
Gerard Martín,2002-02-26
Samuel Gueulette,2000-05-19
Ilhan Fandi,2002-11-08
Rubén Sánchez,2001-02-04
Cezary Polak,2003-05-31
Mikel Serrano,2003-06-16
Stefan Tomovic,2001-10-14
Matisse Samoise,2001-11-21
Rein Van Helden,2002-07-24
Omar de la Cruz,2001-08-26
Javi Llabrés,2002-09-11
Vladislav Blănuță,2002-01-12
Abdul Awudu,2001-01-10
Zeljko Samcovic,2002-09-12
Filip Zunic,2002-05-16
Nemanja Zunic,2003-09-09
Vladimir Lucic,2002-06-28
Ognjen Lukic,2003-07-04
Wai-Him Ng,2002-06-30
Alex Jojo,1999-02-11
Nikola Knezevic,2003-03-10
Harib Suhail,2002-11-26
Marko Curic,2003-08-17
Nikola Mituljikic,2003-01-20
Aleksandar Vulic,2001-06-08
Andrej Djuric,2003-09-21
Damián Fernández,2001-01-02
Vladislav Saus,2003-08-06
Lewis O'Donnell,2005-06-21
Denis Darmovzal,2000-07-17
Harvey Davies,2003-09-03
Louis Fortin,2002-01-12
Jaydon Banel,2004-10-19
Yago Santiago,2003-04-15
Yong-hak Kim,2003-05-20
Han-beom Lee,2002-06-17
Sung-wook Hong,2002-09-17
Seung-hyun Yu,2003-06-04
Ji-sung Eom,2002-05-09
Malick Mbaye,2004-04-06
Farhan Zulkifli,2002-11-10
Matías Fernández,2001-06-23
Jarne Steuckers,2002-02-04
Alban Taipi,2003-06-21
Ugo Raghouber,2003-07-13
Badredine Bouanani,2004-12-08
César Tárrega,2002-02-26
Giuseppe Ambrosino,2003-09-10
Martin Suchomel,2002-09-11
Tomas Schanelec,2002-06-20
David Koran,2003-05-22
Christophe Kabongo,2003-08-27
Max Scholze,2005-04-30
Igor Brzyski,2007-03-15
Ardian Bajrami,2004-03-08
Cristian Makaté,2002-09-21
Bela Dumrath,2003-11-18
Pau Víctor,2001-11-26
Tuur Rommens,2003-03-26
Karim Sow,2003-05-22
Jakub Kristan,2002-07-05
Lars Villiger,2003-04-29
Nachon Nsingi,2001-04-24
Desmond Acquah,2002-07-23
Célestin De Schrevel,2002-04-02
Mandela Keita,2002-05-10
Erkam Kömür,2002-07-15
Dimitri Jepihhin,2005-10-28
Kristofer Käit,2005-04-04
Tyrese Noslin,2002-09-11
Nemanja Djokic,1998-10-23
Nicolò Savona,2003-03-19
Romano Floriani Mussolini,2003-01-27
Kusini Yengi,1999-01-15
Talha Ülvan,2001-04-20
Tjas Begic,2003-06-30
Hide Vitalucci,2002-03-05
Eduard Kozik,2003-04-19
Oleg Ocheretko,2003-05-25
Andriy Buleza,2004-01-25
Bradley Barcola,2002-09-02
Ethan Ingram,2003-04-16
Vladimir Zeman,2000-09-13
Juanpe Gil,2001-05-05
Rion Zejnullahu,2003-08-17
Vincent Nvendo,2003-07-27
Dirk Asare,2004-07-04
Romeo Vermant,2004-01-24
Mathis Servais,2004-11-23
Alejandro Jay,2002-07-07
Lorenzo Bernasconi,2003-11-16
Isaak Touré,2003-03-28
Matheus Donelli,2002-05-17
Xisco Pires,1998-01-25
Ian Kim,1999-04-23
Sang-eun Shin,1999-08-20
Logi Hrafn Róbertsson,2004-07-22
Deveron Fonville,2003-05-16
Herbert Achai,1999-08-08
Jae-hyeok Oh,2002-06-21
Jae-min Ahn,2003-01-23
Seong-hun Park,2003-01-27
Min-jun Kang,2003-04-08
Hyun-ju Lee,2003-02-07
Nico Williams,2002-07-12
Mikel Goti,2002-05-23
Rubén Gómez,2002-01-24
Carlos Romero,2001-10-29
Álex Forés,2001-04-12
Marcus Meloni,2000-06-25
Mykyta Turbayevskyi,2002-03-12
Răzvan Pașcalău,2004-05-05
Hugo Ekitiké,2002-06-20
Kévin Boma,2002-11-20
Man-ho Park,2004-02-28
Ji-soo Kim,2004-12-24
Do-hyun Kim,2004-05-12
Álex Valle,2004-04-25
Ilias Akhomach,2004-04-16
Walid Shour,1996-06-10
Ibrahim Saadeh,2000-04-27
Kaare Barslund,2004-03-23
Giacomo Toniolo,2004-04-01
Peter Federico,2002-07-25
Nabil Makni,2001-09-29
Bedirhan Özyurt,2003-03-25
Ștefan Pănoiu,2002-09-23
Kevin Ciubotaru,2004-02-02
Cătălin Vulturar,2004-03-09
Matyas Vagner,2003-02-05
Daniel Langhamer,2003-03-20
Hosine Bility,2001-05-10
Adama Boiro,2002-06-22
Iker Muñoz,2002-09-05
Iker Benito,2002-08-10
Mario Sauer,2004-05-15
Leo Sauer,2005-12-16
Uros Kabic,2004-01-01
Samed Bazdar,2004-01-31
Silvinho Esajas,2002-07-08
Mihajlo Milosavic,2004-07-14
Evanilson,1999-10-06
Jon Gorrotxategi,2002-02-02
Jon Karrikaburu,2002-09-19
Adem Alilet,1999-01-17
Akram Azman,2000-11-21
Kevin Paredes,2003-05-07
Jake O'Brien,2001-05-15
Bruno Zapelli,2002-05-16
José Ángel Carmona,2002-01-29
Darío Benavides,2003-01-12
Seok-hwan Jang,2004-10-11
Sang-yun Kang,2004-05-31
Jang Han-gyeol Park,2004-02-15
Jung-hoon Kim,2004-09-08
Rauf Rüstamli,2003-11-01
Viktoras Sakalidis,2003-04-09
Lorenz Assignon,2000-06-22
Andy Diouf,2003-05-17
Guéla Doué,2002-10-17
Warmed Omari,2000-04-23
Lesley Ugochukwu,2004-03-26
Léo Bolgado,1998-08-20
Solomon John,2001-08-08
Dexter Lembikisa,2003-11-04
Luiz Júnior,2001-01-14
İbrahim Kaya,2001-03-09
James Wright,2004-12-02
Mohamed Ismail,1999-08-01
Alibek Davronov,2002-12-28
Albert Posiadala,2003-02-25
Kaito Suzuki,2002-08-25
Kimhuy Hul,2000-04-07
Johan Bakke,2004-04-01
Jasper Samooja,2003-07-21
Maksim Samorodov,2002-06-29
Lee Bonis,1999-08-03
Bryan Zaragoza,2001-09-09
Jhoanner Chávez,2002-04-25
Pau Babot,2003-08-20
Stefan Colakovski,2000-04-20
Ryan Duncan,2004-01-18
Mohammed Qasim,1996-12-06
Dilhan Demir,2003-06-28
Desmond Wade,1997-08-31
Andrej Stojcevski,2003-05-26
Emir Saitoski,2003-05-08
Grigoriy Lovtsov,2005-01-06
Aleksey Baranovskiy,2005-01-25
Egor Smelov,2005-03-11
Evgeniy Lukinykh,2005-02-19
Aleksey Lysov,2005-02-10
Stanislav Lapinskiy,2005-02-15
Rafael Inzunza,2000-08-05
Brian Bayeye,2000-06-30
Magnus Riisnæs,2004-11-04
Oskar Sivertsen,2004-02-15
Marcelino Núñez,2000-03-01
Damián Rodríguez,2003-03-17
Besfort Zeneli,2002-11-21
Mohammed Al-Ghafri,1997-05-17
Essam Al-Subhi,1997-05-01
Arshad Al-Alawi,2000-04-12
Jakob Schöller,2005-12-09
Damir Redzic,2003-03-23
Cristian Ignat,2003-01-29
Ilie Botnari,2003-07-25
Yerson Mosquera,2001-05-02
Kang-hyun Lee,1998-07-31
Maksim Kasarab,2003-06-10
Mateusz Bąk,2003-07-01
Kumel Al-Rekabe,2004-08-19
Raul Paula,2004-01-25
Phillip Cancar,2001-05-11
Rony Jansson,2004-01-10
Altti Hellemaa,2004-07-25
Dylan Borge,2003-10-15
João Luiz,1999-02-16
Darlin Yongwa,2000-09-22
Danylo Udod,2004-03-09
Bogdan Slyubyk,2004-02-11
Ivan Losenko,2004-07-24
Nicolò Tresoldi,2004-08-20
Anton Tsarenko,2004-06-17
Maksym Melnychenko,2005-02-12
Anton Glushchenko,2004-04-20
Yuriy-Volodymyr Gereta,2004-01-30
Yegor Yarmolyuk,2004-03-01
Oleg Pushkaryov,2004-06-11
Luc Marijnissen,2003-01-09
Dawid Barnowski,2002-07-11
Emanuel Sittaro,1999-10-15
Antoine Douaihy,1999-03-22
Marcel Mendes-Dudziński,2005-05-14
Mario de Luis,2002-05-06
Stephane Keller,2001-08-20
Abde Rebbach,1998-08-11
Kwame Opoku,1999-05-08
Gabriel Martínez,2002-07-24
Kobe Franklin,2003-05-10
Deandre Kerr,2002-11-29
Zini,2002-07-03
Samuel Nongoh,2004-03-04
Otso Liimatta,2004-07-10
Josh Honohan,2001-03-28
Ismael Sierra,2003-03-17
Kevin Carlos,2001-04-10
Lucas Varaldo,2002-02-24
Lucas Assadi,2004-01-08
Carl Sainté,2002-08-09
Ernest Poku,2004-01-28
Hamzat Ojediran,2003-11-14
Ibrahim Said,2002-06-15
Mbaye Ndiaye,2003-03-21
Dmytro Kapinus,2003-04-28
Lúkas Petersson,2004-02-09
Hlynur Freyr Karlsson,2004-04-06
Shukhrat Elmurodov,2002-01-31
Mukhriddin Khasanov,2002-09-23
Amadoni Kamolov,2003-01-16
Rustam Soirov,2002-09-12
Sunatullo Ismoilov,2002-04-28
Álvaro Martínez,2002-05-04
Kouame Autonne Kouadio,2000-09-22
Bruno,2001-06-10
Bogdan Moskvichev,2004-04-30
Daniil Khudyakov,2004-01-09
Georgiy Harutyunyan,2004-08-09
Leon Zaydenzal,2004-07-08
Yaroslav Krashevskiy,2004-03-16
Kirill Stolbov,2004-04-08
Jihad Ayoub,1995-03-30
Jong-min Kim,2001-04-13
Lukass Vapne,2003-08-31
Thijmen Blokzijl,2005-02-25
Mihail Stefan,2001-08-07
Nisham Mohamed,1999-01-31
Stepan Bachurek,2002-08-24
Ivan Pavlic,2001-11-10
Phurba Tenzin,1999-08-06
David Da Costa,2001-01-05
Thibo Somers,1999-03-16
Alexandro Bernabei,2000-09-24
Daniel Aghbalyan,1999-03-12
Oleksandr Martynyuk,2001-11-25
Adedire Mebude,2004-05-28
Ben Gannon-Doak,2005-11-11
Murray Johnson,2004-11-13
Finn Yeats,2004-04-19
Simone Santi,2004-05-03
Álex Cardero,2003-08-25
Áron Csongvai,2000-10-31
Andrés Castrín,2003-05-26
Pablo Torre,2003-04-03
Kacper Trelowski,2003-08-19
Justin Diehl,2004-11-27
Nolan Martens,2004-07-07
Nikita Lobov,2005-07-21
Aleksey Batrakov,2005-06-09
Danila Kozlov,2005-01-19
Lautaro Díaz,1998-05-21
Franco Pardo,1997-04-05
Olivier Aertssen,2004-08-07
Tijn Smolenaars,2005-02-23
Andrey Kudravets,2003-09-02
Egor Parkhomenko,2003-01-07
Kirill Zinovich,2003-03-05
Ángel Robles,2001-11-18
Rodrigo Insúa,1997-12-16
Danila Patijcuks,2003-03-22
Patrik Wålemark,2001-10-14
Maksym Khlan,2003-01-27
Mykyta Kononov,2003-01-22
Calal Hüseynov,2003-01-02
Michael Pavlovic,2001-06-12
Ekain Azkune,2001-01-26
Fredrik Carson Pedersen,2002-10-09
Jiri Borek,2002-09-23
Eui-hyeong Lee,1998-03-03
Septian Bagaskara,1997-09-26
Jonathan Mutombo,2002-08-27
Carvalheira,1999-05-26
Michael Agbekpornu,1998-08-31
Denys Svityukha,2002-02-08
Srdjan Kuzmic,2004-01-16
Fabrício,2000-06-15
Byron Vásquez,2000-05-16
Damián Rivera,2002-12-08
Serhat Öztaşdelen,2004-12-09
Niks Sliede,2004-03-08
Niek Schiks,2004-02-03
Miliano Jonathans,2004-04-05
Ariel Arauz,2001-05-30
Kota Kawano,2003-08-12
Fidel Ambríz,2003-03-21
Emmanuel Ochoa,2005-05-05
Léandre Kuavita,2004-05-31
Mathias Delorge,2004-07-31
Jaroslav Harustak,2002-01-08
Jan Fiala,2001-05-04
Drake Callender,1997-10-07
Miłosz Strzeboński,2003-11-19
Denys Kuzyk,2002-09-18
Atdhe Mazari,2001-06-02
Andrei Borza,2005-11-12
Luca Popa,2005-12-14
Adrian Mazilu,2005-09-13
Adrian Caragea,2005-09-07
Erick Noriega,2001-10-22
Ondrej Kukucka,2004-03-23
Matej Sin,2004-06-02
Angelos Angelopoulos,2003-02-19
Manolis Smpokos,2003-02-19
Athanasios Karamanis,2003-10-14
Andreas Ntoi,2003-02-02
Apostolos Christopoulos,2003-01-29
Georgios Koutsias,2004-02-08
Enock Agyei,2005-01-13
Mücahit Ibrahimoglu,2005-03-09
Armin Haider,2005-09-05
Charles Tillett,2001-07-29
Darrel Myvett,1993-12-15
Fabio Chiarodia,2005-06-05
Luca Lipani,2005-05-18
Gabriel Buta,2002-01-29
Matias Fernandez-Pardo,2005-02-03
Ezoo El Maremi,1998-08-22
Filip Slavicek,2002-09-25
Luis Hasa,2004-01-06
Martín Garnerone,1998-09-28
Ulises Sánchez,1998-06-26
Stylianos Vrontis,2004-11-05
Abubeker Nasir,2000-02-23
Roko Brajkovic,2005-07-03
Daniel Edelman,2003-04-28
Sam Sarver,2003-03-03
Jalen Neal,2003-08-24
Alex Monis,2003-03-20
Brian Gutiérrez,2003-06-17
Abde Ezzalzouli,2001-12-17
Sinclair Armstrong,2003-06-22
Josh Keeley,2003-05-17
Andrew Moran,2003-10-15
Bosun Lawal,2003-05-30
Jack McGlynn,2003-07-07
Attila Csürös,1995-02-15
Ot Remolins,2004-02-25
Eric Balastegui,2003-06-29
Andrej Bajovic,2003-06-06
Lazar Mijovic,2003-03-12
Ognjen Bakic,2003-01-06
Marcelo Ryan,2002-06-08
Zac Zoricich,2002-10-28
Matthew Ellis,2001-02-27
Tawanda Chirewa,2003-10-12
Finn Surman,2003-09-23
Bujar Pllana,2001-10-29
Tomás Sultani,1998-06-22
Luka Kharatishvili,2003-01-11
Temirlan Anarbekov,2003-10-14
Saba Khvadagiani,2003-01-30
Gizo Mamageishvili,2003-01-15
Otar Mamageishvili,2003-01-15
Nikoloz Ugrekhelidze,2003-08-15
Luka Gagnidze,2003-02-28
Elias Müller,2005-08-31
Jakub Emmer,2001-03-30
Roni,1999-04-15
Valentyn Gorokh,2001-02-14
Bernt Klaverboer,2005-09-26
Mouad Eissa,1999-05-08
Omran Al-Tawerghi,1997-02-15
Antonín Kinský,2003-03-13
Guilherme Castilho,1999-09-19
Denys Ignatenko,2003-01-11
Glib Savchuk,2003-02-17
Maksym Dyachuk,2003-07-21
Denys Shostak,2003-01-24
Oleksandr Yatsyk,2003-01-03
Pavlo Isenko,2003-07-21
Nazar Voloshyn,2003-06-17
Artur Mykytyshyn,2003-07-14
Vitaliy Roman,2003-04-14
Jajá,1998-11-12
Mario Mitaj,2003-08-06
Simon Simoni,2004-07-14
Jeppe Kudsk,2003-02-25
Hakim Kiwanuka,2000-09-11
Szczepan Mucha,2004-02-29
Daniil Zorin,2004-02-22
Daniil Motorin,2004-07-16
Georgios Prountzos,2003-08-18
Branislav Knezevic,2002-07-21
Stefan Mitrović,2002-08-15
Tadeas Hajovsky,2005-09-30
Adrian Fiala,2005-05-02
Cristian Devenish,2001-01-25
Rodrigo Ribeiro,2005-04-28
Samuel Justo,2004-04-02
Konstantinos Pomonis,2002-06-05
Gonçalo Esteves,2004-02-27
Joe Hugill,2003-10-19
James Beresford,2002-04-17
John Lucero,2003-12-01
Shayden Morris,2002-03-30
Jankat Yılmaz,2004-08-16
Emir Ortakaya,2004-06-22
Jelle Van Neck,2004-03-07
Benoit De Jaegere,2004-04-12
Noah Sadiki,2004-12-17
Szymon Weirauch,2004-03-05
Zach Robinson,2002-06-11
Emre Bilgin,2004-02-26
Hamza Akman,2004-09-27
Fiston Mayele,1994-06-24
Ayush Dev Chhetri,2003-04-16
Rafał Mamla,2003-12-22
Jaden Slory,2005-05-09
Robert-Jan Vanwesemael,2002-03-26
Andrey Langovich,2003-05-28
Henoc Inonga,1993-11-01
Caio Alexandre,1999-02-24
Jan Eicher,2004-02-16
Mohamed Idir Hadid,2002-06-24
Yong-jun Hong,2003-03-26
Sang-hyeok Lee,2001-01-06
Facundo Farías,2002-08-28
Luca Andrada,2001-04-22
Julián Palacios,1999-02-04
Oliver Larraz,2001-09-16
Maksymilian Pingot,2003-04-01
Gavin Molloy,2001-10-19
Danilo Veiga,2002-09-25
Francisco Salinas,1999-12-04
Lovro Stubljar,2004-08-09
David Ludvicek,2001-08-24
Juan Elordi,1994-08-21
Vojtech Stransky,2003-03-13
Martin Subert,2002-08-13
Dalibor Vecerka,2003-03-12
Filip Prebsl,2003-03-04
Tadeas Stoppen,2003-12-30
Tomas Rigo,2002-07-03
Denis Kramar,2003-08-08
Krystof Lichtenberg,2002-11-30
Julius Lindberg,1999-01-04
Brooke Norton-Cuffy,2004-01-12
Lequincio Zeefuik,2004-11-26
Lucas Hey,2003-04-13
Tom de Graaff,2004-12-10
Roy Steur,2005-02-01
Renta Higashi,2004-06-17
Harumi Minamino,2004-05-13
Maga,2002-11-16
Roman Volokhatyi,2000-08-23
Lucas Fasson,2001-05-30
Nicolás Morro,1997-08-29
Alejandro Martínez,1997-04-16
Mahmoud Saber,2001-07-30
Bruno Leonardo,1996-06-02
Oleksandr Kemkin,2002-08-05
Vladyslav Veleten,2002-10-01
Georges Mikautadze,2000-10-31
Nikola Jovanovic,2003-10-29
Mohammed Rabii,2001-09-29
Min-woo Seo,1998-03-12
Jong-hyeon Park,2000-11-24
Gyu-hyeon Choe,2000-09-19
Stepan Harazim,2000-07-13
Aaron Zehnter,2004-10-31
Mahmut Kücüksahin,2004-04-07
Alexandre Lezcano,2001-08-26
Noel Törnqvist,2002-02-01
Faiz Mattoir,2000-07-12
Loïc Badé,2000-04-11
Hugo,1997-08-29
Milton Giménez,1996-08-12
Luciano Herrera,1996-05-31
Milos Kerkez,2003-11-07
Andriy Lipovuz,1998-01-29
Tyrick Mitchell,1999-09-01
Roman Pasevich,1999-11-28
Teddy Sharman-Lowe,2003-03-30
Franco Carboni,2003-04-04
David Maftei,2004-07-12
Eduard Radaslavescu,2004-07-30
Abdulla Hamad,2001-09-18
Ahmed Eid,2001-01-02
Matías Mansilla,1996-01-15
Taha Ali,1998-07-01
Álvaro Zamora,2002-03-09
Santi García,2001-08-29
Kaide Gordon,2004-10-05
Eddie Beach,2003-10-09
Agustín Auzmendi,1997-02-01
Rafael Monti,1999-12-08
Agustín Martegani,2000-05-20
Kaina Tanimura,1998-03-05
Mohamed Al-Taay,2000-06-15
Guzmán Rodríguez,2000-02-08
Oussama Lamlioui,1996-01-02
Kenta Matsumoto,1997-05-04
Mitul Marma,2003-12-11
So Kawahara,1998-03-13
Sumon Reza,1995-06-15
Kees Sims,2003-03-27
Takahiro Akimoto,1998-01-31
James Carragher,2002-11-11
Sota Kawasaki,2001-07-30
Lawrence Agyekum,2003-11-23
Seiya Maikuma,1997-10-16
Alberto Moleiro,2003-09-30
Dimitrios Monastirlis,2004-03-22
Kai Matsuzaki,1997-11-22
Rifkhan Mohamed,1999-10-25
Mitch Gibson,2001-10-08
Michalis Patiras,2004-05-13
Adam Dohnalek,2004-07-04
Mehedi Hasan,1994-10-24
Dion Krasniqi,2003-08-24
Hoang Viet Anh Bui,1999-01-01
Kang-hee Lee,2001-08-24
Luca Stephenson,2003-09-17
Van Vi Nguyen,1998-02-12
Tuan Hai Pham,1998-05-19
Calem Nieuwenhof,2001-02-17
Dakota Ochsenham,1999-09-28
Marwan Ateya,1998-08-01
Ernando Ari,2002-02-27
Rizky Ridho,2001-11-21
Jonas Adjetey,2003-12-13
Abderrahmane Medjadel,1998-07-01
Hadi Al-Hourani,2000-03-14
Yazan Al-Naimat,1999-06-04
Nizar Al-Rashdan,1999-03-23
Sebastian Berhalter,2001-05-10
Prince Adu,2003-09-23
Amine El Ouazzani,2001-07-15
Georgios Lagonidis,2002-07-11
Lampros Smyrlis,2004-07-12
Alexios Kalogeropoulos,2004-07-26
Nikolaos Botis,2004-03-31
Lefteris Tasiouras,2004-03-01
Nikolaos Grammatikakis,2003-05-26
Polydefkis Volanakis,2003-04-25
Jakob Jessen,2004-03-05
Natan,2001-02-06
João Gomes,2001-02-12
Rodrigo Muniz,2001-05-04
Richard Ríos,2000-06-02
Gustavo,2000-03-23
In-gyun Kim,1998-07-23
Thalente Mbatha,2000-03-06
Maxence Rivera,2002-05-30
Ruben van Bommel,2004-08-03
Jon Bell,1997-08-26
Mohamed Aiash,2001-02-27
Jassem Gaber,2002-02-20
Ayman Yahya,2001-05-14
Lucas Laso,2003-01-04
Wai Lin Aung,1999-07-30
Zin Nyi Nyi Aung,2000-06-06
Lucas Shlimon,2003-02-15
Mustafa Mashaal,2001-03-28
Isaías Delpupo,2003-03-31
Ali Kadhim,1997-10-24
Brayan Gil,2001-06-28
Adi Chică-Roșă,1998-09-08
Benji Kikanović,2000-01-06
Alexandros Maskanakis,2004-08-08
Simen Vidtun Nilsen,2000-03-03
Jeremy Márquez,2000-06-21
Hakeem Agboluaje,2007-09-24
Stepan Sebrle,2002-09-04
Muad Alamami,1998-07-07
Hossam Abdelmaguid,2001-04-30
Patrick de Paula,1999-09-08
Sondre Langås,2001-02-02
Renzo Orihuela,2001-04-04
Bruno Barticciotto,2001-05-07
Clemente Montes,2001-04-25
Kenderson Navarro,2002-02-25
Christopher Nwaeze,2002-11-16
Oualid Agougil,2005-08-07
Rafik El Arguioui,2005-07-31
Tom Bramel,2005-07-24
Eduardo Melo,2001-05-13
Mike Kleijn,2005-02-09
Tshelthrim Namgyel,2002-07-01
Álex Valera,1996-05-16
Quentin Benaets,2003-08-26
Zeno Van Den Bosch,2003-07-06
Amine Souane,2001-09-17
Ahsanuddin Dani,1994-03-13
Tekcham Abhishek Singh,2005-01-02
Nicolás Fernández Mercau,2000-01-11
Nikhil Prabhu,2000-10-02
Alexandre Jesus,2001-09-16
Igor Thiago,2001-06-26
Aarón Suárez,2002-06-27
Bryce Duke,2001-02-28
Ilan Kebbal,1998-07-10
Simone Giocondi,2002-04-28
Razak Simpson,1998-07-15
Matías Esquivel,1999-03-22
Ênio,2001-03-03
Mateja Djordjević,2003-01-17
David Sousa,2001-07-04
Oscar Mason,2004-08-16
Kevin Doukoure,1999-03-30
Alfred Canales,2000-04-27
Fintelman,2001-07-20
Guilherme Biro,2000-05-01
Natanael,2002-01-05
Wermeson,2001-02-16
Gabriel Xavier,2001-05-06
Matej Cechal,2005-02-01
Matej Zachoval,2005-04-09
Roman Horak,2005-02-25
Jordán Carrillo,2001-11-30
Pavel Gaszczyk,2005-02-17
Stepan Misek,2005-07-20
Cláudio Braga,1999-10-28
Tomás Escalante,1999-07-02
Talles Brener,1998-05-12
Carlos Mora,2001-03-18
Zoran Mitrov,2002-01-29
Matheus Bahia,1999-08-11
Malek Al-Abdulmenem,1998-03-08
Belal Halbouni,1999-12-29
Ifeanyi Eze,1999-05-07
Jonas Rouhi,2004-01-07
Irving Gudiño,2000-11-15
César Yanis,1996-01-28
Natanael Guzmán,1999-08-11
Anteo Fetahu,2002-07-10
Zaid Romero,1999-12-15
Rocco Vata,2005-04-18
Matthew Cox,2003-05-02
Omari Hutchinson,2003-10-30
Vicent Abril,2005-02-15
Javier Boñar,2005-06-03
Álex Jiménez,2005-05-08
Sergi Domínguez,2005-04-01
Youssef Enríquez,2005-10-07
Iker Bravo,2005-01-13
Pol Fortuny,2005-03-11
Stelios Vallindras,2005-05-03
Erick Canales,2001-06-07
Francisco Silva,2005-11-20
Leonardo Barroso,2005-06-12
Alfa Baldé,2005-02-02
Alfonso Trezza,1999-06-22
Dinis Rodrigues,2005-07-14
Lauri Laine,2005-05-30
Dario Naamo,2005-05-14
Juho Talvitie,2005-03-25
Khayon Edwards,2003-09-12
Franco Ibarra,2001-04-28
Max Ejdum,2004-10-15
Kike Linares,1999-07-12
Jhohan Romaña,1998-09-13
José Florentín,1996-07-05
Diego Madritsch,2005-08-02
Tim Paumgartner,2005-03-05
Dejan Radonjic,2005-09-25
Léo Linck,2001-03-03
Wallisson,1997-09-23
Gabriel Pereira,2000-05-07
Iyan Abdul Aleem,1994-01-29
Giuliano Simeone,2002-12-18
Brison Fernandes,2001-04-17
Hrithik Tiwari,2002-01-10
Caden Clark,2003-05-27
Ryan Mahuta,2002-07-07
Carlos Forbs,2004-03-19
Miguel Falé,2004-01-28
Jorge Meireles,2004-04-04
Juan Mina,2004-07-27
Fábio Ronaldo,2001-04-28
Málcom Palacios,2004-02-08
Daniel Pedrozo,2004-03-19
Pedro Bravo,2004-11-26
Luis Segura,2004-07-26
Sebastián Girado,2004-08-11
Enes Keskin,2001-06-04
Mohamed Touré,2004-03-26
Santiago Hezze,2001-10-22
Josias King Furaha,2003-05-05
Eduardo Anderson,2001-01-31
Ibrahim Buhari,2001-10-08
Dante Rossi,1987-07-12
Henrik Falchener,2003-05-08
Emirhan İlkhan,2004-06-01
Kyriani Sabbe,2005-01-26
Vadim Lukyanov,2002-12-16
Cihan Çanak,2005-01-24
Jorne Spileers,2005-01-21
Chemsdine Talbi,2005-05-09
Malick Fofana,2005-03-31
Stanis Idumbo,2005-06-29
Brahim Ghalidi,2005-01-31
Noah Mbamba,2005-01-05
Nico O'Reilly,2005-03-21
Kévin Danois,2004-06-28
Wilson Odobert,2004-11-28
William Mikelbrencis,2004-02-25
Robin Risser,2004-12-02
Brahim Traoré,2004-02-04
Nathan Buayi-Kiala,2004-02-29
Connor Allan,2004-01-10
Deshawon Nembhard,1994-10-08
Gabriel Rukavina,2004-01-16
Mycael,2004-03-12
Vinícius Tobias,2004-02-23
Savinho,2004-04-10
Rodriguinho,2004-03-16
Matheus Nascimento,2004-03-03
Matheus França,2004-04-01
Ângelo,2004-12-21
Emersonn,2004-07-16
Andrey Santos,2004-05-03
Santiago van der Putten,2004-06-25
Jewison Bennette,2004-06-15
Josimar Alcócer,2004-07-07
Creichel Pérez,2004-11-11
Enzo López,1998-03-10
Joseth Peraza,2004-12-09
Renato Santos,2004-10-11
Abdurauf Buriev,2002-07-20
Kirill Nikishin,2004-02-05
Moataz Al-Baqaawi,1998-01-04
Thiago Borbas,2002-04-07
Hai Long Nguyen,2000-08-27
Mohammad Al-Massri,2001-06-22
Hasan Srour,2001-12-18
João Marcelo,2000-06-13
Amer Jamous,2002-07-03
Mohammad Al-Husseini,2002-12-18
Bamidele Yusuf,2001-02-22
Rafael Fernandes,2002-06-28
Otto Hindrich,2002-08-05
Marian Danciu,2002-04-24
Ivan Cvijanovic,2003-10-09
Anvar Khozhimirzaev,1994-10-21
Adam Wharton,2004-02-06
Seung-min Um,2003-05-02
Adrián Sánchez,1999-05-14
Gastón Martirena,2000-01-05
Jeferson Caraballo,2002-05-08
Sokyuth Kim,1999-06-21
Ratanak Min,2002-07-30
Ian Fray,2002-08-31
Kenta Inoue,1998-07-23
Arijon Ibrahimovic,2005-12-11
Herman Johansson,1997-10-16
Elias Baum,2005-10-26
Rafael Garutti,1998-11-25
Ieltsin Camões,1999-04-16
Ryoya Yamashita,1997-10-19
Mathieu Patouillet,2004-02-20
David Preu,2004-10-26
Mamadou Coulibaly,2004-04-21
Edan Diop,2004-08-28
Soungoutou Magassa,2003-10-08
Ramón Sosa,1999-08-31
Maghnes Akliouche,2002-02-25
Yllan Okou,2002-12-23
Taha Altıkardeş,2003-08-22
Ante Orec,2001-08-29
Artem Kulakovskyi,2002-02-11
Vadim Rakov,2005-01-09
Yann Lienard,2003-03-16
Léo Gaúcho,2001-08-03
Ethan Cox,2004-01-07
Brandan Craig,2004-04-07
Tony Leone,2004-04-28
Luca Koleosho,2004-09-15
Benjamin Williams,1999-07-12
Batuhan Yavuz,2005-05-04
Jan Plug,2005-04-02
Daler Barotov,1999-01-29
Kevin Serna,1997-12-17
Sebastián Navarro,2000-07-15
Harhys Stewart,2001-03-20
Kevin Radulovic,2002-06-27
Nikita Krivtsov,2002-08-18
Michael Carcelén,1997-04-13
Hanif Farhan Azman,2000-11-02
Daniel Jr,2002-05-09
Hidemasa Koda,2003-10-02
Daiki Fukazawa,1998-08-21
Ndamulelo Maphangule,1999-10-22
Junior Hernández,1999-04-05
Kevin Pérez,1997-07-18
Léider Riascos,2000-07-04
Cristian Trujillo,1998-08-09
Isak Helstad Amundsen,1999-10-14
Isaac James,2004-08-28
Kamaldeen Sulemana,2002-02-15
Alessandro Calligaris,2005-03-07
Pietro Comuzzo,2005-02-20
Daniel Jebbison,2003-08-13
Young-hun Kang,1998-09-28
Evidence Makgopa,2000-06-05
Kobi Henry,2004-04-26
Efraín Morales,2004-03-04
Caleb Wiley,2004-12-22
Thomas Williams,2004-08-15
Darren Yapi,2004-11-19
Zach Booth,2004-02-17
Cristian Volpato,2003-11-15
Mohamed Amoura,2000-05-09
Mannou Berger,2004-10-15
Jesper Uneken,2004-08-09
Aidan Denholm,2003-11-09
Justin Devenny,2003-10-11
Sami Ouaissa,2004-10-02
Dave Kwakman,2004-08-07
Emerson Batalla,2001-06-30
Dmitriy Kuchugura,2004-10-21
Gyan de Regt,2003-08-18
Richard Chin,2002-10-15
Tyreece Campbell,2003-09-14
Seong-min Kim,2000-07-03
Dusan Vukovic,2002-08-06
Samuel Sigut,2002-10-31
Isaac Báez,2002-05-23
Valdemar Byskov,2005-01-25
Ahmed Adebayo,2002-06-18
Luis Ortiz,1998-01-23
Cristian Sacaza,1998-08-18
Elijah Campbell,2004-08-02
Melvin Cartagena,1999-07-30
Dirk Baron,2002-08-16
Jayden Addai,2005-08-26
Darwin Lom,1997-07-14
Tiago Hernández,2002-05-11
Diogo Oliveira,1996-12-04
Korrakot Pipatnadda,1999-07-15
Alfie McNally,2004-12-22
Shea Charles,2003-11-05
Jada Mawongo,2004-09-17
Dimitris Rallis,2005-03-26
Vincent Manuba,2005-07-01
Jahshaun Anglin,2001-05-06
Brian Schwake,2001-08-24
Ivo Mammini,2003-04-15
Alou Kuol,2001-07-05
Abdulaziz Al-Aliwa,2004-02-11
Tomas Fojtu,2003-08-02
Anas Yusuf,2004-02-01
Jacobo Pimentel,2002-01-13
Carlos Alcaraz,2002-11-30
Leonardo Vargas,2001-03-16
Amin Sarr,2001-03-11
Adil Boulbina,2003-05-02
Yassine Titraoui,2003-07-26
Gastón Ávila,2001-09-30
Devon Koswal,2003-08-21
Yousef Abu Al-Jazar,1999-10-25
Olaf Gorter,2005-01-31
At Viengkham,2000-10-24
Franklin Tebo Uchenna,2000-01-15
Luca Monticelli,2005-02-12
Mika Godts,2005-06-07
Joseph Nonge,2005-05-15
Nail Moutha-Sebtaoui,2005-11-17
Oleksiy Sych,2001-04-01
Vasyl Runich,2000-01-31
Franco Paredes,1999-03-18
Adil Kadyrzhanov,2000-07-14
Takumi Mase,1998-05-03
Erzhan Tokotaev,2000-07-17
Nurlan Sarykbaev,1998-09-29
Gulzhigit Borubaev,2000-04-22
Radu Negru,1999-04-17
Maksat Alygulov,2000-12-21
Mikhail Shchetinin,2005-07-08
Jarrod Carluccio,2001-02-08
Jonathan Sirois,2001-06-27
Alieu Fadera,2001-11-03
Victor Hugo,2004-05-11
Hoang Minh Khoa Vo,2001-03-12
Phi Hoang Nguyen,2003-03-27
Jeong-won Eo,1999-07-08
Juan Castilla,2004-07-27
Aleksa Todorovic,2004-01-25
Francisco da Costa,1995-04-15
Santiago da Costa,1999-04-13
Sonesanith Phommachanh,2002-11-11
Geon-joo Choi,1999-06-26
Wilfredo Rivera,2003-10-14
Amir Zhaparov,2000-08-18
Arlen Sharshenbekov,2000-01-18
Sebastián Zaracho,1999-01-20
Sadick Abubakar,1998-02-02
Mads Freundlich,2003-03-25
Javier Otero,2002-11-18
Obed Nkambadio,2003-02-07
Jaouen Hadjam,2003-03-26
Tom Louchet,2003-05-04
Seid Habtamu,1998-04-05
Artem Kasimov,2003-04-17
Miłosz Matysik,2004-04-26
Eggert Aron Gudmundsson,2004-02-08
Danylo Kravchuk,2001-07-02
Syver Skeide,2004-08-28
Matej Mikulenka,2004-02-05
Martin Hruby,2004-03-22
Kiril Fesyun,2002-08-07
Alouis Diriken,2004-04-01
Delio Ramírez,2000-11-25
Luis Vega,2002-02-28
Amirul Aizad Zaidi,2002-07-29
André Lacximicant,2001-05-19
Bogdan Veklyak,1999-08-31
Mads Enggård,2004-01-20
Tymur Puzankov,2003-03-04
Khalid Ali Sabah,2001-10-05
Jonatas Santos,2001-12-16
Haron Ahmed Zubair,1994-07-24
Abbosbek Fayzullaev,2003-10-03
Ruslanbek Jiyanov,2001-06-05
Marek Icha,2002-03-14
Basiala Amongo,1998-12-29
Shuto Nakano,2000-06-27
Baton Zabergja,2001-04-18
Danyil Alefirenko,2000-04-19
German Barkovskiy,2002-06-25
Alirza Müshtabazada,2001-12-05
Jin-ho Kim,2000-01-21
Tiago Palacios,2001-03-28
Bereket Wolde,1997-10-18
Cherinet Gugsa,1999-09-13
Benjamin Acquah,2000-12-29
Juan José Cáceres,2000-06-01
Nicolás Laméndola,1998-12-12
Cristián Cañozales,1999-04-22
Alan Varela,2001-07-04
Pablo Solari,2001-03-22
Florián Monzón,2001-01-03
Maximiliano Zalazar,2001-03-08
Adam Montgomery,2002-07-18
Alidzhon Karomatullozoda,2002-05-05
Ivan Bober,2006-01-07
Yegor Tverdokhlib,2000-12-17
Macarton Louis Nickson,2004-03-19
Daler Imomnazarov,1995-05-31
Ekhson Boboev,1992-02-28
Bojan Adzic,2003-12-01
Viktor Djukanovic,2004-01-29
Joel Ideho,2003-07-17
Ming-You Hsieh,1998-11-13
Ange Kouamé,1996-12-22
Ko-Chi Yao,1996-05-15
Po-Wei Kuo,1998-12-10
William López,1993-11-11
Stav Lemkin,2003-04-02
Evgeniy Malashevich,2002-12-10
Rakhmatsho Rakhmatzoda,2004-04-06
Jung-taek Lee,1998-05-23
Julio Sibrián,1996-07-17
Abdukodir Khusanov,2004-02-29
Mukhammadali Urinboev,2005-04-24
Rustam Turdimurodov,2004-04-04
Josué Casimir,2001-09-24
Gi-hyuk Lee,2000-07-07
Tyler Wolff,2003-02-13
Bode Hidalgo,2002-02-22
Alejandro Alvarado,2003-07-29
Justing Cano,2002-03-02
Edgar Castillo,2002-05-21
Ayodele Thomas,2007-07-23
Artem Pryadkin,2001-09-18
Delvin Alfonzo,2000-09-04
Islam Chesnokov,1999-11-21
Chih-Hsuan Lin,1996-07-17
Williot Swedberg,2004-02-01
André Picornell,2004-04-03
Damir Kasabulat,2002-08-29
Pedro Antonio Rodriguez,2006-03-01
Jakub Chalupa,2006-10-14
Marek Havran,2006-10-07
Mikulas Konecny,2006-06-02
Samuel Pikolon,2006-03-05
Roman Mokrovics,2006-06-04
Daniel Rus,2006-02-02
Jovaunn Ramos,2002-03-24
Arslan Bekberdinov,2003-08-14
Said Datsiev,2003-04-10
Jozhua Vertrouwd,2004-08-21
Milan de Haan,2003-11-20
Chris Brady,2004-03-03
Beto Ydrach,2001-05-21
Dies Janse,2006-01-17
Christian Brauzman,2003-08-15
Si-hoo Hong,2001-01-08
Hussein Carneil,2003-05-09
Kaio César,2004-02-15
Théo Le Bris,2002-10-01
Ermek Kenzhebaev,2003-04-03
Alberto Flores,2003-11-10
Kike Salas,2002-04-23
Stanislav Krystin,2001-09-05
Manu Bueno,2004-07-27
Wei-Chieh Huang,2004-12-25
Nikola Curcija,2001-04-08
Arouna Sangante,2002-04-12
Luka Romero,2004-11-18
Islam Yunusov,2000-01-26
José Mulato,2003-01-09
Milos Mladenovic,2001-11-20
Simon Ebonog,2004-08-16
Kurmanbek Nurlanbekov,2004-04-01
Ismaël Boura,2000-08-14
Azizbek Daliev,2005-04-16
Carlos Cortés,2001-09-17
Yevgen Pavlyuk,2002-08-18
Jersson González,2001-09-15
Cheol-woo Park,1997-10-21
Robin Dzabic,2001-04-03
Gor Manvelyan,2002-04-09
Oleg Fedor,2004-07-23
Igor Gorbach,2004-05-27
Denys Slyusar,2002-05-27
Jordan Semedo,2003-01-15
Malamine Efekele,2004-07-19
Nesto Groen,2004-07-22
Mateja Milovanovic,2004-04-18
Neal Viereck,2004-05-03
Aymen Sliti,2006-03-24
Hugo Gambor,2002-12-30
Pablo Barrios,2003-06-15
Ivan Bendera,2003-02-18
Semen Vovchenko,1999-06-13
Dmytro Matsapura,2000-03-10
Arthur Piedfort,2005-02-01
Merijn van de Wiel,2005-12-23
Andriy Kitela,2004-12-13
Mamadou Lamine Camara,2003-01-05
Marco Pellegrino,2002-07-18
Abdallah Sima,2001-06-17
Nicolas Jackson,2001-06-20
Mert Kömür,2005-07-17
Eric Izquierdo,2002-01-13
Min-geu Kang,1998-09-07
Talha Sarıarslan,2004-01-18
Xander Severina,2001-04-12
Xeedee Pomsavanh,2002-03-28
Ivan Varfolomeev,2004-03-24
Soufiane Hetli,2001-05-30
Ivan Lainovic,2005-07-03
Nikola Skrobonja,2005-08-16
Aleksandar Stanković,2005-08-03
Rafiki Saïd,2000-03-15
Taiyo Hiraoka,2002-09-14
Omri Gandelman,2000-05-16
Willy Kambwala,2004-08-25
Chony Wenpaserth,2002-11-27
Elmer Cardoza,2002-07-29
Lasse Nordås,2002-02-10
Matties Volckaert,2002-10-12
Masaki Yumiba,2002-05-13
Karel Mustmaa,2005-08-08
Moez Haj Ali,1999-08-09
Dominik Kirnbauer,2002-08-28
Fousseny Doumbia,2005-02-23
Yoann Cathline,2002-07-22
Bong-soo Kim,1999-12-26
Theo Klein,2001-04-09
Tom Moustier,2002-05-02
Amin Cherni,2001-07-07
Nando Verdoni,2003-07-09
Benjamin Bouchouari,2001-11-13
Melker Heier,2001-05-08
Kenta Matsuyama,1998-11-17
Robbie Ure,2004-02-26
Ramón Terrats,2000-10-18
Jermein Peña,1999-10-16
Jun-soo Byeon,2001-11-30
Jorge Jiménez,1999-05-20
Óscar Villa,2001-02-24
Mehdi Dorval,2001-02-09
Sebastián Acuña,2002-06-25
Pablo Ibáñez,1998-09-20
Axel Urie,1999-04-14
Pável Pérez,1998-06-26
Mihai Udrea,2001-07-20
Ismaël Doukouré,2003-07-24
Gustav Friberg,2002-09-10
Johnson Nsumoh,2001-06-14
Shuto Tanabe,2002-05-05
Takumi Tsukui,2002-04-30
Yota Komi,2002-08-11
Ryota Kamihashi,2002-06-16
Kaito Fujii,2003-02-15
Kanta Chiba,2003-06-17
Lukas Ullrich,2004-03-16
Azizbek Khaitov,2003-04-06
David Datro Fofana,2002-12-22
Erison,1999-04-13
Diego Martínez,2004-04-07
Yael Uribe,2004-06-04
Pavel Gorelov,2003-01-22
Ivan Komarov,2003-04-15
Kaung Zan Mara,2002-06-11
Valentín Carboni,2005-03-05
Valeriy Dubko,2001-03-22
Benjamin Tahirović,2003-03-03
El Chadaille Bitshiabu,2005-05-16
Zidan Sertdemir,2005-02-04
Diego Santis,2002-07-13
Zac McGraw,1997-06-08
Ahmed Kouka,2001-07-04
Yehia Zakaria,2001-12-20
Naoki Hayashi,1998-06-09
Vanderson,2001-06-21
Bilal Brahimi,2000-03-28
Bence Dárdai,2006-01-24
Teddy Boulhendi,2001-04-09
Bogdan Kobzar,2002-04-22
Yaroslav Karabin,2002-11-19
Caio Roque,2002-01-09
Muhammed Damar,2004-04-09
Bo De Kerf,2003-11-21
Henrik Heggheim,2001-04-22
Ivan Gulko,2003-10-23
Déron Payne,2002-09-25
Rafael Struick,2003-03-27
Jan Krzywański,2003-03-10
Wiktor Koptas,2004-10-20
Haxzel Quirós,1998-06-03
Kayne van Oevelen,2003-08-07
Emil Gazdov,2003-09-11
Ondrej Mrozek,2003-10-16
Elias Hansborg,2005-07-02
Malik Mothersille,2003-10-23
Telmo Arcanjo,2001-06-21
Kawê,2002-06-22
Phoutthalak Thongsanith,2002-12-03
Photthavong Sangvilay,2004-10-16
Anantaza Siphongphan,2004-11-09
Saleumsay Phommavong,2000-08-07
Anousone Xaypanya,2002-12-16
Soukphachan Lueanthala,2002-08-24
Aydarus Abukar,2002-11-28
Roony Bardghji,2005-11-15
Érik Dueñas,2004-10-18
Raul Gustavo,1999-04-24
Aleksandar Pavlovic,2004-05-03
Marius Olsen,2001-05-14
Kosei Okazawa,2003-10-22
Rüstam Ahmadzada,2000-12-25
Stije Resink,2003-05-28
Jakob Brunnhofer,2006-04-25
Alin Boțogan,2004-02-21
Matthew Edwards,2003-02-17
Ajani Fortune,2002-12-30
Nejc Gradisar,2002-08-06
Mamadou Maiga,1995-02-10
Tristan van Gilst,2003-02-18
Marcelo Alves,1998-02-07
Mads Agger,1999-12-21
Reed Baker-Whiting,2005-03-31
Ayoub Jabbari,2000-01-30
Aske Andrésen,2005-07-12
Jorge Teixeira,1999-06-21
Julien Le Cardinal,1997-08-03
Jake Young,2001-07-22
Magnus Sjøeng,2002-03-23
Nemanja Krsmanovic,2003-05-09
Cameron Cook,2001-08-16
Markus Jensen,2005-07-15
Yan Kostenko,2003-07-04
Edison Azcona,2003-11-21
Cheveyo Tsawa,2006-12-09
Mikkel Konradsen Ceide,2001-09-03
Warren Kamanzi,2000-11-11
Nicolas Milanovic,2001-11-14
Gabriel Eskinja,2003-08-29
Edson Carioca,1997-06-04
Jack Jasinski,2003-12-04
Quinn Sullivan,2004-03-27
Lucas Mauragis,2001-09-04
Mayckel Lahdo,2002-12-30
Tymur Korablin,2002-01-02
Romeo Aigbekaen,2004-06-22
Ethan Amundsen-Day,2005-05-09
Tio Cipot,2003-04-20
Djeidi Gassama,2003-09-10
Emin Kujovic,2004-09-29
Paxten Aaronson,2003-08-26
Elias Bakatukanda,2004-04-13
Ousmane Diallo,2003-03-12
Charles Sagoe Jr,2004-07-24
Jesús Alcántar,2003-07-30
Alán Montes,2000-10-26
Nelson Weiper,2005-03-17
Emmanuel Gyamfi,2004-07-23
Jobe Bellingham,2005-09-23
Alfie Dorrington,2005-04-20
Jamie Donley,2005-01-03
Zach Mitchell,2005-01-09
Justin Che,2003-11-18
Pascal Kuiper,2004-03-17
Isaiah LeFlore,2002-12-11
Stênio,2003-04-05
Yassine Benhattab,2002-11-18
Taiki Amagasa,2000-05-11
Tenzin Norbu,2001-05-08
Haitham Asiri,2001-03-25
Lamine Sy,2002-08-10
Vicky Kiankaulua,2001-08-03
Baptiste Roux,1999-11-26
Sandro Trémoulet,1999-11-18
Noé Sow,1998-12-18
Lucas Monzón,2001-09-29
Octavian Popescu,2002-12-27
Owen Wolff,2004-12-30
Veljko Ilić,2003-07-21
Stefan Lekovic,2004-01-09
Timur Abdrashitov,2002-04-19
Matteo de Brienne,2002-05-22
Esteban Lozano,2003-03-10
Abdallah Dagou,2000-09-21
Nail Omerovic,2002-10-20
Filip Samurovic,2002-09-23
Ibrahim Mustapha,2000-06-18
Ruben Alte,2000-02-28
Rodrigo Delvalle,2001-05-17
Tom Rothe,2004-10-29
Gavin Beavers,2005-04-29
Ruan Oliveira,2000-03-23
Calebe,2000-04-30
Răzvan Tănasă,2003-04-28
Savo Susic,2005-01-27
Alidu Seidu,2000-06-04
Ángel Zapata,2001-02-03
Jesper Grundt,2002-10-20
Fodé Doucouré,2001-02-03
Gvidas Gineitis,2004-04-15
Issouf Macalou,1998-12-27
Vadim Ulyanov,2001-10-07
Colby Quiñónes,2003-04-14
Gonzalo Pérez,2001-01-04
Warren Madrigal,2004-07-24
Mauricio Isaís,2001-04-09
Tomasz Neugebauer,2003-05-08
Theo Sander,2005-01-08
Asker Beck,2003-07-07
Alexander Busch,2003-07-25
Marcus Baggesen,2003-07-17
Ayoube Amaimouni-Echghouyab,2004-11-30
Vlad Raileanu,2003-01-09
Marios Sinanaj,2004-01-16
Viktor Rumyantsev,2004-07-10
Luiz Henrique,2001-01-02
André,2001-07-16
Viktor Ekblom,1998-07-15
Mohamed Cissé,2001-04-26
Mohamed Moufid,2000-01-12
Hatim Es-Saoubi,2000-12-13
Samuel Belanik,2003-08-26
Karol Knap,2001-09-12
Kodai Nagata,2002-09-08
Leonard Costa,1998-08-24
Diego Hernández,2000-06-22
Jan-Carlo Simić,2005-05-02
Adamo Nagalo,2002-09-22
Ro-Zangelo Daal,2004-02-10
Lewis Schouten,2004-02-04
Emmanuel Danso,2000-11-10
Zuko Mdunyelwa,1999-06-06
Killian Phillips,2002-03-30
Tommy Conway,2002-08-06
Marlee Francois,2002-12-29
Diogo Ferreira,2007-02-10
Arif Boşluk,2003-06-06
Mathys Tel,2005-04-27
Yanis Cimignani,2002-01-22
Alejandro Andrade,2001-08-16
Isak Jensen,2003-12-23
Janus Seehusen,2003-01-07
Tammer Bany,2003-10-19
Harry Victor,2004-01-29
Isaac Boehmer,2001-11-20
Guillaume Lopez,1999-01-30
Brooklyn Kabongolo,2002-10-16
Yung-Cheng Yuan,2002-11-12
Julius Beck,2005-04-27
Noah Nartey,2005-10-05
Noah Sahsah,2005-07-08
Lasse Flø,2005-10-15
Mads Eriksen,2003-10-30
Charly Nouck,2004-03-21
Maurício Garcez,1997-03-16
Dominik Hollý,2003-11-11
Raúl Rangel,2000-02-25
Diego Campillo,2001-10-19
Yassin Marei,2001-11-07
Joaquín Valiente,2001-04-13
Hassan Al-Ali,2001-07-01
Furkan Dursun,2005-03-14
Amin-Elias Gröller,2005-01-25
Ermin Mahmic,2005-03-14
Nikolaus Wurmbrand,2006-01-05
Arif Aiman,2002-05-04
Ryan Andrews,2004-08-26
Abraham Bass,2001-08-09
Carlos Sánchez,2002-04-13
Luca Pazourek,2005-02-04
David Ewemade,2005-06-17
Luka Izderic,2006-03-13
Sanel Saljic,2005-11-27
Kevin Lebersorger,2005-06-09
Valentin Sulzbacher,2005-03-11
Tim Trummer,2005-11-10
Bogdan Racovițan,2000-06-06
Léo Scienza,1998-09-13
Igor Neves,1999-03-13
Alek Álvarez,2003-04-02
João Rangel,2001-07-17
Walter Portales,2004-03-27
Jayden Adams,2001-05-05
Jakub Uhrincat,2001-02-07
Simon Elisor,1999-07-22
Elies Mahmoud,2001-02-10
Brandon Dominguès,2000-06-06
Ousmane Camara,2003-03-06
Max de Ligt,2004-07-20
Brian Ramírez,2000-08-29
Ange N'Guessan,2003-09-01
Yannick Pandor,2001-05-01
Martin Expérience,1999-03-09
Sebastiaan Hagedoorn,2004-11-30
Jacques Siwe,2001-07-29
Eskil Edh,2002-08-04
Daniel Ihendu,2005-09-29
Lukas Bergquist,2000-06-28
William Clem,2004-06-20
Oliver Ross,2004-10-10
Iyad Mohamed,2001-03-05
Konstantin Schopp,2005-12-30
Paul Bratschko,2005-10-14
Giovanni van Zwam,2004-01-02
Sebastian Clemmensen,2003-09-01
Tobias Gruber,2005-01-10
Azam Azmi,2001-02-12
Maas Willemsen,2003-04-29
Roggerio Nyakossi,2004-01-13
Fabian Rossdorfer,2005-11-09
Arjan Malic,2005-08-28
Philip Weissenbacher,2005-06-01
Renato Veiga,2003-07-29
Maxime Dubosson,2004-11-24
Sławomir Abramowicz,2004-06-09
Rémy Vita,2001-04-01
Gaby Jean,2000-02-19
Max Dean,2004-02-21
Bradley Locko,2002-05-06
Adriano Onyegbule,2006-06-23
Yassin Sbai,2003-07-14
Matthis Riou,2001-01-19
Aboubacar Camara,2001-01-05
Irakli Yegoian,2004-03-19
Nick Fichtinger,2004-04-06
Stav Turiel,2001-01-14
Remi van Ekeris,2002-09-23
Filip Milojevic,2005-02-09
Hilmir Rafn Mikaelsson,2004-02-02
Kayden Pierre,2003-02-16
Clément Akpa,2001-11-24
Frank Feller,2004-01-07
Glebs Zaleiko,2004-06-27
Dario Sits,2004-02-04
Bruno Melnis,2004-01-21
Mikkel Ladefoged,2003-06-09
Bastian Holm,2004-02-13
Alioune Ndoye,2001-10-05
Bamo Meïté,2001-12-03
Samuli Miettinen,2004-06-16
Max Nielsen,2004-10-25
Conrad Harder,2005-04-07
Emmanuel Fernandez,2001-11-20
Nevio Biner,2006-08-17
Abdoulaye Sylla,2000-04-10
Yassin Belkhdim,2002-02-14
Frank Magri,1999-09-04
Artem Machelyuk,1999-10-14
Maciej Kikolski,2004-02-23
Jocelin Behiratche,2000-05-08
Tim Meyer,2004-07-08
Novak Tepsic,2002-03-16
Nolan Gillot,2002-10-31
Andres Sfait,2004-12-09
Mamadou Sangaré,2002-06-26
Adriel,2001-01-14
Jack Milne,2003-02-10
Ardit Tahiri,2002-10-06
MT,2001-03-01
Denilson,2001-03-23
Daouda Weidmann,2003-05-04
Matthias Wetschka,2005-02-08
Camil Mmaee,2004-02-21
Klidman Lilo,2003-01-31
Leandro Frroku,2003-09-03
Denys Ndukve,2000-02-28
Luka Dajcer,2001-06-06
Robert Sălceanu,2004-01-13
Yann Massombo,2000-02-12
Luca Kerber,2002-03-10
Léo Antônio,1997-06-09
Jona Niemiec,2001-09-19
Lucas Freitas,2001-01-20
Hamza Ljukovac,2005-03-04
Mukhran Bagrationi,2004-02-13
Norman Campbell,1999-11-24
Luka Latsabidze,2004-03-18
Warren Zaïre-Emery,2006-03-08
Ismaël Gharbi,2004-04-10
Taylan Bulut,2006-01-19
Mateo Biondic,2003-07-24
Pablo Pagis,2002-12-29
Turpal-Ali Ibishev,2002-02-18
Max Finkgräfe,2004-03-27
Juan Pablo Gómez,2001-04-26
Yao-Hsing Yu,2002-02-12
Eliesse Ben Seghir,2005-02-16
Lucas Michal,2005-06-22
Jarell Njiké Simo,2004-01-12
Danil Ryazanov,2003-08-11
Andreas Hermansen,2004-04-03
Newton,2000-03-12
José Castillo,2001-12-02
Alexandre Parsemain,2003-05-27
Aleksandr Kovalenko,2003-08-08
Álvaro Carreras,2003-03-23
Alejandro Garnacho,2004-07-01
İzzet Çelik,2004-06-20
David Latal,2003-01-21
Kirill Samoylenko,2001-05-29
Baybol Ermekov,2005-09-08
Agustín Álvarez,2001-05-19
Andriy Bezhenar,1991-11-16
Denys Pidgurskyi,2003-05-27
Dimitrije Stevanovic,2004-08-27
Kayque,2000-07-12
Elias Manoel,2001-11-30
Joran Gerbet,2001-06-30
Rodney Kroeze,2004-02-27
Robin Bouw,2006-04-24
Gabriel Pirani,2002-04-12
Vinicius Balieiro,1999-05-28
Mateus,2002-05-02
Niccolò Pisilli,2004-09-23
Temple Ojinnaka,2005-03-30
Makan Aïko,2001-01-07
Volnei,2000-04-15
Mark Natta,2002-11-28
Isaac Babadi,2005-04-06
Magomed Yakuev,2004-06-07
Arlen Beksulov,2002-08-17
Shu Morooka,2000-12-09
Reon Yamahara,1999-06-08
Gustavo Mantuan,2001-06-20
Saúl Guarirapa,2002-10-18
Pablo Ortiz,2000-06-08
Luca Marianucci,2004-07-23
Lorenzo Dellavalle,2004-04-04
Taisei Abe,2004-06-07
Isa Sakamoto,2003-08-26
Brandon Cover,2003-09-25
Argyris Darelas,2003-10-16
Ademola Ola-Adebomi,2003-09-03
Mykola Myronyuk,2002-12-19
Owen Goodman,2003-11-27
Enzo Roldán,2000-12-08
Runar Norheim,2005-02-14
Mattheos Mountes,2003-11-17
Atakan Müjde,2003-10-25
Samet Karakoç,2002-10-22
Gentrit Salihu,2003-06-25
Ron Raci,2002-09-18
Jordy Makengo,2001-08-03
Giannis Apostolakis,2004-09-24
Ivan Mandić,2003-03-10
Osman Addo,2004-03-31
Nathan Gassama,2001-01-05
Matheus Dias,2002-05-09
Martinelli,2001-10-05
Lapo Nava,2004-01-22
Tiago Morais,2003-09-03
Fernando Henrique,2001-06-01
Yassine Saindou,2001-02-15
Vanderlan,2002-09-07
Pedro Lima,2003-03-27
Lucas Barbosa,2001-02-22
Panos Katseris,2001-07-05
Gilberto Batista,2003-12-29
Tiago Santos,2002-07-23
Can Uzun,2005-11-11
Tim Hottiger,2005-03-24
Dairon Valencia,1999-06-30
Martín Río,2001-03-14
Denis Halinsky,2003-07-13
Andrei Motoc,2002-12-13
Matei Moraru,2005-07-31
Ingmar Mulder,2005-01-23
Tygo Land,2006-01-11
Moisés Mosquera,2001-05-24
Dominik Masek,2002-08-01
Maksim Balakhonov,2005-01-15
Matvey Urvantsev,2004-11-29
Denis Bokov,2005-10-06
Yuriy Koledin,2004-12-10
Sergey Muradyan,2004-08-27
Daniel Pandula,2004-01-11
André Lopes,2001-11-02
Yun-gu Kang,2002-04-08
David Semenchuk,2004-10-22
Daniil Shantaliy,2004-05-25
Luke Harris,2005-03-04
Pablo,2004-01-02
Igor Dmitriev,2004-07-24
Mark Nosatiy,2005-03-14
Stanislav Poroykov,2004-04-24
Ilya Zhbanov,2004-07-25
Aleksandr Koksharov,2004-12-20
Atsamaz Revazov,2005-04-15
Adel Anzimati-Aboudou,2001-11-05
Imran Aznaurov,2004-08-23
Pavel Meleshin,2004-03-25
Sohgo Ichikawa,2004-07-30
Milan Zonneveld,2003-10-08
Alessandro Marcandalli,2002-10-25
Cristian Neira,2000-11-23
Tommaso Corazza,2004-06-29
Federico Magro,2005-01-10
Mass Sise,2003-09-23
Javier Dominguez,2000-05-26
Julien Duranville,2006-05-05
Luan Campos,2002-03-19
Adrian Lickūnas,2006-03-28
Nojus Audinis,2006-02-15
Arnas Voitinovičius,2006-08-30
Anton Ekeroth,2001-09-16
Nidal Celik,2006-07-17
José Salinas,2000-09-30
Noah Allen,2004-04-28
Dzenan Pejcinovic,2005-02-15
Jacob Andersen,2004-01-26
Alessandro Lopane,2004-04-09
Fernando Tapia,2001-06-17
Florian Danho,2000-06-21
Matej Simunek,2004-06-24
Check Keita,2003-04-02
Damion Downs,2004-07-06
Benchimol,2001-12-29
Arouna Kabba,2005-04-07
Andrian Kraev,1999-02-14
Kobbie Mainoo,2005-04-19
Zakaria El Ouahdi,2001-12-31
Filip Kocaba,2004-11-13
Coli Saco,2002-05-15
Jan Urbich,2004-06-23
Derry Scherhant,2002-11-10
Leon Borkovic,2003-08-11
Jaziel Orozco,2004-06-02
Grayson Dettoni,2005-06-29
Yu Funabashi,2002-07-12
Oskar Wójcik,2003-07-21
Radek Ovesny,2004-07-15
Nawaf Boushal,1999-09-16
Marwan Al-Haidari,1996-04-12
Saad Balobaid,2000-01-27
Alfie Pond,2004-02-17
Yunus Emre Çift,2003-09-01
Matías Rocha,2001-02-13
Lukas Pesl,2002-04-12
Mitja Ilenic,2004-12-26
Nino Milic,2004-05-01
Isak Vådebu,2003-08-10
Hyun-tae Jo,2004-10-27
Chang-hoon Kim,2004-10-23
Aarón Mejía,2001-06-06
Omar El Hilali,2003-09-12
Nikita Shershov,2004-06-26
Bamba Dieng,2000-03-23
El Mehdi Al Harrar,2000-11-30
Leon Grgic,2006-01-22
Mohamed Manai,2002-10-25
Tim Drexler,2005-03-06
Tom Bischof,2005-06-28
Iason Kyrkos,2003-03-21
Dango Ouattara,2002-02-11
Amjad Al-Harthi,1994-01-01
Alejandro Bran,2001-03-05
Michael Kayode,2004-07-10
Lars Mol,2004-09-15
Mihăiță Lemnaru,2000-07-14
Frederik Flex,2004-03-11
Wenneng Xie,2001-02-06
Almas Tyulyubay,2001-04-18
Hayato Tanaka,2003-11-01
Mihai Lixandru,2001-06-05
Leon Opitz,2005-04-11
Sékou Doucouré,2005-04-26
Bilal Laurendon,2006-02-15
Hubert Zwoźny,2003-11-17
Nemanja Djekovic,2003-05-09
Maksim Syshchenko,2004-06-24
Zé Vitor,2000-05-02
Gísli Thórdarson,2004-09-12
Jakub Jezierski,2004-07-09
Tomas Jedlicka,2003-07-05
Alexandr Sojka,2003-04-02
Răzvan Milea,2000-02-05
Arnau Martínez,2003-04-25
Gonzalo Calçada,2001-07-25
Antonio Carrera,2004-03-15
Luís Gomes,2004-04-24
Felipe Zenobio,2000-05-22
Federico Gomes Gerth,2004-03-05
Fally Mayulu,2002-07-15
Jesse Joy-Yin Yu,2001-10-08
Mayer Gil,2003-09-07
Max Merrick,2005-11-10
Gabriël Reiziger,2005-10-10
Ange-Yoan Bonny,2003-10-25
Mikulas Kubny,2004-09-12
Miguel Monsalve,2004-02-27
Luis Villegas,2001-07-07
Diego Percan,2001-11-13
André Leipold,2001-11-12
Masaya Shibayama,2002-07-02
Paul Tabinas,2002-07-05
Bartosz Zelazowski,2005-04-25
Ángel Estrada,2003-01-20
Pocholo Bugas,2001-12-03
Hiiro Komori,2000-08-06
Aki Koch,2004-03-18
Kimi Merk,2004-07-06
Max Weiß,2004-06-15
George Onaiwu,2000-11-11
Braian Aguirre,2000-07-28
Ousmane N'Dong,1999-09-20
Lucas Besozzi,2003-01-22
Ethan Brooks,2001-11-22
Joaquín García,2001-08-20
Facundo Cáseres,2001-05-28
Hiroshi Omori,2002-09-10
Hennes Behrens,2005-01-19
Lilian Raolisoa,2000-06-16
Kevin Zenón,2001-07-30
Federico Vera,1998-03-24
Imanol Machuca,2000-01-15
Lucas Esquivel,2001-10-14
Jonathan Franco,2003-07-26
Gábor Szalai,2000-06-09
Ivan Mamrosenko,2000-03-27
Julián Malatini,2001-05-31
Ramiro Sordo,2000-06-29
Steven Nsimba,1996-05-31
Lohann Doucet,2002-09-14
Jan Paus-Kunst,2001-08-17
Bautista Kociubinski,2001-04-26
Alisson Santos,2002-09-27
Vando Félix,2002-09-03
Nolan Norris,2005-02-17
Sergio Oregel,2005-05-16
Leonel Bucca,1999-03-20
Juan Carlos Portillo,2000-05-18
Ignacio Gariglio,1998-04-25
Stefano Moreyra,2001-09-19
Eric Meza,1999-04-08
Marvin Senaya,2001-01-28
Luca Martínez Dupuy,2001-06-05
Matías Lazo,2003-07-11
Lautaro Blanco,1999-02-19
Gino Infantino,2003-05-19
Matías González,2002-02-28
Edilson Carrasquilla,2002-06-06
Aleksandar Djermanovic,2002-10-03
Michell Mercado,1991-09-22
Seong-min Ryu,2004-01-03
Alvaro de Oliveira,2001-05-27
Pedro Ramírez,2000-04-04
Carlos Lucumí,2000-03-04
Miguel Gómez,2002-09-29
Romualdas Jansonas,2005-06-23
Robert Morales,1999-03-17
Cheuk-Pan Ngan,1998-01-22
Jordan Emaviwe,2001-04-09
Simon Polasek,2004-06-18
Tomas Kral,2004-10-26
Franco Romero,2000-04-23
Ignacio Russo,2000-12-13
Alonso Aceves,2001-03-28
René López,2002-01-04
Eduardo Mustre,2003-01-21
Toni Silic,2004-05-07
Novatus Miroshi,2002-09-02
Suleiman Hamid,1997-10-20
Daniel Hall,1999-06-14
Patrick Wood,2002-09-16
Facundo Mansilla,1999-02-27
Ahmed Qasem,2003-07-12
Rafa Romero,2003-08-07
Franco Catarozzi,2000-04-02
Enzo Larrosa,2001-04-21
Vongsadka Chanthaleuxay,2004-11-28
Mike Penders,2005-07-31
Tiago Cóser,2004-01-16
Victor Gabriel,2004-04-28
Niko Takahashi,2005-08-17
Álex Padilla,2003-09-01
Unai Egiluz,2002-03-19
Raúl Chasco,2003-09-13
Hugo Rincón,2003-01-27
Aimar Duñabeitia,2003-02-26
Alejandro Rego,2003-06-11
Mateo Joseph,2003-10-19
Antoniu Roca,2002-09-05
Unai Gómez,2003-05-25
Javi Guerra,2003-05-13
Felipe Augusto,2004-02-18
Aidan Carey,2001-07-10
Hasip Korkmazyürek,2003-05-01
Manuel Romero,2001-05-05
Ayumu Yokoyama,2003-03-04
Karim Watambala,2000-03-03
Matyas Vojta,2004-02-26
Fernando Román,1998-11-20
Manuel Panaro,2002-12-28
Siro Rosané,2000-06-07
Williams Barlasina,1998-06-29
Nuno Lima,2001-03-16
Borel Tomandzoto,2002-08-14
Gaspar,1997-09-27
Gonzalo Abrego,2000-01-07
Ignacio Miramón,2003-06-12
Emiliano Álvarez,2001-02-06
Riku Yamane,2003-08-17
Tarek Aggoun,1997-10-27
Abdi Sabriye,2002-03-05
Raymond Owusu,2002-04-20
Mario Tudose,2005-01-21
Rareș Pop,2005-06-14
Kamaradini Mamudu,2002-11-04
Yuriy Matviiv,2004-04-16
Joel Colwill,2004-10-27
Benjamin Asare,1992-07-13
Stefan Stojanovic,2001-07-27
Luiz Filipe,2001-05-28
Marco Huamán,2002-09-25
Armando González,2003-04-20
Godwin Agbevor,2003-12-19
Patricio Tanda,2002-04-05
Marin Ljubicic,2002-02-28
Anton Bol,2003-01-08
Renzo Giampaoli,2000-01-07
Morgan Bokele,2004-03-13
Timothy Muzie,2001-08-24
Daniil Veselov,2005-01-30
Imad Riahi,2000-07-28
Álex Alcalá,2005-10-20
Emilio Martínez,2003-02-02
Alexandre Pierre,2001-02-25
Marco Di Césare,2002-01-30
Sebastián Meza,2000-03-14
Leonel Pérez,2004-08-09
Seung-ho Park,2003-09-01
Seung-won Lee,2003-03-06
Stepan Beran,2004-03-10
Daniel Toula,2005-02-19
Matej Zitny,2005-01-06
Jan Tredl,2004-07-06
Ondrej Kricfalusi,2004-03-09
Eric Hunal,2005-01-21
Obilor Denzel Okeke,2002-07-23
Dino Grozdanic,2002-12-27
Lachlan Rose,1999-05-10
Thiago Nuss,2001-02-02
Matija Frigan,2003-02-11
Naohiro Sugiyama,1998-09-07
Franck Tchassem,1999-05-07
Ka-Kiu Lau,2002-02-10
Christ Afalna,1998-06-15
Luís Semedo,2003-08-11
Malcolm Viltard,2002-10-24
Dario Torrico,2000-10-18
Ali Tneich,1992-07-16
Bruno Cabrera,1997-04-28
Nicolás Goitea,1997-06-11
Sebastián Medina,2000-03-15
Alejo Dramisino,2000-04-19
Nikolas Koutsakos,2003-11-14
Hélio Varela,2002-05-03
Tomás Bottari,2001-04-26
Nicolás Ferreyra,1996-11-11
Mahmoud Bentayg,1999-10-30
David Virgili,1998-09-30
John Patrick,2003-09-24
Diego Chávez,1997-09-24
Ayrton Portillo,2000-08-18
Luka Laban,2004-04-07
Djordje Kotlajic,2004-01-13
Pedro Rangel,2000-06-29
Imourane Hassane,2003-04-08
Rodrigo Herrera,2000-08-02
Dominik Stöger,2006-09-22
Lorenz Szladits,2006-11-10
Christopher Olivier,2006-01-31
Paul Piffer,2006-04-08
Kyung-ho Roh,2000-07-05
Felix Kunst,2006-08-21
Raphael Gschösser,2006-04-20
Christian Huetz,2006-07-03
Maxime Estève,2002-05-26
José Caldera,2002-02-04
Alex Moreno,2002-01-25
Nelson Palacio,2001-06-16
Abdelhak Assal,1998-06-08
Nathan-Dylan Saliba,2004-02-07
Kwaku Karikari,2002-03-25
Deniz Dilmen,2005-06-05
Kenneth Vargas,2002-04-17
Tamble,2000-11-15
Joaquín Gho,2003-05-14
Adán Clímaco,2001-01-05
Moudjatovic,2002-05-20
Houssem Mrezigue,2000-03-23
Agustín Colazo,2000-11-15
Ayrton Costa,1999-07-12
Konosuke Nishikawa,2002-09-11
Alex Luna,2004-03-31
Gastón Benedetti,2001-03-29
Felipe Loyola,2000-11-09
Mohamed Awad Alla,2002-07-16
Rubens,2001-06-21
Callum Talbot,2001-02-26
Max Alleyne,2005-07-21
Louie Copley,2006-10-20
Takaya Kimura,1998-07-08
Yuya Kuwasaki,1998-05-15
Md Alamin Islam,2004-03-29
Timipere Johnson Eboh,2002-06-19
Meng-Hsin Liang,2003-04-03
Gabriel Villamíl,2001-06-28
Gonzalo Maffini,1993-01-17
José Martines,2002-09-18
Ayoub Mouloua,2002-09-30
Dylan Escobar,2000-12-02
Ashley Cupido,2001-05-05
Borys Krushynskyi,2002-05-10
Leon Belcar,2002-01-04
Tshepang Moremi,2000-10-02
Luis Vázquez,2001-04-24
Seung-jun Hwang,2005-08-03
Si-hyeon Gong,2005-02-23
Keun-hyeong Lee,2006-05-22
Islam Al-Ghennai,2001-01-02
Aziz Kayondo,2002-10-06
Bobosi Byaruhanga,2001-12-03
Denis Kiggundu,2000-05-15
Marc Pubill,2003-06-20
Josué Ovalle,2000-05-20
Lautaro Amadé,1999-12-21
Ezequiel Cannavo,2002-06-12
Facundo Echevarría,2002-07-31
Flaco López,2000-12-06
Antony Alonso,1998-05-11
Moreno Zivkovic,2004-05-22
Dominik Biniek,2004-09-05
James McConnell,2004-09-13
Nemanja Vidojevic,2004-07-05
Aleksej Vukicevic,2005-06-11
Mihajlo Ilić,2003-06-04
Marko Milovanović,2003-08-04
Mostafa Saad,2001-08-22
Damián Cáceres,2003-05-31
Kenan Yıldız,2005-05-04
Lewis Orford,2006-02-18
Stefan Pirgic,2003-02-09
Mbouri Yamkam,1998-01-02
Petar Ratkov,2003-08-18
Oscar Højlund,2005-01-04
Ibrahim Zubairu,2004-06-02
Miguel Ramírez,2002-06-30
Salaheddine Errahouli,2002-10-12
Lukas Kacavenda,2003-03-02
Mateja Gasic,2003-02-16
Andreja Ristic,2004-01-08
Bouke Boersma,2005-06-23
Sava Pribakovic,2003-02-04
Simon Becher,1999-07-20
Agustín Sández,2001-01-16
Ronaldo Dejesús,2001-04-21
Dimitri Legbo,2001-08-30
Ange Ahoussou,2003-12-22
Seydou Traoré,2004-12-05
Karim Konaté,2004-03-21
Oumar Diakité,2003-12-20
Juan Carlos Gauto,2004-06-02
Luciano Cingolani,2001-04-06
Igor Strzałek,2004-01-19
Robin Kelder,2005-03-25
Adamu Mohammed Abubakar,1997-10-15
Pedro Bondo,2004-11-16
Nils Eggens,2005-04-08
Koshi Osaki,1998-06-30
Kevin Armesto,1997-06-02
Ignacio Sabatini,1999-06-21
Mamane Amadou Sabo,2004-09-14
Adam Nygaard,2005-09-23
Eiji Miyamoto,1998-08-03
Harrison Dudziak,2006-01-09
Finlay Herrick,2006-01-18
Ruairidh Adams,2004-07-10
Jackson Tchatchoua,2001-09-14
Yeferson Rodallega,2000-11-23
David Djuric,2006-03-19
Nemanja Trifunovic,2004-06-29
Janko Jevremovic,2004-07-14
Kosta Nedeljkovic,2005-12-16
Andrija Lazarevic,2004-04-03
Tommy Setford,2006-03-13
Sven Bouland,2006-02-22
Kouceila Boualia,2001-03-14
Junnosuke Suzuki,2003-07-12
Diego Callai,2004-07-18
Joaquín Pombo,2001-03-18
Lazar Konstantinov,2005-06-29
Nikola Krstic,2004-12-01
Furkan Gedik,2002-07-12
Valentín Barco,2004-07-23
Max Balard,2000-11-20
Tete Yengi,2000-11-28
Santiago Castro,2004-09-18
Tobías Rubio,2004-07-27
Agustín Giay,2004-01-16
Mohamed Nizam,1994-06-11
Milos Popovic,2004-04-05
Montader Madjed,2005-04-24
Ever Meza,2000-07-21
Mateo Seoane,2004-02-09
Jae-woo Kang,2000-05-30
Luciano Gondou,2001-06-22
Agustín Graneros,1996-04-28
Amine Sbaï,2000-11-05
Tobias Slotsager,2006-01-01
Uros Miladinovic,2004-06-16
Boris Matic,2004-08-19
Ognjen Mimović,2004-08-17
Bogdan Marinkovic,2004-04-12
Aleksa Ilic,2004-12-03
Sajad Jassim,1998-01-07
Sanad Elkouri,2000-09-19
Yousef Kara,2000-11-23
Omar Al Khouja,2000-03-01
Abdelaziz Ali,1997-02-04
Jefté,2003-12-21
Jusef Erabi,2003-06-08
Lautaro Giaccone,2001-02-01
Bénie Traoré,2002-11-30
Polat Yaldır,2003-05-17
Diego García,2000-04-18
Rodrigo Gallo,2000-11-04
Francisco Galván,1999-07-16
Bautista Barros Schelotto,2000-01-13
Stephen McMullan,2004-12-31
Ilias Sebaoui,2001-10-04
Nicolás Marichal,2001-03-17
Rocco Zikovic,2005-01-21
Hyun-jun Yang,2002-05-25
Sang-hyeok Park,2002-06-13
Seung-ho Kim,1998-10-01
Nelson Okeke,2002-03-25
Ignacio Maestro Puch,2003-08-13
Christian Leyva,2003-07-31
Abdullah Yousef,2002-04-10
Fernando Piñuelas,1998-03-27
Yusuke Ishida,2002-11-11
Marc Vilaplana,2003-01-20
Ivan Mensah,2004-04-22
Miguel Narváez,2002-04-29
Étienne Camara,2003-03-30
Monsef Bakrar,2001-01-13
Omar Campos,2002-07-20
Mitchell Robertson,2005-02-18
Haruki Arai,1998-04-12
Jahaziel Marchand,2001-09-28
Ben Winterburn,2004-09-04
Marin Dulic,2004-03-25
Danijel Kolaric,2005-02-10
Nikola Zecevic,2004-06-16
Nikola Bukumira,2005-09-07
Nikola Milicic,2004-07-04
Mounder Temine,2001-09-15
Reda Benchaa,2002-03-12
Farès Chaïbi,2002-11-28
Zaïd Amir,2002-05-11
Skelly Alvero,2002-05-04
Preston Judd,1999-05-28
Sacha Ziani,2003-08-07
Alex Scott,2003-08-21
Aaron Bott,2004-09-06
Arthur Atta,2003-01-14
Strahinja Ristic,2004-03-17
Mateja Gajic,2005-12-18
Joyce Ríos,1998-05-14
Mody Boune,2002-03-08
Thanh Binh Nguyen,2000-11-02
Jordan Bos,2002-10-29
Van Do Le,2001-08-07
Roman Angot,2001-03-02
Mateo Ponte,2003-05-24
Assane Seck,2004-01-13
Jeyland Mitchell,2004-09-29
John Kennedy,2002-05-18
Mohammad Ghorbani,2001-05-21
Luciano Rodríguez,2003-07-16
Tomás Ángel,2003-02-20
Jonathan Asp Jensen,2006-01-14
Charles Nduka,1998-08-08
Daniel Pereira,2000-07-14
Suhail Ahmad Bhat,2005-04-08
Lalremtluanga F,2004-09-17
Mateo Pellegrino,2001-10-22
Songwut Kraikruan,2001-06-11
Tobías Medina,2004-03-03
Tomás Porra,2004-01-09
Khonesavanh Keonuchanh,2004-06-04
Ender Echenique,2004-04-02
Nafian Alionzi,1996-03-01
Joel Mutakubwa,1995-07-17
Jonny Yull,2005-03-05
Jorge Bermúdez,2001-02-05
Kang-jun Heo,2002-07-01
Muatasim Al-Wahaibi,1998-05-26
Ahmed Al-Riyami,1998-09-09
Sultan Adil,2004-05-04
Zayed Sultan,2001-04-11
Zaw Win Thein,2003-03-01
Edgar Guerra,2001-03-09
Guillermo Villalobos,2001-06-07
Ted Curd,2006-02-14
Yáser Asprilla,2003-11-19
Daniel Luna,2003-05-07
Vladyslav Krystin,2001-09-05
Alan Vega,2000-03-18
Kevin Castaño,2000-09-29
Dánnovi Quiñónes,2001-01-05
Fin Roa Conchie,2003-08-10
Welton,1997-08-06
Diogo Spencer,2004-04-17
Emircan Gürlük,2003-10-15
Nikola Obucina,2004-09-09
Uros Cejic,2004-03-26
Bogdan Matijasevic,2004-05-27
Elvis Claros,2000-08-31
Emerson Negueba,2000-11-24
Si-young Jang,2002-03-31
Jae-won Lee,2002-05-05
José Eulogio,2004-02-11
Peter Amoran,2004-05-22
Telasco Segovia,2003-04-02
Byung-kwan Jeon,2002-11-10
Fernand Goure,2002-04-12
Leontije Vasic,2004-01-31
Georgios Charalampoglou,2004-11-05
Arnau Farnós,2003-01-18
Amir Syafiz,2004-06-21
Gonzalo Sosa,2005-03-05
Bryan Casas,2004-10-21
Kees Smit,2006-01-20
Amine Zouhzouh,2000-08-11
Garven Metusala,1999-12-31
Musah Mohammed,2002-01-05
Jhonier Blanco,2000-10-18
Plamen Andreev,2004-12-15
Metinho,2003-04-23
Oucasse Mendy,2001-06-01
Mekhrubon Karimov,2004-01-19
Safarmad Gafforov,2004-04-14
Cédric Nuozzi,2006-01-30
Burhan Ersoy,2003-06-13
Ashley Phillips,2005-06-26
Mehdi Boukamir,2004-01-26
Ayman El Wafi,2004-05-11
Ismaël Guerti,2004-07-30
Kaden Rodney,2004-10-07
Papa Daniel,2002-01-01
Mykola Gayduchyk,1999-12-30
Agustín Anello,2002-04-22
Joaquim,1998-12-28
Nicolás Valentini,2001-04-06
Azarías Londoño,2001-06-21
Dimitrios Keramitsis,2004-07-01
Ebenezer Annan,2002-08-21
Arda Güler,2005-02-25
Noah Åstrand John,2003-12-13
Tommy Pilling,2004-09-14
Pierce Charles,2005-07-21
Damián Bobadilla,2001-07-11
Toki Hirosawa,2002-10-21
Alan Matturro,2004-10-11
Jun-seok Song,2001-02-06
Danny Imray,2003-07-27
Julien Lomboto,2002-05-13
Nasser Djiga,2002-11-15
Dylan Nandín,2002-02-28
Yan Maranhão,2002-09-13
Mateus Carvalho,2002-03-18
Nesta Elphege,2001-01-09
Marvin Elimbi,2003-02-20
Samuel Salter,2000-09-08
Junior Ligue,2005-03-21
Samuel Krasniqi,2005-01-03
Silas Huber,2005-07-10
Patryk Kukulski,2004-07-03
Hee-dong Roh,2002-06-03
Youssef Snana,2004-03-24
Hervé Touré,2000-05-20
Kenneth Semakula,2002-11-04
Ramiro Enrique,2001-05-04
Ignacio Galván,2002-09-06
Nicolás Romero,2003-11-28
Fares Nechat,2001-05-25
Mohamed Azzi,2002-05-11
Akram Bouras,2002-02-23
Maxi Oyedele,2004-11-07
Magloire Ntambwe,1998-05-05
Khalid Baba,2000-01-13
Antonio Bordușanu,2004-08-10
Omar El Sawy,2004-03-16
Austin Ayoubi,2001-07-27
Filip Lissah,2004-12-08
Nathan Fraser,2005-02-22
Emmanuel Essiam,2003-12-19
Julius Holder,2005-03-24
Bruno Ogbus,2005-12-17
Lamarana Jallow,2002-03-21
Samuel Kotto,2003-09-03
Fidel Brice Ambina,2001-11-17
Kevin-Prince Milla,2003-12-25
Yvan Dibango,2002-03-10
Natan Dziegielewski,2004-10-19
Başar Önal,2004-07-06
James Ampofo,2003-10-20
Abdul Fatawu,2004-03-08
Rafik Belghali,2002-06-07
Egor Besaev,2006-01-03
Alexandre Stanic,2004-12-28
Lorenzo Bittarelli,2005-02-21
Alyer López,1999-05-16
Mohamed Rabia,1996-05-05
Ronald Ssekiganda,1995-09-13
Aleksandr Metsiev,2006-04-06
Egor Skichko,2006-03-03
Dmitriy Aleksandrov,2006-07-31
Henry Atola Meja,2001-12-21
Semir Alic,2004-03-27
Stefan Bajcetic,2004-10-22
Anyelo Velásquez,2004-12-22
Lenny Lobato,2001-02-03
Abbas Al-Hassan,2004-02-22
Leandro Mamut,2003-12-31
Jochem Ritmeester van de Kamp,2003-11-02
Yacouba Silue,2002-01-01
Kirill Glebov,2005-11-10
Facundo Miño,1999-10-16
Steven Cáceres,1994-09-14
Alan Barrionuevo,1997-01-02
César Samudio,1994-02-23
Orman Davis,2002-12-25
Geovane,1999-03-02
Young-whan Kim,2002-03-23
Archie Goodwin,2004-11-07
Jee-won Kim,2004-02-12
Seung-beom Son,2004-05-04
Kenji Cabrera,2003-01-27
Do-yoon Hwang,2003-04-09
Ezechiel Banzuzi,2005-02-16
Nariman Akhundzada,2004-04-23
Rza Cafarov,2003-07-03
David Ozoh,2005-05-06
Viktor Melekhin,2003-12-16
Santiago Solari,1998-01-19
Juan Bisanz,2001-08-28
Danilo Al-Saed,1999-02-24
Joshua Wynder,2005-05-02
Juan Ignacio Saborido,1998-04-25
Emmanuel Gómez,2000-05-17
Cosimo Fiorini,2006-05-27
Simon Sjöholm,2006-04-10
Lucas Bergvall,2006-02-02
Seydou Fini,2006-06-02
Valerio Farcomeni,2006-01-18
Souleymane N'Diaye,2005-11-01
Younes Taha,2002-11-27
Samuele Zannoni,2002-04-29
Marcos De León,1998-01-20
Everardo Rose,1999-07-23
Joao Urbáez,2002-07-24
Cole Campbell,2006-02-20
Niko Kovač,2005-04-08
Henry Cartwright,2004-12-11
Tyler Dibling,2006-02-17
Tom Negrel,2003-04-13
Abakar Gadzhiev,2003-12-31
Alessandro Circati,2003-10-10
Rikuto Hashimoto,2005-04-02
Hannington Sebwalunyo,1989-05-28
Chrispas Kusiima,1993-04-10
Nacho Ferri,2004-10-05
Oberdan,1995-07-30
Julián Angulo,2002-05-14
Ryusei Haruna,2004-05-01
Geovane Jesus,2001-07-31
Samuel Marques,2005-02-04
Sasha Marcich,1998-05-29
Héctor Hurtado,1998-12-23
Noah Persson,2003-07-16
Jack Hinshelwood,2005-04-11
Rassa Rahmani,1999-12-14
Jaiden Kucharski,2002-06-25
Oscar Priestman,2003-03-25
Adrian Segečić,2004-06-01
Jake Girdwood-Reich,2004-05-26
Patrick Yazbek,2002-04-05
Aidan Simmons,2003-05-26
Micael,2000-08-12
Jefferson Díaz,2000-12-05
Moses Abbey,2002-08-18
Kalazán Suárez,2002-03-05
Sorriso,2001-02-23
Agustín Irazoque,1999-11-16
Agustín Bravo,2001-05-11
Taichi Fukui,2004-07-15
Philip Bergqvist,2006-08-10
Youssef Mehri,1999-09-07
Arayik Eloyan,2004-03-16
Adson,2000-10-06
Renan Viana,2003-01-31
Oliver Braude,2004-02-21
Kota Kudo,2003-08-13
Anthoni,2002-01-23
Vini Peixoto,2001-07-01
Yassine Khalifi,2005-08-09
Gustavo Marins,2002-02-11
Saud bin Zaydan,1999-11-16
Moteb Al-Harbi,2000-02-19
Mohammed Marran,2001-02-15
Vincent Temitope,2003-12-10
Adam Wikman,2003-12-15
Manuel García,1999-06-11
Dorian Hanza,2001-05-12
Szabolcs Dusinszki,2005-08-06
Luca Banu,2005-01-31
Denis Benga,2005-07-24
Mario Tache,2005-01-22
Facundo Sanguinetti,2001-03-01
Vladyslav Moroz,2001-10-04
Sherub Dorji,2002-04-17
Matías Recalde,1997-07-09
Lazar Radojicic,2003-09-18
Dusan Pavlovic,2004-05-19
Marko Lekic,2003-08-03
César Augusto,2003-08-23
Raoul Suhaimi,2005-09-18
Abdulkerim Worku,2000-05-24
Habtamu Tekeste,1998-09-11
Mateus Silva,1998-10-07
Maximilian Fillafer,2004-12-26
Bailey Cadamarteri,2005-05-09
Daníel Freyr Kristjánsson,2005-08-30
Michał Głogowski,2005-08-04
Dimitrije Jankovic,2006-02-27
Stefan Nikolic,2006-01-25
Djordje Glavinic,2004-02-12
Ștefan Ciupercă,2005-05-12
Mancha,2001-02-13
Piero Quispe,2001-08-14
Seiya Inoue,1999-11-09
Moussa Kyabou,1998-04-18
Lucas Beraldo,2003-11-24
Tadeo Allende,1999-02-20
Collins Sichenje,2003-09-19
Felix Afena-Gyan,2003-01-19
Danila Forov,2004-01-07
Leonardo Justiniano,2001-07-20
Seok-hyeon Choi,2003-01-13
Mariano Bettini,1996-01-19
Emrecan Terzi,2004-01-05
Young-jun Lee,2003-05-23
Gian Cabezas,2003-01-01
Eren Aydın,2003-02-12
Anthony Pantazopoulos,2003-04-22
Quentin Cheng,1999-11-20
Diego González,2003-01-07
Fahad Al Mesmari,2004-06-10
Louie Marsh,2004-07-02
Karoy Anderson,2004-10-01
Gustavo Martins,2002-08-11
Isaac Castillo,2003-01-25
Ryan Trevitt,2003-03-12
Piero Magallanes,2001-04-03
Travis Patterson,2005-10-06
Jan Dapo,2002-09-17
Ernestas Lysionok,2007-03-09
Lukas Klišys,2007-01-04
Tomasz Wójtowicz,2003-12-19
Yance Sayuri,1997-09-22
Willy Kumado,2002-10-16
Johnny Kenny,2003-06-06
Marselino Ferdinan,2004-09-09
Enes Sali,2006-02-23
Ji-ho Lee,2002-04-16
Konstantinos Goumas,2005-03-12
Álvaro Leiva,2004-12-28
Kristiyan Stoyanov,2003-03-29
Biel,2001-04-01
Arthur Chaves,2001-01-29
Semih Kılıçsoy,2005-08-15
Demir Ege Tıknaz,2004-08-17
Adrian Blake,2005-07-15
Laurits Pedersen,2006-01-25
Sanders Ngabo,2004-07-04
Sang-hyeok Cho,2004-01-23
Ho-jin Kim,2005-09-29
Seo-woong Hwang,2005-01-22
Seo-jin Kim,2005-01-07
Román Vega,2004-01-01
Kyung-sub Park,2004-07-02
Ma-ho Chung,2005-01-14
Matteo Prati,2003-12-28
Max,2001-05-12
Simone Pafundi,2006-03-14
Oun Phetvongsa,2003-09-29
Anoulak Vilaphonh,2001-02-15
Habib Diarra,2004-01-03
Alidzhoni Ayni,2004-08-06
Onur Başyiğit,2004-06-12
Bernard Kamungo,2002-01-01
Chan-wook Lee,2003-02-03
Vini Paulista,2001-03-22
Yuber Quiñones,2002-10-08
Martin Georgiev,2005-09-24
Rosen Bozhinov,2005-01-23
Amantur Shamurzaev,2000-01-25
Alberto Costa,2003-09-29
Gonçalo Nogueira,2003-12-28
Adrián Fernández,2001-05-20
Markus Haaland,2005-03-08
Alby Kelly-Heald,2005-03-18
Lukas Kelly-Heald,2005-03-18
Matthew Sheridan,2004-05-09
Aksel Baran Potur,2002-12-05
Bjørn Martin Kristensen,2002-05-04
Jules-Anthony Vilsaint,2003-01-06
Nurbol Baktybekov,2004-02-23
Brendan McMullen,2002-06-30
Issa Al-Naabi,2002-03-20
Mulham Al-Sinaidi,2002-03-15
Ali Jasim,2004-01-20
Reziq Bani Hani,2002-01-28
Mohannad Semreen,2002-01-08
Ryan Guilherme,2002-12-07
Hussein Al-Shahri,2002-12-26
Harrison Devenish-Meares,1996-10-27
Henry Gray,2005-03-29
Gabriel Grando,2000-03-29
Shin-jin Kim,2001-07-13
Amario Cozier-Duberry,2005-05-29
Villads Westh,2004-04-25
Ramiro Di Luciano,2004-01-21
Lautaro Ríos,2000-10-09
Liam Gillion,2002-10-17
Ismahila Ouédraogo,1999-11-05
Nicholas Benavides,2001-11-05
Aleksa Maras,2001-10-09
Michalis Voriazidis,2004-10-01
Jin-woo Bae,2002-01-23
Alisher Shukurov,2002-03-30
Romario Guthrie,1998-12-10
Renaldo Cephas,1999-12-18
Kaiki,2003-03-08
Zé Vítor,2001-02-09
Van Khang Khuat,2003-05-11
Van Viet Nguyen,2002-07-12
Melle Roede,2006-06-26
Fernando Martínez,2000-07-27
Adama Coulibaly,2005-01-10
Alix,1999-11-06
Mateus Fernandes,2004-07-10
Moïse Sahi Dion,2001-12-20
Ömer Gümüş,2003-07-07
João Vialle,2002-08-19
Alexander Lyng,2004-11-26
Andrei Gheorghiță,2002-07-16
Hassan Raif,1998-01-30
Gino Santilli,2001-10-26
Aarón Quirós,2001-10-31
Ignacio Rodríguez,2002-02-22
Alexandru Musi,2004-07-17
CJ Fodrey,2004-02-10
Darío Osorio,2004-01-24
Tze-Xuan Loke,2005-03-26
Adam Daghim,2005-09-28
Cristian Jiménez,2002-07-18
Noor Al-Rashidi,1995-03-12
Islam Hawsawi,2001-12-27
Sulaiman Hazazi,2003-02-01
Mauricio Cerritos,2003-10-17
Ahmed Hasan,2001-09-24
Demario Phillips,1998-11-10
Kimoni Bailey,1999-10-31
Ignacio Sosa,2003-08-31
Tafari Chambers,2000-09-01
Ronaldo Webster,2001-07-04
Gadail Irving,1998-11-14
Dwayne Atkinson,2002-05-05
Kyle Ming,1999-01-25
Shaniel Thomas,2001-09-12
Adam Yakubu,2005-02-01
Rio Kyerematen,2005-06-09
Abdallah Nasib,1994-02-25
Ilya Ukhan,2003-06-01
Abdallah Awad,2000-02-19
Deniz Ertaş,2005-03-20
Noel Buck,2005-04-05
Musa Drammeh,2001-11-26
Ramón Martínez,2002-10-22
Denys Teslyuk,2003-04-11
Reda Hajji,2000-08-26
Filippo Mane,2005-03-08
Enoch Owusu,2005-01-08
Matteo Duțu,2005-11-23
Alessandro Milani,2005-06-14
Mohannad Abu Taha,2003-02-02
Aaron Essel,2005-07-30
Bernardo Oliveira,2004-03-16
Andrés Micolta,1999-06-06
Lautaro Villegas,2003-12-30
Charlie Crew,2006-06-15
Callum Osmand,2005-11-08
Renan Peixoto,2000-02-21
Martín Luciano,2003-08-12
Mukhammadkodir Khamraliev,2001-07-06
Rafik Messali,2003-04-28
Malcolm Fry,2005-05-15
Felipe Andrade,2002-05-29
Bader Abaelaziz,2001-09-16
Leonardo Bovo,2005-05-07
AJ Marcucci,1999-07-31
Glenn Kweh,2000-03-26
Almugera Kabar,2006-06-06
Gökdeniz Gürpüz,2006-02-25
Charles Herrmann,2006-01-21
Alex Niziołek,2006-06-28
Jinyong Yu,2004-07-06
Daniil Khrypchuk,2003-12-09
Abdullah Al-Shanqiti,1998-12-22
Carlos Paraco,2003-10-27
Cristhoper Zambrano,2004-07-05
Riyad Idrissi,2005-06-13
Alessandro Vinciguerra,2005-08-18
Nicola Pintus,2005-05-25
Emmanuel Agyemang,2004-01-03
Hamza Igamane,2002-11-02
Santiago Moya,2003-06-13
Issiaka Kamate,2004-08-02
Depú,2000-01-08
Antonio Espigares,2004-09-05
Thomas Gillier,2004-05-28
Nawaf Al-Aqidi,2000-05-10
Isaiah Ahmed,2005-12-28
Salvador Rodríguez,2001-08-06
Salvador Mariscal,2003-04-22
Nikolaj Juul-Sandberg,2006-04-21
Wiktor Bogacz,2004-07-14
Juan Tello,2002-05-17
Matthew Corcoran,2006-02-17
Roald Mitchell,2003-01-13
Ismail Ka,2006-03-09
Mohammed Al-Kunaydiri,2000-10-11
Finlay Pollock,2004-06-27
Ivan Nesterenko,2003-07-23
Kadan Young,2006-01-19
Davide Bartesaghi,2005-12-29
Justin Reynolds,2004-08-04
Nathan Mendes,2002-08-19
Rokas Pukstas,2004-08-25
Michel,2003-05-20
Joseph Knowles,2004-11-02
Kevin Kelsy,2004-07-27
Nishan Velupillay,2001-05-07
Domagoj Jelavic,2001-09-27
William Svensson,2002-08-21
Giorgi Maisuradze,2002-01-31
Cristian Licsandru,2003-03-27
Maximiliano Puig,2000-09-18
Alejo Veliz,2003-09-19
Oliver Jones,2003-02-06
Eros Mancuso,1999-04-17
Corban Piper,2002-09-10
Raed Ozaybi,2001-09-22
Vladimir Nazarov,2002-06-08
Abdullah Radif,2003-01-20
Saad Al-Nasser,2001-01-08
Luca Gunter,2005-03-23
Facundo Lencioni,2001-02-14
Promise David,2001-07-03
Miller Thomson,2004-07-20
Yiğit Efe Demir,2004-08-02
AZ Jackson,2001-10-25
Bernardo Lourenço,2002-08-21
Ali Mevran Ablak,2003-07-27
Samukelo Xulu,2001-02-02
Lucas Chávez,2003-04-17
Cody Baker,2004-01-04
Obed Vargas,2005-08-05
Adam Kadlec,2003-07-06
Ilya Krupskyi,2004-10-02
Jordhy Thompson,2004-08-10
Max Andersson,2003-06-05
Mohammad Al-Salkhadi,2001-07-29
Arif Kocaman,2003-09-14
Robert Gjelaj,2002-09-23
Jefferson Valladares,2002-12-08
Momodou Lion Njie,2001-12-10
Gustav Bjerge,2006-04-11
Corey Hollman,2003-09-25
Styven Vásquez,2002-10-29
Dean Huijsen,2005-04-14
Harold Osorio,2003-08-20
Darije Markocevic,2006-09-05
Djé D'Avilla,2003-05-05
Sebastian Otoa,2004-05-13
Fayssal Harchaoui,2006-01-15
Óscar Rivas,2000-03-27
Tobias Guddal,2002-07-25
Jimi Gower,2004-10-01
Ethan Nwaneri,2007-03-21
Myles Lewis-Skelly,2006-09-26
Dimitrios Stamatakis,2003-04-23
Stanislav Petruța,2005-10-16
Cuiabano,2003-02-16
Filip Taraba,2006-06-29
Gustavo Caballero,2001-09-21
Tiago Cravero,2002-10-03
William Hofvander,2001-12-31
Kenan Toibibou,2004-12-09
Manuel Duarte,2001-08-23
Nick Verschuren,2005-01-13
Carlos Richards,2005-08-30
Jermaine Rijssel,2005-03-25
David Voûte,2005-11-04
Gerald Alders,2005-05-07
Dawda Camara,2002-11-04
João Marques,2002-02-13
Oğuzhan Yılmaz,2003-06-17
Antoine Mendy,2004-05-27
Griffin Dillon,2003-04-25
Anton Salabay,2002-06-12
Niklas Jensen Wassberg,2004-06-12
Marko Sapuga,2003-05-29
Denys Nagnoynyi,2002-02-03
Alejandro Rodríguez,2001-01-12
Kazper Karlsson,2005-03-21
Pablo Maia,2002-01-10
Andrusw Araujo,2003-06-05
Lindon Emërllahu,2002-12-07
Jan Hlapcic,2006-04-07
Luka Vuskovic,2007-02-24
Sergej Levak,2006-05-03
Luka Hodak,2006-06-10
Vigo Vujanic,2006-09-11
Duje Reic,2006-05-29
Didier Dawson,2005-10-10
Rafael Mosquera,2005-05-24
Bartol Kardum,2006-07-18
Hugo Sotelo,2003-12-19
Uba Charles,2002-10-10
Marios Sofianos,2003-11-24
Leandro Antonetti,2003-01-13
Hugo Álvarez,2003-07-02
Miguel Román,2002-12-26
Lovro Zvonarek,2005-05-08
Kosi Thompson,2003-01-27
Reshat Ramadani,2003-06-30
Simen Kvia-Egeskog,2003-05-26
Yaimar Medina,2004-11-05
Joel Ordóñez,2004-04-21
Marcos Zambrano,2005-01-20
Amir Richardson,2002-01-24
Halvor Rødølen Opsahl,2002-10-08
Tomás Galván,2000-04-11
Erik Flataker,2004-12-26
Nikolai Hopland,2004-07-24
Felipe Peña Biafore,2001-04-05
Bob Murphy Omoregbe,2003-11-05
Henrik Skogvold,2004-07-14
Vetle Walle Egeli,2004-06-23
Dachi Lordkipanidze,2005-03-08
Davide Baroncioni,2005-03-18
Young,2002-03-07
Stefan Bukinac,2005-07-08
Hannes Hermann,2005-03-23
Antonio Nusa,2005-04-17
Mahamadou Susoho,2005-01-20
Sinisa Popovic,2005-01-23
Stefan Petkoski Cimbaljevic,2005-01-30
Mohammad Abu Hasheesh,1995-05-09
Husam Abu Dahab,2000-05-13
Dawid Drachal,2005-01-31
Joel Roca,2005-06-07
Salvi Esquivel,2005-09-30
Dani Pérez,2005-07-26
Yarek Gasiorowski,2005-01-12
Mohamed Berte,2002-03-25
Aleks Bozhev,2005-07-19
Zoran Alilovic,2006-03-14
Simun Mikolcic,2004-01-21
Giannis Theodosoulakis,2004-09-11
Yudai Kimura,2001-02-28
Dusan Jovanovic,2006-02-15
Lander Pinillos,2003-10-06
Ognjen Ugresic,2006-07-15
Yu Tsukanome,2000-12-21
Haruka Motoyama,1999-06-05
Rin Mito,2002-02-12
Santiago Homenchenko,2003-08-30
Tibault Citherlet,2005-03-05
Diego Mina,2005-08-12
Noah Cobb,2005-07-20
Khayal Aliyev,2004-02-18
Dimitrios Kaloskamis,2005-03-01
Dimitrios Laskaris,2005-09-29
Joaquín Lavega,2005-02-03
Marco Palestra,2005-03-03
Guillermo Balzi,2001-07-23
Yannis Kari,2000-11-02
Kervin Andrade,2005-04-13
Atanas Trică,2004-07-09
Patrick Kelly,2004-10-02
Gonzalo Luján,2001-04-27
Mostafa Ziko,1997-04-27
Rotana Sor,2002-10-09
Pisoth Lim,2001-08-29
Nora Leng,2004-09-14
Joan Ruiz,2003-02-11
Alan Minda,2003-05-14
Everton O'Leary,2004-10-04
James Mitchell,2006-08-15
Ștefan Georgescu,2001-09-30
Farid Alfa-Ruprecht,2006-03-28
Maximilian Hennig,2006-10-12
David Odogu,2006-06-03
Assan Ouédraogo,2006-05-09
Tiemoko Ouattara,2005-05-25
Noah Darvich,2006-09-25
Eric da Silva Moreira,2006-05-03
Lazar Jovanovic,2006-11-30
Andrej Petrovic,2006-04-24
Luka Djordjevic,2006-05-21
Mihajlo Cvetkovic,2007-01-10
Uros Sremcevic,2006-04-24
Simone Lottici Tessadri,2006-06-30
Georgios Kyriopoulos,2004-08-24
Houssem Hassen Romdhane,2000-02-21
Omar Jebali,2000-02-19
Mohamed Hasmeer,1998-01-07
Artem Shumanskiy,2004-11-25
Fedor Lapoukhov,2003-06-20
Antonio Van Wyk,2002-03-30
Facundo Bernal,2003-08-21
Sebastián Boselli,2003-12-04
Vasconcelos,2005-02-26
Chissumba,2005-05-29
Mamadou Mbacke,2002-11-21
Jakob Vester,2004-12-01
Alexandros Exarchos,2005-06-02
Konstantinos Kostoulas,2005-02-08
Christos Alexiou,2005-06-30
Manolis Faitakis,2005-07-29
Kenta Nemoto,2002-12-13
Je-hoon Cha,2006-05-03
Marcus Linday,2003-06-02
Mondy Prunier,1999-12-22
Takuro Iwai,2002-11-27
Eli Adams,2002-03-12
Jing Reec,2003-06-12
Max Caputo,2005-08-17
Raul Bălbărău,2001-04-07
Philip Brittijn,2004-04-09
Kevin,2003-01-04
Gustav Lindgren,2001-08-16
Aleksandre Narimanidze,2005-07-03
Jonathan Dellarossa,2000-01-18
Giorgi Tabatadze,2005-10-29
Gabriel Sigua,2005-06-30
Kahiser Lenis,2001-07-23
Alex Murphy,2004-06-25
Mihai Lupan,2004-09-08
Gonzalo Flores,2002-02-22
Paul Wanner,2005-12-23
Junior Olaitan,2002-05-09
Neil El Aynaoui,2001-07-02
Nawaf Al-Harthi,1998-10-12
Bassam Al-Hurayji,2000-03-29
Ziyad Al-Johani,2001-11-11
Faisal Al-Ghamdi,2001-08-13
Sanousi Al-Hawsawi,1998-10-08
Ryan Al-Bloushi,2001-02-27
Hussain Qasim,1997-09-21
Bader Munshi,1999-06-20
Mohammed Al-Mahasneh,1997-04-28
Ahmed Bahusayn,2001-02-09
Hussain Al-Qahtani,1994-12-20
Saleh Abu Al-Shamat,2002-08-11
Nawaf Al-Saadi,2000-10-21
Mohanad Al-Qaydhi,1998-05-26
Othman Al-Othman,2003-04-15
Luca Scandurra,2005-12-14
Hassan Al-Asmari,2002-10-06
Awad Al-Nashri,2002-03-15
Mohammed Al-Khaibari,2002-04-18
Musab Al-Juwayr,2003-06-20
Ziyad Al-Jari,2001-11-15
Hussein Ezzeddine,2002-10-17
Basil Al-Sayyali,2001-06-22
Khalil Al-Absi,2001-05-28
Ahmed Al-Nakhli,2002-03-15
Abdulbasit Hawsawi,2000-12-12
Arif Al-Haydar,1997-06-20
Jehad Thakri,2001-07-21
Emad Al-Feda,1997-06-19
Mohammed Mazyad Al-Shammari,1991-12-10
Ionuț Cojocaru,2003-07-28
Håkon Krogelien,2004-04-05
Henrik Melland,2005-03-29
Meshary Sanyor,2001-12-05
Michalis Panagidis,2004-02-11
Denis Crișan,2007-01-25
Denis Meléndez,1995-06-22
Jakob Napoleon Romsaas,2004-05-16
Maximiliano Zelaya,1997-03-04
Aleksander Andresen,2005-04-06
Werik Popó,2001-10-17
Marco Romano,2006-03-01
Tomás Moreira,2005-06-26
Jayson Videira,2005-02-17
Achraf Laâziri,2003-07-08
Rica Rocha,2003-09-07
Henrique Tavares,2002-07-29
Mats Seiler,2005-08-04
Ho-min Park,2001-10-09
Sung-gwon Cho,2001-02-24
Tomoki Kondo,2001-03-21
Maldini Kacurri,2005-10-04
Adi Kurti,2006-01-17
Martin Delavallée,2004-03-18
Marius Broholm,2004-12-26
Rio Nitta,2003-04-10
Tristan Degreef,2005-01-19
Aleksander Hammer Kjelsen,2006-01-03
Nilson Angulo,2003-06-19
Ethan Mbappé,2006-12-29
Senny Mayulu,2006-05-17
Albion Rrahmani,2000-08-31
Haruki Yoshida,2003-04-29
Alexandar Popovic,2002-09-07
Eythor Bjørgolfsson,2000-08-25
Louis Mouton,2002-06-03
Aiman Dardari,2005-03-21
Mark Verkuijl,2006-02-10
Juan Vásquez,1999-06-02
Jorrel Hato,2006-03-07
Ewan Wilson,2004-11-19
Ibrahim Maza,2005-11-24
Chilohem Onuoha,2005-05-07
Jon de Luis,2003-08-05
William Sonne-Schmidt,2007-04-12
Lun Boncina,2002-12-02
Jonas Wolf,2006-07-21
Christoph Wiener-Pucher,2006-10-08
Andreas Tetteh,2001-05-25
Pavlos Pantelidis,2002-09-16
Leander Øy,2003-10-24
Alexander Priesborg,2005-05-14
Lucas Monteiro,2005-08-04
Henrique Arreiol,2005-06-21
Håkon Røsten,2005-02-21
Héctor Bobadilla,2001-06-08
Nikola Sarcevic,2006-12-27
Arquímides Ordóñez,2003-08-05
Stefan Vidakovic,2005-03-06
Karim Mekkaoui,2001-04-19
Bilal Boukerchaoui,2003-02-15
Pablo Durán,2001-05-25
Ricard Artero,2003-02-05
Hanif Aiman Adanan,2000-03-04
Stijn Petiet,2003-08-26
Saba Goglichidze,2004-06-25
Diogo Dias,2003-06-17
Hugo Cuenca,2005-01-08
Roger Fernandes,2005-11-21
Brayam Palacios,1998-08-02
Isaac Camargo,1999-12-14
Kyrell Wilson,2004-12-01
Dominik Kudelcik,2004-11-16
Diego Mendoza,2001-01-10
Sebastian Lagerlund,2002-09-14
Leandro Angulo,2001-09-06
Vicente Taborda,2001-06-14
Du Queiroz,2000-01-07
Kevin Palacios,2000-01-31
Ronaldo Pájaro,2002-02-18
David Celic,2003-03-08
Gabriel Díaz,2000-04-19
Gabri Martínez,2003-01-22
Manuel Mónaco,2002-05-11
Daniel Gleiber,2005-02-01
Matías Morello,2001-02-12
Eldiyar Zarypbekov,2001-09-14
Karl Steinmann,2005-12-13
Agustín Ojeda,2004-06-19
Riley Owen,2005-08-24
Emiliano Viveros,2002-09-30
Santiago Aguilar,1998-07-30
Diógenes,2001-01-06
Eliot Bujupi,2006-07-03
Nelson Deossa,2000-02-06
Jhojan Escobar,2000-01-15
Juan Pablo Arcila,2000-03-06
Matej Riznic,2004-06-04
Kerwin Vargas,2002-01-02
Agustín Morales,1999-02-14
Pablo Marín,2003-07-03
Gonzalo Ríos,1999-01-27
Mateo Cáceres,2002-09-25
Kristaps Grabovskis,2005-06-14
Esteban Fernández,2002-01-06
Alexis Manyoma,2003-01-30
Tarek Bousseder,2000-11-28
Gregorio Rodríguez,2000-01-17
Howell Mena,2001-04-19
Moisés Brandán,2000-08-26
Sota Koshimichi,2004-04-03
Nabil Aberdin,2002-08-23
Kishin Gokita,2004-07-12
Yuto Ozeki,2005-02-06
Yuto Matsunagane,2004-09-14
Si-woo Jin,2002-08-05
Cristian Shpendi,2003-05-19
Yomar Rocha,2003-06-21
Barış Kalaycı,2005-08-30
Richard King,2001-11-27
Jeovanni Laing,2000-12-21
Lamonth Rochester,2003-06-10
Steven Young,2001-07-22
Christopher Ainsworth,2005-08-31
Shaquan Davis,2000-11-11
Kyu-min Kim,2003-03-15
Gonzalo Errecalde,2000-03-30
Macaulay Tait,2005-08-27
Ezequiel Naya,2001-08-04
Franco Zapiola,2001-02-19
Jan Lucumi,2004-02-11
Sebastián Aranda,2003-10-07
Luke Kenny,2003-09-28
Heine Gikling Bruseth,2004-04-06
Ole Langbråten,2003-07-07
Marius Söderbäck,2004-02-06
Rodrigo Márquez,2002-02-15
Román Riquelme,2002-05-18
Federico Redondo,2003-01-18
Franco Torres,1999-05-25
Hyeon-ho Moon,2003-05-13
Jannik Robatsch,2004-12-28
Bastian Maierhofer,2006-12-18
Jared Gallagher,2002-01-18
Yota Horiuchi,2004-07-08
Jumpei Hayakawa,2005-12-05
Kosei Ogura,2005-04-09
Kota Yui,2005-06-10
Homare Tokuda,2007-02-18
Clinton Nsiala,2004-01-17
Thérence Koudou,2004-12-13
Juzo Ura,2004-05-21
Hyeon-yeob Kim,2001-08-22
Kosuke Matsumura,2004-05-02
Kotaro Uchino,2004-06-19
Luis Marquinez,2003-04-10
Nelson Quiñónes,2002-08-20
Fábio Baldé,2005-07-20
Omar Megeed,2005-08-19
Bruno Leyes,2001-10-30
Eber Moreno,2002-01-11
Zakhar Fedorov,2004-12-24
Jakub Mądrzyk,2003-12-04
Noah Leddel,2003-08-30
Ji-wan Jeon,2004-05-14
Nam-ung Jang,2004-02-09
Jae-hyeon Kim,2004-08-18
Hyeon-seo Han,2004-01-02
Alex Souza,2001-03-24
Mamadou Sarr,2005-08-29
Yaliston Martínez,2000-05-03
Jhildrey Lasso,2002-07-14
Ivan Kovacevic,2005-02-03
Loris Giandomenico,2005-09-28
Alessandro Romano,2006-06-17
Moses David Cobnan,2002-09-10
Sebastian Walker,2005-10-01
Yannick Bettkober,2005-03-18
Myung-soon Kim,2000-07-17
Mohamed Kaba,2001-10-27
Carlos Rodas,2001-08-22
Fernando Álvarez,2003-08-24
Ilyas Gaibov,2005-06-08
Egas Cacintura,1997-10-29
Tyler Fredricson,2005-02-23
Amin Boudri,2004-09-29
Lautaro Maldonado,2001-01-05
Sverre Nypan,2006-12-19
Magnus Holte,2006-03-27
Jhojan Nieva,2002-12-22
Jorge Hurtado,2003-09-06
Agustín Lastra,2001-01-02
Mohamed Koné,2002-03-07
Érik Bodencer,2000-03-08
Simón Rivero,2003-04-16
Bo Hegland,2004-06-18
Petter Nosa Dahl,2003-10-22
Jun-ho Bae,2003-08-21
Robert Bădescu,2005-04-02
Jackson Hopkins,2004-07-01
Laurențiu Vlăsceanu,2005-05-29
Alessandro Riep,2003-07-03
Lucas Cepeda,2002-10-31
Noah Adedeji-Sternberg,2005-06-19
Rasmus Eggen Vinge,2001-01-28
Niloshan Senthurvasan,2002-03-10
Nicolás Palavecino,2003-03-29
Min-seo Moon,2004-02-18
Hui-su Kang,2003-02-25
Hyeok-joo An,2004-09-03
Niv Eliasi,2002-02-21
Dong-hwa Kim,2003-05-07
Jakub Vinarčík,2005-07-11
Juan Cardozo,2004-02-24
Alan Núñez,2004-10-01
Julian Bock,2004-05-29
Michael Udebuluzor,2004-04-01
Maj Pavli,2002-05-06
Guillaume Restes,2005-03-11
Fredrik Sjøvold,2003-08-17
Kostyantyn Bychek,2000-04-21
Tae-ho Jin,2006-01-20
Tyrique Mercera,2003-12-19
Isak Hagen Aalberg,2005-05-11
Emran Soglo,2005-07-11
Redouane Halhal,2003-03-05
Téo Allix,2004-07-05
Panagiotis Kyriakou,2004-05-05
Ren Nishimura,2005-06-15
Min-kyu Cho,2003-04-30
Sang-woon Jeong,2003-04-03
Dan Neicu,2002-09-16
Shuhei Mizoguchi,2004-02-13
Tetsuyuki Inami,1999-04-05
Akito Suzuki,2003-07-30
Kei Murakami,2007-04-11
Yutaka Michiwaki,2006-04-05
Nehemiah Oriola,2007-06-11
Yoan Koré,2004-11-16
Désiré Doué,2005-06-03
Harumu Nabeshima,2004-02-21
David Ruíz,2004-02-08
Szabolcs Szilágyi,2003-09-23
Brudel Efonge,2000-05-08
Mokonzi Katumbwe,2000-07-23
Spyros Angelidis,2005-01-28
Charalampos Georgiadis,2005-03-26
Henrik Meister,2003-11-13
Niklas Ødegård,2004-03-29
Erbol Atabaev,2001-08-15
Juan Domínguez,1998-10-30
Nelson Ishiwatari,2005-05-10
Wigi Kanemoto,2004-07-30
Aolin Zhang,2005-04-25
Yuki Yoshihara,2004-07-19
Jesús Orozco Chiquete,2002-02-19
Sora Hiraga,2005-03-02
Kazunari Kita,2005-09-16
Niina Tominaga,2004-07-18
Kristjan Bendra,2006-01-30
Jannik Schuster,2006-05-16
Christian Zawieschitzky,2007-05-02
Luka Tunjic,2005-11-19
David Tufekcic,2004-01-22
Kenshin Yasuda,2005-03-05
Nicholas Pozo,2005-01-19
Oliver Lukic,2006-09-22
Petar Markovic,2006-02-05
Dominik Nisandzic,2006-07-08
Marijan Österreicher,2006-01-11
Elias Barsoum,2002-07-19
Jonathan Karlsson,2003-11-27
Zurab Rukhadze,2003-07-30
Alexandru Luca,2004-04-26
Jae-min Kim,2003-03-19
Joon-seob Im,2003-08-22
Erick Lemus,2001-02-05
Edoardo Motta,2005-01-13
Mohafidh Ahamada,2004-03-16
Rhys Bozinovski,2004-07-03
Keigo Suzuki,2003-07-13
Alexandre Pisano,2006-01-10
Ryoga Kida,2005-07-15
Haruto Suzuki,2005-05-17
Keisuke Goto,2005-06-03
Robin Denuit,2002-02-21
Endri Celaj,2004-01-23
Shavy Babicka,2000-06-01
Tanguy Zoukrou,2003-05-07
Vadym Pidlepych,1999-04-22
Kirill Isaev,2005-04-02
Dzhamalutdin Abdulkadyrov,2005-03-23
Artem Bandikyan,2005-09-20
Mikhail Ryadno,2005-09-18
Yordy Bedoya,2001-07-27
Nikita Bazilevskiy,2006-06-05
Rémy Labeau Lascary,2003-03-03
Yaroslav Protsenko,2002-01-19
Ulises Ciccioli,2003-07-02
Anis Hadj Moussa,2002-02-11
Anton Shamonin,2005-03-28
Kassim Hadji,2000-03-23
Aymeric Ahmed,2003-11-08
Yoann Cissé,2004-12-13
Kurban Rasulov,2006-01-05
German Ignatov,2005-08-11
Aleksey Koltakov,2005-11-14
Levi Smans,2003-03-25
Ivan Davidovic,1996-01-23
Paris Brunner,2006-02-15
Emirhan Demircan,2005-01-20
Matteo Schablas,2005-03-14
Luka Klanac,2005-06-16
Benjamin Faraas,2005-09-08
Stepan Grygorashchuk,2001-01-09
Vladislav Davydov,2005-05-26
Ruslan Bart,2005-11-16
Aleksandr Degtev,2005-04-27
Maksim Shichanin,2005-01-25
Paskal Meyer,2005-06-25
Lamine Camara,2004-01-01
Woobens Pacius,2001-05-11
Ibrahim Diakité,2003-10-31
André Luiz,2002-02-23
Sergey Mokrousov,2006-02-20
Renat Golybin,2005-08-30
Mateusz Kowalczyk,2004-04-16
Jeanuël Belocian,2005-02-17
Roy Revivo,2003-05-22
Egor Guziev,2005-05-14
Simone Cinquegrano,2004-06-25
Rasmus Holten,2005-02-20
Andrei Rus,2002-05-14
Jackson Izquierdo,2004-10-15
Krzysztof Koton,2003-05-17
Ludwig Malachowski Thorell,2005-02-25
Matteo Pérez Vinlöf,2005-12-18
Gottfrid Rapp,2005-08-18
Elis Bishesari,2005-05-19
Fredrik Nissen,2005-03-28
Taha Ayari,2005-05-10
Sivert Sira Hansen,2002-05-30
Tochukwu Nnadi,2003-06-30
Ali Maamar,2005-03-23
Vincent Burlet,2005-09-23
Ronaldo Nájera,2003-02-24
Abdullah Matuq,2003-04-02
Abdulelah Al-Shammari,1999-01-24
Abdulrahman Al-Dakheel,1996-05-26
Domagoj Bukvic,2004-02-22
Eus Waayers,2006-04-08
Tay Abed,2004-08-03
Adam Kölle,2006-04-28
Marko Capan,2004-02-24
Esapa Osong,2004-09-21
Dominik Prpić,2004-05-19
Fraser Taylor,2003-02-20
Mate Antunovic,2004-03-03
Filip Cuic,2003-02-22
Simun Hrgovic,2004-03-20
Ante Vukovic,2004-08-10
Ismaël Koné,2002-06-16
Charlie Tasker,2006-02-24
Óscar Ureña,2003-05-31
Jun-hwi Lim,2005-02-14
Hee-byeok Kwak,2005-03-15
Luka Mamic,2002-08-02
Adam Berry,2006-01-09
Douglas Mendes,2004-06-13
Luc De Fougerolles,2005-10-12
Mohamed Al-Thani,1997-01-22
Abdulaziz Al-Harabi,1997-05-28
Nevio Di Giusto,2005-03-18
Marko Mladenovic,2005-01-30
Mohammed Al-Aqel,2000-02-07
Wellity Lucky,2006-01-12
Lewis Koumas,2005-09-19
Ben Middlemas,2004-12-13
Yakine Said M'Madi,2004-03-11
Abdullah Al-Hawsawi,1996-02-01
Rayan Hamed,2002-04-13
Oliver Scarles,2005-12-12
Ryan Kessler,2005-08-28
Archie Gray,2006-03-12
Ishé Samuels-Smith,2006-06-05
Florent Hajdini,2006-09-02
Erik Kojzek,2006-01-02
Ben Parkinson,2005-03-10
Lewis Miley,2006-05-01
Sascha Meyer,2006-04-21
Charalampos Kallanxhi,2006-01-20
Axel Kayombo,2006-02-25
Bung Meng Freimann,2005-12-09
Mouhamed El Bachir Ngom,2000-05-12
Clemens Astrup,2006-01-12
Baran Moğultay,2004-05-18
Petr Mirvald,2002-10-16
Edgardo Fariña,2001-10-19
Daniel Guillén,2001-08-05
Pablo Bennevendo,2000-01-03
Felipe Lima,2006-04-17
Ognjen Abramusic,2003-10-18
Artem Onishchenko,2003-05-22
Facundo Altamira,2001-08-03
Anders Børset,2006-02-22
Sindre Walle Egeli,2006-06-21
Troy Nyhammer,2006-08-19
Sergiy Sten,2002-02-26
Gustav Nyheim,2006-02-13
Julian Gonstad,2006-06-29
Oliver Jordan Hagen,2006-06-09
William Osnes-Ringen,2006-11-13
Jens Hjertø-Dahl,2005-10-31
Jonas Torsvik,2005-05-24
Rüfat Abbasov,2005-01-01
Max Moerstedt,2006-01-15
Shahin Shahniyarov,2005-01-01
Joeri Heerkens,2006-05-08
Stefan Jovanoski,2006-02-17
Lukas Branecky,2006-04-12
Santiago Trigos,2002-01-22
Ranaldo Biggs,2002-07-11
Liam McFarlane,2004-09-26
Valentin Atangana,2005-08-25
Tobias Bach,2003-06-04
Dircssi Ngonzo,2005-07-31
Leny Yoro,2005-11-13
Nathan Zézé,2005-06-18
Steve Ngoura,2005-02-22
Nicolás Sumavil,1999-11-20
Noahkai Banks,2006-12-01
Nikolay Andriyanov,2005-08-01
Finn Jeltsch,2006-07-17
Tunde Akinsola,2003-03-10
Álvaro Cortés,2005-03-17
Won-woo Cho,2005-05-12
Axel Camblan,2003-08-30
Bailey Rice,2006-10-04
Lennon Miller,2006-08-25
Dylan Lobban,2005-08-26
Rory Wilson,2006-01-05
Justin Hanks,2004-09-01
Jack Thompson,2005-05-05
In-jung Jo,2005-11-08
Junior Zé,2006-03-22
Jung-woo Jang,2004-11-09
Demir Xhemalija,2006-06-07
Evann Senaya,2006-04-01
Kota Tawaratsumida,2004-05-14
Kanta Doi,2004-11-10
Masataka Kobayashi,2005-09-20
Denys Golub,2004-04-15
Roman Salenko,2005-05-18
Tiago Parente,2004-01-14
Ramiz Harakaté,2002-07-13
David Ilie,2004-08-17
Bartosz Biedrzycki,2003-04-16
Justin Homma,2005-08-26
Peter Langhoff,2004-01-09
Francesco Coppola,2005-04-11
Lorenzo Anghelè,2005-02-26
Esmir Bajraktarevic,2005-03-10
Matteo Fuscaldo,2005-02-25
Samuel Koeberlé,2004-11-26
Adulai Djabi Embaló,2005-06-30
Tiago Pereira Cardoso,2006-04-07
Shea Lacey,2007-04-14
William Hurtado,2004-05-31
Jaime Diaz,2000-03-25
Noé Lebreton,2004-04-22
Théo Bouchlarhem,2001-03-03
Dewar Victoria,2001-03-19
Yarin Levi,2005-08-15
Sem van Duijn,2004-03-18
Nicolas Closset,2004-07-10
Kyrylo Matveev,2002-04-05
Roméo Monticelli,2005-10-02
Reyniel Perdomo,2001-04-28
Arthur Vermeeren,2005-02-07
Vit Vavrik,2005-07-18
Ivan Sulev,2006-09-11
Shamil Gadzhiev,2005-07-26
Johan Meyer,2004-01-05
Patrick Dorgu,2004-10-26
Oskar Øhlenschlæger,2004-04-19
Yannick Agnero,2003-02-20
Lucas Høgsberg,2006-06-23
Sebastian Biller,2006-11-01
Hjalte Bidstrup,2006-02-15
Jonatan Lindekilde,2006-03-31
Max Albæk,2006-02-19
Victor Froholdt,2006-02-25
Lithierry,2001-05-14
Daníel Gudjohnsen,2006-03-01
Ni,2003-03-01
Fran Topic,2004-03-20
Ante Matej Juric,2002-11-26
Johan Manzambi,2005-10-14
Janis Lüthi,2005-03-31
Róbert Frosti Thorkelsson,2005-08-18
Leart Zuka,2005-08-27
Demis Fiechter,2005-12-30
Carlos Garcés,2001-10-11
Afonso Rodrigues,2002-08-19
Martim Marques,2004-02-11
Lucas Pires,2001-03-24
Ye-geon Kim,2008-08-07
Leo Mascaró,2003-08-02
Noel Bodetic,2004-02-24
Bruno Burcul,2004-11-20
William Feola,2006-01-04
Karen Vardanyan,2003-09-09
Daniil Dushevskiy,2004-03-01
Velizar-Iliya Iliev,2005-07-20
Juho Lähteenmäki,2006-06-15
Ștefan Duțu,2004-02-16
Alexandr Buzek,2004-08-02
Miguel Constantinescu,2005-05-01
Ioan Vermeșan,2006-10-18
Tom Sloncik,2004-12-21
Mignot Debebe,1995-09-02
Woo-jin Park,2003-04-16
Ibrahim Salah,2001-08-30
Muhammet Özbaskıcı,2005-09-27
Myron Mau-Asam,2004-04-01
Costel Avram,2002-06-11
Woo-jin Kim,2005-05-06
Saad Al-Mousa,2002-12-10
Marvin Young,2005-10-02
Matías Abaldo,2004-04-03
Anderson Duarte,2004-03-23
Roberto Arroyo,2003-08-25
Charly Keita,1999-06-16
Alexis Mirbach,2005-03-04
Zanos Savva,2005-11-26
Emerson Mauricio,2002-08-27
Jun-ha Kim,2005-12-02
Soo-ah Lee,2005-05-28
Byung-wook Choi,2005-04-11
Franculino,2004-06-28
Mathijs Menu,2005-05-01
Rio Robbemond,2005-01-05
Mikhail Pykhcheev,2006-07-01
David Ciurel,2005-07-26
Diego Flores,2001-07-01
Jakub Lewicki,2005-09-17
Franco Fagúndez,2000-07-19
Marcel Predenkiewicz,2004-04-06
Kamil Jakubczyk,2004-08-10
Chukwubuikem Ikwuemesi,2001-08-05
Joel Silva,2003-02-11
Friday Etim,2002-05-21
Danel Dongmo,2001-01-31
William Lykke,2004-09-28
Bancy Hernández,2000-06-27
Rafa Fernández,2004-05-02
João Moreira,2004-05-21
Mattia Della Rocca,2006-01-13
Momodou Sonko,2005-01-31
Adam Sevinsky,2004-06-19
Rahim Alhassane,2002-01-01
Ken Izekor,2007-05-24
Kerim Alajbegovic,2007-09-21
Kadir Seven,2003-05-05
Volodymyr Salyuk,2002-06-25
Yu-Hei Ng,2006-02-13
Bryant Ortega,2003-02-28
Martin Ryzek,2005-05-23
Oscar Gloukh,2004-04-01
Matteo Spinaccè,2006-07-13
Thomas Berenbruch,2005-05-31
Pio Esposito,2005-06-28
Kevin Kers,2006-01-04
Tiago Codinha,2005-07-20
Yannick Eduardo,2006-01-23
Evertton Araújo,2003-02-28
David Watson,2005-02-12
Zaid Tahseen,2001-01-29
Djaoui Cissé,2004-01-31
Malek Shalabiya,1988-02-20
João Rego,2005-06-20
Ivan Lima,2005-01-13
Jan Paluska,2005-06-23
David Planka,2005-07-28
Wout Asselman,2005-01-20
Elias Benkara,2007-04-29
Miguel Carvalho,2005-03-09
Massimo Decoene,2004-02-11
Felix Eriksson,2004-05-21
Hugo Larsson,2004-06-27
Amar Fatah,2004-02-19
Gustavo Varela,2005-01-30
Dimitrios Grammenos,2003-09-26
Reiju Tsuruno,2001-01-26
Deyron Martínez,1999-12-20
Gabriel Gonzalez,2006-06-14
Jason Parente,2006-06-10
Sascha Britschgi,2006-08-27
Konstantinos Chrysopoulos,2003-05-21
Zein Farran,1999-07-21
Shin Seong,2005-01-13
Antony Vásquez,2002-07-29
Juan Camilo Mosquera,2002-07-14
Arya Yousefi,2002-04-22
Flavius Iacob,2000-10-30
Erwin Bloj,1997-07-24
Stefan Gudelj,2006-05-18
Tobias Solheim Dahl,2005-01-12
Zach Abbott,2006-05-13
Tom Watson,2006-04-08
Ármin Pécsi,2005-02-24
Takaya Numata,1999-04-19
Akam Hashem,1998-08-16
Duke Verduin,2003-10-30
Waylon Renecke,2006-05-12
Mohamed Surag,2003-04-21
Ahmed Al-Rawi,2004-05-30
Heine Åsen Larsen,2002-07-09
Antonis Papakanellos,2005-08-11
Spyros Ampartzidis,2005-01-24
Samuel Amo-Ameyaw,2006-07-18
Ángel Ortiz,2004-07-25
Mees Eppink,2006-03-25
Bereket Desta,1998-10-20
Kiko,2002-04-16
Martin Huldahl,2004-09-20
Tommaso Martinelli,2006-01-06
Roberto D'Intino,2006-03-11
Maxim Dal,2006-01-26
Edoardo Sadotti,2006-02-27
Riccardo Braschi,2006-08-24
Elione Fernandes Neto,2005-08-23
Alieu Njie,2005-05-14
Kelven Frees,2005-02-03
Emirhan Ünal,2005-02-04
Alembirhan Yigzaw,2001-01-03
Viktor Andersson,2004-03-30
Heltone Kayembe,2001-03-16
Mbiyeye Bisamuna,1998-02-22
Jeff Ekhator,2006-11-11
Jaiden Bartolo,2006-02-10
Jesse Gomez,2005-10-11
Liam Jessop,2005-08-13
Marlon Mena Martinez,2006-10-05
Giannis Doiranlis,2002-09-27
Ștefan Lefter,2004-11-18
Danylo Krevsun,2005-04-21
Denis Moldovan,2004-10-27
Maryan Faryna,2003-08-28
Roman Savchenko,2004-02-17
Kyrylo Sigeev,2004-05-16
Denys Tvardovskyi,2003-06-13
Mykola Ogarkov,2005-02-18
Ethan Williams,2005-11-14
Dmitriy Kremchanin,2005-03-22
Navin Malysh,2003-07-27
Mahamadou Diarra,2003-11-30
Marko Podolyak,2004-05-04
Mykhaylo Protasevych,2004-11-20
Artem Slesar,2004-12-12
Gonzalo García,2004-03-24
Víctor Muñoz,2003-07-13
Aitor Mañas,2003-01-05
Raúl Asencio,2003-02-13
Mauro Zijlstra,2004-11-09
David Jiménez,2004-03-14
Piri,2003-07-10
Alexander Simmelhack,2005-11-11
Bartolomeo Riggioni,2004-07-03
Jan Koutny,2004-10-14
Martim Fernandes,2006-01-18
Álvaro Moreno,2006-06-05
Dorian Paloschi,2005-11-21
Arda Kılıç,2005-01-04
Emir Yaşar,2006-01-16
Rafiu Durosinmi,2003-01-01
Alexandr Urban,2004-04-20
João Vitor,1998-03-31
Precious Ugwu,2006-02-08
Oleksandr Saputin,2003-11-13
Alessandro Pavanati,2006-07-18
Ren Kato,1999-12-28
Takumi Tsuchiya,2003-10-25
Yu Hirakawa,2001-01-03
Yuya Tsuboi,1999-08-23
Ryosuke Shirai,2005-05-17
Rion Ichihara,2005-07-07
Hikaru Takahashi,2004-06-26
Camil Jebara,2003-01-19
Dixon Ramírez,2001-04-15
Erick Pulga,2000-10-02
Cherrion Valerius,2005-09-22
Jop Tijink,2005-01-30
Marc Diouf,1998-11-20
Moctar Koïta,1996-02-01
Dominic Vavassori,2005-12-09
Pietro Comi,2005-06-11
Ilya Kvasnytsya,2003-03-20
Tyrique George,2006-02-04
Dominic Sadi,2003-09-02
Sebastián Pérez-Bouquet,2003-06-22
Gustavo Puerta,2003-07-23
Rafael Munteanu,2006-03-01
Codruț Sandu,2006-04-17
Luca Ciobanu,2006-01-01
Darius Fălcușan,2006-02-14
David Păcuraru,2006-02-17
Luca Szimionaș,2006-09-03
Luca Băsceanu,2006-05-17
Augustin Dumitrache,2006-04-22
Matt Lendfers,2006-03-10
Lucas Mbamba,2006-08-12
Bradley Nam James,2006-09-02
Gerard Vandeplas,2006-02-25
Elton Fikaj,2005-10-18
Jannis Bärtl,2006-06-24
Basil Tuma,2005-04-24
Per Kloosterboer,2005-03-08
Pietro Leonardelli,2006-06-25
Jiri Splichal,2005-08-23
Marcus Nielsen,2006-04-19
Mikel Gogorza,2006-09-27
Edward Cedeño,2003-07-05
Tiago Freitas,2006-08-17
Gil Martins,2006-05-12
Diogo Sousa,2006-01-20
Harrison Jones,2004-12-25
Joe Westley,2004-10-18
Makar Chirkov,2005-01-28
Dmytro Ledviy,2003-08-26
Thierno Barry,2002-10-21
Daniel Budesca,2006-05-27
Dani Díaz,2006-06-22
Jesús Fortea,2007-03-26
Javier Fernández,2006-11-28
Héctor Fort,2006-08-02
Hugo Alba,2006-03-30
Lamine Yamal,2007-07-13
Alejandro Vergaz,2006-04-13
Lovro Banovec,2001-10-28
Georgios Agapakis,2001-11-12
Nicolás Rodríguez,2004-04-25
Diego Kochen,2006-03-19
Adam Aznou,2006-06-02
Jan Montes,2006-05-12
Adrian Gill,2006-01-03
Tommy Marqués,2006-10-30
Marc Guiu,2006-01-04
Ianis Tarbă,2006-07-04
Yaroslav Bazaev,2004-06-22
Héctor Aranda,1997-03-27
Luka Puzovic,2004-07-23
Len Bakker,2006-06-14
Panagiotis Tsantilas,2004-03-01
Theofilos Kakadiaris,2007-01-17
Marko Kerkez,2000-06-26
Igor Nikic,2000-08-25
Antonio Dumitru,2004-11-02
Luca Barani,2006-03-20
Mikel Jauregizar,2003-11-13
Ibon Sánchez,2004-03-08
Alexy Vega,1996-09-16
César Salandía,2004-06-13
Widman Talavera,2003-01-12
Jan Buryan,2005-10-11
Andrey Ivlev,2006-11-21
Viktor Okishor,2006-12-30
Victor Halvorsen,2004-07-03
Casper Andersson,2005-06-24
Jayden Danns,2006-01-16
Agadadash Salyanskiy,2004-06-19
Yoel Lago,2004-03-25
Álex Primo,2004-07-10
Mohamed Nasraoui,2002-08-18
Edvard Sundbø Pettersen,2006-07-07
Lorenzo Torriani,2005-01-31
Matej Kadlec,2002-04-04
Yago Cariello,1999-07-27
Nikita Babakin,2006-01-05
Walid Al-Enezi,1996-07-06
Jean-Mattéo Bahoya,2005-05-07
Jindrich Musil,2004-07-13
Brooklyn Raines,2005-03-11
Nordin Bukala,2005-09-18
Christos Papadopoulos,2004-11-01
Beno Selan,2005-01-02
Djordje Marinkovic,2006-01-15
Andrei Dorobanțu,2004-08-29
Manu Serrano,2004-03-20
Athanasios Triantafyllou,2003-07-22
Bogdan Mirčetić,2005-10-25
Relja Obric,2006-04-11
Luka Krstovic,2005-12-04
Andrej Panev,2005-01-14
Gabriel Ursu,2002-02-04
Jur Schipper,2006-07-11
Veljko Radosavljevic,2005-04-02
Andrej Mandic,2005-07-14
David Nykrin,2004-06-28
Franjo Posavac,2002-08-30
Leo Shahar,2007-03-18
Alexéi Rojas,2005-09-28
Dominik Mares,2003-02-03
Filip Brdicka,2004-08-06
Jon García,2003-01-28
Stefan Bastaja,2005-02-22
Ethan Alagich,2003-12-18
Georgios Nikolas Angelopoulos,2004-05-05
Denil Castillo,2004-03-24
Antonio Jakir,2003-01-25
Luka Posinkovic,2003-07-11
Nicolás Meriano,2000-11-09
Lucas Bretelle,2002-04-17
Divine Teah,2006-04-19
Ognjen Krsmanovic,2005-01-14
Pavle Mihajlovic,2006-07-13
Mario Domínguez,2004-02-10
Yellu Santiago,2004-05-25
Mihajlo Petrovic,2005-09-21
Giorgio De Marzi,2007-04-18
Alen Hatunic,2007-07-23
Stefano Mangiapoco,2004-01-27
Justin Eversen,2006-04-18
Wessel Kuhn,2006-09-16
Karim Mohamed,2001-04-02
Lapo Siviero,2006-11-23
Tayler Carrington,2006-05-28
Reynaldiño Verley,2002-09-19
Jahmai Simpson-Pusey,2005-11-04
Pavel Svatek,2004-06-26
Milan Aleksic,2005-08-30
Lukas Hruska,2004-02-28
Al-Hashmi Al-Hussain,2003-08-15
Art Smakaj,2003-02-04
Andrej Popovic,2006-04-25
Mirko Stevanovic,2005-04-10
Milos Jovic,2006-05-22
Tsubasa Kasayanagi,2003-06-24
Jelani Seedorf,2004-12-12
Jovan Milosevic,2005-07-31
Joi Yamamoto,2006-05-18
Vitor Roque,2005-02-28
Lazar Balevic,2007-08-24
Luke Brennan,2005-02-24
César Bustos,2005-08-27
Olle Samuelsson,2004-05-16
Trent Koné-Doherty,2006-06-30
Alexander Gurendal,2005-03-02
Hugo Picard,2003-05-09
Sovannmakara Sin,2004-12-06
Liam Filip Andersson,2003-01-30
Motoki Ohara,2000-03-09
Lyheng Reth,2004-01-01
Vanja Dragojevic,2006-01-11
Kayode Bankole,2002-10-16
Sodiq Ismaila,2003-08-13
Olamilekan Adedayo,2003-09-08
Youssoupha Niang,2006-03-25
Mathieu Acapandié,2004-12-14
Nduka Junior,2003-08-01
Qudus Akanni,2003-08-01
Salih Malkoçoğlu,2005-02-23
Jesper Reitan-Sunde,2006-01-31
Milos Vracar,2006-06-10
Aleksa Cvetkovic,2005-05-13
Uros Ilic,2006-01-15
Vasilije Adžić,2006-05-12
Milan Roganovic,2005-10-28
Matija Marsenic,2005-01-03
Marko Perovic,2006-03-05
Ali Youssif,2001-07-09
Noor Aldeen Al-Qulaib,2001-03-22
Nabil Irfan,2004-02-07
Daniel Schneider,2002-03-01
Håkon Sjåtil,2002-12-27
Essayas Lwampindy-Bofua,2005-08-10
Marcus Rafferty,2004-10-01
Stepan Chaloupek,2003-03-08
Ilay Feingold,2004-08-23
Anan Khalaili,2004-09-03
Alberto Herrera,2001-02-23
Manaf Younis,1996-11-16
Ismael Cortéz,2000-06-26
Marin Soticek,2004-09-18
Kristijan Cabrajic,2004-06-12
Dara Vireak,2003-10-30
Sosidan Nhean,2002-10-11
Antonio Mauric,2003-11-04
Rayane Belaid,2005-02-11
Anis Fatahine,2005-06-17
Matous Krulich,2005-04-19
Julio Díaz,2005-01-10
Carlos Ballestero,2004-04-24
Dani Martinez,2004-05-05
Hugo Solozábal,2003-02-07
Ettson Ayón,2001-03-26
Adrian Sæther,2001-06-01
Jovan Milosavljevic,2007-02-08
Andjelko Pavlovic,2007-06-16
Sho Omori,1999-08-19
Alex Almansa,2003-11-08
Ruslan Myalkovskiy,2006-05-07
Timo Schreuder,2006-09-25
Behram Abduweli,2003-03-08
Shiqin Wang,2003-06-24
Mohamed Wael Derbali,2003-06-18
Motoki Nishihara,2006-12-16
Haofan Liu,2003-10-23
Dylan Ruward,2005-01-21
Iván Fresneda,2004-09-28
Matija Ruskovacki,2005-05-24
Luka Vrbancic,2005-07-04
Roko Perkovic,2005-05-08
Filip Mazar,2005-03-24
Viktor Damjanic,2005-11-03
Marin Prekodravac,2005-03-03
Fabijan Krivak,2005-02-24
Hussain Al-Sibyani,2001-06-24
Abdulmalik Al-Oyayari,2003-12-10
Majed Al-Ghamdi,1998-06-02
Henry Addo,2003-05-01
Mohammed Al-Ajnaf,1999-09-06
Kassoum Ouattara,2004-10-14
Owen Gene,2003-03-19
Djibril Lamego,2003-02-25
Diogo Bezerra,2002-07-16
Michael Laffey,2005-10-11
Chris Rigg,2007-06-18
Viktor Baier,2005-01-16
Salko Hamzic,2006-09-17
Elias Lorenz,2006-03-27
Ryunosuke Sato,2006-10-16
Mohamed Mursith,2001-01-04
Wataru Goto,2006-05-08
Toshikazu Teruuchi,2006-11-08
Rubén Montero,2005-08-28
Marco de las Sías,2005-12-29
Daniel Mesonero,2005-09-03
César Palacios,2004-11-11
Mario Martín,2004-03-05
Álvaro Rodríguez,2004-07-14
Jacobo Ramón,2005-01-06
Chema Andrés,2005-04-25
Nico Paz,2004-09-08
Danila Godyaev,2004-04-20
Anrie Chase,2004-03-24
Kein Sato,2001-07-11
Téo James Michel,2004-05-03
Corsin Konietzke,2006-06-21
Alfie Bavidge,2006-04-11
Murray Campbell,2006-07-25
Rudi Molotnikov,2006-05-23
Jacob MacIntyre,2006-01-29
Mitchel Frame,2006-01-25
Aliou Thiaré,2003-12-20
Pape Demba Diop,2003-09-04
Babacar Mboup,2002-11-20
Fanuel Ghebreyohannes,2006-12-03
Matteo Valli Casadei,2005-06-01
Giacomo Benvenuti,2006-02-03
Tommaso Benvenuti,2006-02-03
Ahmed Yahya,1995-07-01
Guilherme Smith,2003-06-11
Nicko Sensoli,2005-06-14
Jacob Farrell,2002-11-19
Jan Faberski,2006-04-22
Hassan Eenaaz,2000-01-01
Haisham Rasheed,2002-01-01
Mark Hoekstra,2006-02-10
Wassim Elasri,2004-06-20
Achref Abada,1999-06-15
Carlo Matekovic,2003-09-01
Akarapong Pumwisat,1995-11-23
Anan Yodsangwal,2001-07-09
Vasilios Nikolakoulis,2005-05-20
Stefanos Tzimas,2006-01-06
Tomás Jacob,2004-04-20
Marcus McCoy,2005-08-24
Viery,2005-01-02
Ahmad Faqa,2003-01-10
Calvin Kabuye,2003-03-28
Or Israelov,2004-09-02
Idan Toklomati,2004-08-09
Saleh Al-Harthi,1995-08-10
Damián Pizarro,2005-03-28
Dylan Lozano,2002-07-15
Daniel Hernández,2001-08-01
Jorge Ruvalcaba,2001-07-23
Heriberto Jurado,2005-01-03
João Barros,2001-06-24
Lukas Penxa,2004-06-06
Christos Almyras,2005-07-18
Andrey Khodanovich,2004-09-08
Daan Bisschops,2005-03-30
Neville Ogidi Nwankwo,2002-10-08
Mohammed Al-Shiteewi,1993-07-29
Maksym Smiyan,2002-04-11
Saël Kumbedi,2005-03-26
Abdulrahman Al-Sanbi,2001-02-03
Osvald Søe,2005-11-05
Marwan Aubert,2006-02-12
Mohammed Al-Qahtani,2002-07-23
Yuriy Potimkov,2002-08-01
Exon Arzú,2004-05-19
Fernando Rodríguez,2000-10-05
James Bayliss,2000-08-16
Amine Daali,2004-04-25
Musibau Aziz,2006-12-30
Frank Junior Adjei,2004-03-20
Afonso Moreira,2005-03-19
Mustafa Saadoon,2001-05-25
Nolhan Courtens,2006-12-20
Adel Mahamoud,2003-02-04
Robin Mirisola,2006-12-08
Yasin Eratilla,2004-04-05
Vuk Draskic,2007-05-11
Strahinja Stojkovic,2007-03-08
Adem Avdic,2007-09-24
Andrej Bacanin,2007-03-07
Lazar Peranovic,2007-12-01
Andrija Maksimovic,2007-06-05
Ivan Martinovic,2007-05-31
Bogdan Kostic,2007-01-17
Nayef Faraj,2002-11-04
Timothy Ouma,2004-06-10
Lucas Sibelius,2002-09-07
Thomas Jørgensen,2005-09-30
Anders Bergholt,2005-02-21
Villads Nielsen,2005-01-29
Callum Marshall,2004-11-28
Hazem Mastouri,1997-06-18
Bruno Pérez,2002-03-18
Ángel Montes de Oca,2003-02-18
Kian Donkers,2004-09-12
Keyrol Figueroa,2006-08-31
Ime Ndon,2003-06-07
Chih-Chuan Wei,2003-07-03
Wei-Chieh Chao,2003-04-29
Freek Entius,2006-05-26
Martijn Overmars,2006-06-07
Clement Bischoff,2005-12-16
Santiago Mouriño,2002-02-13
Jack Moorhouse,2005-11-29
José Gómez,2000-03-06
Isaac Hughes,2004-03-25
Guillermo Enrique,2000-02-24
Daijon Daniels,2003-02-02
Shamarl Flowers,2003-05-18
Eldon Reneau,2003-05-22
Shalom Ekong,2003-11-20
John Deiby Araujo,2002-07-18
Tom Wisbereit,2007-11-17
Rayan Lutin,2003-01-16
Jayden Meghoma,2006-06-28
Jamaldeen Jimoh-Aloba,2006-10-02
Ognjen Alempijevic,2007-05-31
Kiano Dyer,2006-11-21
Sebastián Cutler,2003-05-20
Jeremy de León,2004-03-18
Filip Vacha,2005-02-10
José Bernal,2002-08-20
Filippo Carbone,2006-12-29
Jesper Gregersen,2004-08-21
Carlos Sejas,2004-01-10
Ernest Nuamah,2003-11-01
Petr Kubin,2006-01-10
Adam Binar,2006-03-22
Petr Zika,2006-07-01
Yevgeniy Mykytyuk,2005-09-21
Paolo Bedolla,2006-01-01
Luis Navarrete,2006-08-23
Andriy Matkevych,2005-01-11
Omar Gálvez,2006-04-18
Álex Urías,2006-03-25
Kevin Armenta,2006-02-28
Hugo Camberos,2007-01-21
Gael Álvarez,2006-03-09
Bastien Meupiyou,2006-03-19
Romain Jean-Baptiste,2006-02-21
Nhoa Sangui,2006-02-27
Jesús Lara,2005-02-09
Ángel Rico,2005-01-12
Davyd Fesyuk,2005-04-24
Luis Carrillo,2005-03-15
Diego Ochoa,2005-04-20
Everardo López,2005-03-23
Ari Contreras,2005-11-02
Joel Domínguez,2005-01-09
Alexéi Domínguez,2005-01-03
Oleksiy Gusev,2005-03-16
Dan Sinaté,2006-06-09
Arthur Tchaptchet,2006-05-10
Saïmon Bouabré,2006-06-01
Junior Kroupi,2006-06-23
Gaël Lafont,2006-06-07
Fodé Sylla,2006-04-16
Martin Børsheim,2005-02-18
Henry Camara,2006-05-06
Tidiam Gomis,2006-08-08
John Méndez,2004-09-04
Brandon Lomelí,2006-11-10
Yael Padilla,2005-12-19
Pablo Lara,2005-06-29
Ayman Al-Tihar,2002-04-27
Bill Antonio,2002-09-03
Jan Sutr,2006-02-01
Hugo Ferreira,2004-07-12
Ian Olivera,2004-10-05
Vojtech Hora,2004-05-05
Rudy Muñoz,2005-02-06
Adam Rezek,2005-11-21
Jiri Hamza,2005-07-08
Alessandro Nunziante,2007-03-14
Miguel Chaiwa,2004-06-07
Irfan Zulfic,2000-10-04
Umidjan Yusup,2004-02-28
Nestory Irankunda,2006-02-09
Tarik Seferovic,2006-12-31
Nectarios Triantis,2003-05-11
Alex Badolato,2005-02-23
Elijah Dijkstra,2006-08-05
Andrés Gómez,2002-09-12
Hayate Tanaka,1999-06-10
Sota Miura,2000-09-07
Zento Uno,2003-11-20
Kodai Sano,2003-09-25
Hasan Abdulkareem,1999-01-01
Rodrigo Mora,2007-05-05
Tiago Andrade,2005-10-21
Eddy Kouadio,2006-05-07
Oskar Tomczyk,2006-01-25
José García,2003-06-14
Édier Ocampo,2003-10-03
Robert Renan,2003-10-11
Ümit Akdağ,2003-10-06
Zinedin Smajlović,2003-12-20
Steven Guerra,2005-03-12
João Simões,2007-01-06
Wilmer Odefalk,2004-11-21
Thiago Beltrame,2003-07-02
Weslley Patati,2003-10-01
Josué Díaz,2004-09-16
Dagoberto Espinoza,2004-04-17
Román Torres,2004-12-22
Santiago Núñez,2000-04-29
Mohammed Jawad,1996-06-27
Massamba Sow,2004-06-13
Harrison Steele,2002-10-12
Ianis Gândilă,2006-01-16
Bartłomiej Barański,2006-10-09
Keyan Varela,2006-04-26
Sinisa Tanjga,2004-03-11
Matija Mitrović,2004-12-12
Juan Córdoba,2003-07-11
Emmanuel Agyei,2004-11-03
Milan Djokovic,2003-09-25
Lilian Njoh,2001-11-22
Sandro Reyes,2003-03-29
Eaden Roka,2007-09-03
Oliver Sorg,2007-07-31
Romeo Mörth,2007-03-02
Valentin Zabransky,2007-02-02
Konstantin Aleksa,2007-04-25
Yanik Spalt,2007-09-03
Jacob Peter Hödl,2007-01-31
Jones El-Abdellaoui,2006-01-12
Stian Sjøvold,2006-05-16
Nikolay Barovskiy,2006-09-05
Fernando Nava,2004-06-08
Raimane Daou,2004-11-20
Benja Domínguez,2003-09-19
Matheus Gonçalves,2005-08-18
Amine Boukamir,2006-10-23
Óscar Marcos,2006-02-19
Pablo García,2006-06-13
Rodrigo Mendoza,2005-03-15
Chanthavixay Khounthoumphone,2004-02-17
Sinti Chou,2003-01-04
Md Taj Uddin,2002-07-18
Chris Donnell,2004-01-24
Shekh Morsalin,2005-11-25
Santiago Quirós,2003-03-04
Jaden Heskey,2005-12-17
Shahriar Emon,2001-03-07
Romeo Amane,2003-02-20
Félix Garreta,2004-04-21
Artem Smolyakov,2003-05-29
Pau Cubarsí,2007-01-22
Juan Hernández,2007-07-21
Álvaro González,2007-04-09
Daniel Yáñez,2007-03-28
Buba Sangaré,2007-08-06
Arkaitz Mariezkurrena,2005-04-05
Albert Navarro,2007-05-24
Hassan Rabei,2003-06-22
Abakar Sylla,2002-12-25
Ibrahim Al-Rajhi,2000-10-05
Max Larsson,2003-07-07
Francisco Perruzzi,2001-02-09
Abdihakim Ali,2002-01-22
Assane Ndiaye,1999-10-10
Matija Ninic,2006-03-13
Matthias Nartey,2004-08-28
Willian Ordóñez,2004-02-02
Aleksandr Tarasov,2006-01-10
Daniel Adu-Adjei,2005-06-21
Ștefan Bană,2004-10-29
Oleg Kryvoruchko,2004-11-10
Adrián Helm,2005-09-27
Ty Sa,2001-04-04
Georgino,2002-03-16
Junildo,2003-06-04
Anizo Correia,2003-05-23
Gostavo,2005-04-22
Nobel,2001-04-30
Ervin Bakos,2004-05-27
Luken Beitia,2004-06-30
Christos Mouzakitis,2006-12-25
Bruno Poveda,2003-10-22
Josh Nichols,2006-07-26
Magnus Andersen,2006-04-03
Joan Martínez,2007-08-20
Wesley,2003-09-06
Jhon Jhon,2002-09-09
Kaique Pereira,2003-04-16
Naves,2002-05-08
Miłosz Piekutowski,2006-05-08
Dragan Tegeltija,2006-03-19
Maximiliano Gutiérrez,2004-05-03
Matt Dench,2003-12-08
César Inga,2002-04-30
Mohammed Al-Jahif,1998-11-29
Kai Andrews,2006-08-06
Evan Eghosa Aisowieren,2005-08-20
Mduduzi Shabalala,2004-01-20
Hussain Al-Zabdani,1995-04-15
Adi Yona,2004-04-17
Amir Ganah,2004-07-09
Bar Lin,2004-08-08
Elias Myrlid,2002-08-04
Anderson Villacorta,2005-07-25
Filip Loftesnes-Bjune,2005-04-08
Sohaib Naïr,2002-04-23
Marcos Portillo,2000-01-31
Ezequiel Herrera,2003-01-22
Efe Doğan,2004-08-20
Naime Said Mchindra,2005-05-28
Mahmoud Ghorbel,2003-12-31
Waris Choolthong,2004-01-08
Kristian Fletcher,2005-08-06
Teerasak Poeiphimai,2002-09-21
Beni Mpanzu,2004-05-15
Romain Esse,2005-05-13
Levis Pitan,2005-05-24
Joshua Stephenson,2006-02-15
Eliezer Mayenda,2005-05-08
Kian Leslie,2005-03-15
Karma Chetrim,2003-02-20
Jigdrel Wangchuk,2002-12-09
Garang Kuol,2004-09-15
Abdallah Gning,1998-09-29
Minh Gia Bao Khong,2000-07-26
Elias Mokwana,1999-09-08
Kyeong-hyeon Min,2001-12-16
Alexandru Roșca,2003-11-12
Mathis Clairicia,2002-08-30
Ebenezer Akinsanmiro,2004-11-25
Dermane Karim,2003-12-26
Kento Nishiya,1999-11-07
Bouchaib Arrassi,2000-01-06
Beyatt Lekoueiry,2005-04-11
Jacques Ekomié,2003-08-19
Álex Arce,1995-06-16
Unai Hernández,2004-12-14
Abdullah Al-Anazi,2003-01-19
Ali Al-Masoud,2004-01-03
Faisal Al-Abdulwahed,2004-12-29
Salem Al-Najdi,2003-01-27
Piotr Pardel,2005-01-31
Seung-won Yeo,2000-05-05
Jae-won Hwang,2002-08-16
Rakan Kaabi,2002-12-02
Diego Gómez,2003-09-10
Giuliano Cerato,1998-06-10
Gastón Arturia,1999-10-29
Dante Polvara,2000-06-21
Rafael Guerrero,2003-01-13
Mauro Zaleta,2002-04-02
Jeremy Arévalo,2005-03-19
Ramadhan Sananta,2002-11-27
Ben Bender,2001-03-07
Ebrima Singhateh,2003-09-10
Alexandru Iamandache,1999-09-14
Ousseni Bouda,2000-04-28
Roman Celentano,2000-09-14
Lucas Bartlett,1997-07-26
Oskar Ågren,1998-09-10
Tani Oluwaseyi,2000-05-15
Anthony Markanich Jr.,1999-12-26
Tsiki Ntsabeleng,1998-02-09
Matteo Lavelli,2006-12-08
Ermir Rashica,2004-03-24
Taro Hamada,2000-02-21
Pape Badji,2003-12-27
Mawuli Mensah,2003-11-15
Nick Markanich,1999-12-26
Ianis Mihart,2004-09-23
Luka Gavran,2000-05-09
Luis Crisanto,2000-03-01
Liviu Pancișin,2003-06-02
Carlos Baleba,2004-01-03
Jalen Blesa,2001-02-05
Vakhim Im,2003-11-28
Oliver Klimpl,2004-09-20
Sergio Mestre,2005-02-13
Dominik Tapaj,2004-05-10
Niko Tsakiris,2005-06-19
Rogers Mato,2003-10-10
Travis Mutyaba,2005-08-07
Patryck,1998-09-05
Guilherme Zimovski,2004-12-03
Andrés Ferrari,2003-01-03
Adama Camara,1996-10-18
Samuel Sackey,2005-01-18
Mads Abrahamsen,2007-01-13
Noah Lassen,2007-01-13
Lass Kourouma,2004-03-30
Bogdan Marian,2004-12-04
Santiago Montiel,2000-11-22
Filip Rózga,2006-08-07
Anthony Valencia,2003-07-21
Pedro Morisco,2004-01-10
Cenny Neumann,2007-01-12
Johan Rojas,2002-09-20
Cristian Mihai,2004-09-23
David Mokwa,2004-05-03
Ousmane Diomande,2003-12-04
Dalangunypole Gomis,2004-06-28
Rivaldo,2000-09-18
Nicolás Lara,2003-02-23
Juan Avalo,2001-09-30
Felipe Mosquera,2002-06-05
Korede Osundina,2004-02-13
Joider Micolta,2002-07-13
Henry Mosquera,2001-11-15
Mohamed Yasser,2001-05-05
Nacim Dendani,2006-04-30
Aladji Bamba,2006-07-14
Mohammed Al-Absi,2002-09-24
Noah Jauny,2004-08-26
Óscar Cortés,2003-12-03
Soulaimane Berradi,2004-11-20
Freybin Pagoada,2002-03-22
Zander Hutton,2006-07-31
Dylan Wells,2006-03-20
Ubaidullah Shamsul,2003-11-30
Sam Klein,2004-03-15
Gerald Taylor,2001-05-28
Federico Serra,2006-01-03
Martin Ndzie,2003-01-16
Alessandro Cardinali,2006-03-02
Laurențiu Liș,2004-09-08
Giovanni Pavani,1996-11-22
Janderson,1999-05-06
Charles-André Raux-Yao,2001-11-15
Gabriel David,2003-02-11
Beckham Castro,2003-09-12
Luis Escorcia,2004-01-07
Jhon Largacha,2004-01-22
Yeiner Londoño,2000-11-10
Arthur,2003-03-17
Gustavo Marques,2001-10-09
Joan Cajares,2003-06-19
Luis Palacios,2001-04-10
Olagar Xavier,2003-05-18
Gabriel Delfim,2002-07-10
Ageu,2002-02-20
Patrik Kristal,2007-11-12
Breno Herculano,1999-02-16
Duran Ferree,2006-09-28
Mateus Pivô,1997-12-16
Bogdan Khoma,2003-04-02
Joe Knight,2005-09-21
Sokha Phat,2003-03-02
Dan Nechifor,2007-04-19
Cristian Santander,2003-08-20
Jhomier Guerrero,2001-03-25
Jhon Navia,2003-07-27
Alberto Higgins,2005-01-14
Julián Contrera,2003-05-10
Fabrizio Sartori,2002-07-15
Marcelo Esponda,2003-01-14
Jordi Valadon,2003-03-04
Tony Yogane,2005-09-24
Alence Ayala,1999-04-29
Eder García,2004-01-04
Alex Lebarbier,2004-08-23
Emmanuele De Chiara,2006-02-21
Mohammed Fuseini,2002-05-16
Gabriel Cabral,2003-04-19
Pathé Mboup,2003-10-19
Paulo Vitor,2001-07-19
Mathys Silistrie,2005-09-16
Mathis Lambourde,2006-01-09
Téo Barišić,2004-09-30
Andrea Cogoni,2006-07-04
Gianluca Astaldi,2006-04-10
Raí,2004-04-26
Demirel Hodzic,2005-03-08
Artem Chistyakov,2007-04-15
Bianneider Tamayo,2005-01-13
Artem Ponomarchuk,2007-01-27
Emmanuel Dzigbah,2006-07-06
Ali Fadal,2004-01-14
Sam Chambers,2007-08-18
Marcos Victor,2001-12-26
Oumar Ngom,2004-03-09
Amine Salama,2000-07-18
Sergiu Perciun,2006-04-23
Alexis Cantero,2003-02-05
Edvin Austbø,2005-05-01
Alcides Benítez,2002-06-28
Matheus Belém,2003-03-13
Felipe Negrucci,2004-05-14
Ythallo,2004-07-22
Mathías De Ritis,2003-01-31
Rene Hrvatin,2006-12-08
Christ Souanga,2006-10-23
Nicolás Arévalo,2003-01-13
Kevin Cortés,2003-08-06
Lars Van Parys,2006-10-07
Kobe Corbanie,2005-05-10
Joaquin Seys,2005-03-28
Ezequiel Forclaz,2003-04-03
Munashe Garananga,2001-01-18
Dinh Trieu Nguyen,1991-11-04
Rachid Ghanimi,2001-04-25
Emile Doucouré,2007-09-28
Nunzio Engwanda,2007-12-01
Noah Makembo-Ntemo,2007-03-14
Patrik Mercado,2003-07-31
Don-Angelo Konadu,2006-05-03
Tijn Van Ingelgom,2007-03-05
Trofim Melnichenko,2006-09-18
Arda Usluoğlu,2006-10-12
Gleb Kuchko,2005-06-03
Oluwaseun Adewumi,2005-02-23
Shumaira Mheuka,2007-10-20
Sebastián Valencia,1996-07-03
Juan Ostos,2001-10-08
Ibrahim Sulemana,2003-05-22
Iván Valdez,1995-06-10
Anıl Yiğit Çınar,2003-07-10
Vito Caic,2005-04-01
Luka Kapulica,2005-01-18
Marin Zgomba,2005-05-30
Kyle Hiebert,1997-07-30
Célio Pompeu,1999-12-10
Estêvão,2002-02-03
Karem Zoabi,2006-05-03
Nuno Matos,2004-10-04
Nikita Stoinov,2005-08-24
Gustavo Sá,2004-11-11
Miguel Perez,2005-04-28
Hércules,2000-10-20
Esteban Matus,2002-02-12
Leandro Brey,2002-09-21
Ivan Canjuga,2005-11-30
Reda Belahyane,2004-06-01
Laurenzo Monteiro,2004-05-28
Kyliane Dong,2004-09-27
Godswill Vadze,2001-09-04
Callan McKenna,2006-12-22
Zaïnou-Dine Mohamed,2000-06-16
Thapelo Maseko,2003-11-11
Freddy Mbemba,2002-12-16
David Kaiki,2004-06-26
Jhon Lerma,2003-01-01
Guilherme Peixoto,2006-05-25
João Fonseca,2006-08-31
Albin Valencia,2003-05-16
Patrick Beach,2003-08-06
Jordan García,2005-06-20
Mats Rots,2006-03-11
Ajak Riak,2000-12-12
Neneca,2003-08-27
David Zalazar,2002-05-09
Yuta Arai,2004-06-13
Șerban Tomache,2004-02-07
Facundo Buonanotte,2004-12-23
Julián Fernández,2004-01-30
Kevin Ortiz,2000-09-18
Thiago Balieiro,2003-02-23
Jair Cunha,2005-03-07
Johan Caicedo,2004-03-13
Thabang Molaoa,2000-03-15
Tommaso Macchioni,2006-04-04
Rodrigo Castillo,1999-02-26
João Muniz,2005-06-26
Mateo Sanabria,2004-03-31
Mateo Del Blanco,2003-10-31
Diego Rodrigues,2005-05-24
Rodrigo Rêgo,2005-01-03
Triston Rowe,2006-10-02
Júlíus Mar Júlíusson,2004-06-07
Matías Reali,1997-11-14
Boaz Ngalamulume,2000-09-24
Tomás Muro,2002-05-05
Juan Pablo Pignani,2001-07-02
Kevin Mantilla,2003-05-22
Kresimir Vrbanac,2005-04-24
Niccolò Fortini,2006-02-13
Ran Binyamin,2004-02-06
Jakov Gurlica,2004-01-10
Matej Momcilovski,2005-01-11
David Ricardo,2002-12-21
Ignacio Abraham,1998-01-12
Hugo Fagerberg,2004-05-04
Renato Marques,2003-12-09
Valentín Gómez,2003-06-26
Kian Noble,2007-02-26
Ben Broggio,2007-01-29
Callum Olusesi,2007-03-11
Francisco Petrasso,2002-01-28
Chanon Tamma,2004-03-19
Luciano Giménez,2000-02-18
Luca Tevere,2002-02-21
Alex Freeman,2004-08-09
Chibuike Nwaiwu,2003-07-23
Mustapha Lawal,2000-01-18
Emmanuel Ayaosi,2004-10-28
Drilon Hazrollaj,2004-02-19
Afeez Bankole,2004-05-05
Davide De Battisti,2006-03-21
Vi Hao Bui,2003-02-24
Nordan Mukiele,2006-02-12
Ismaïl Bouneb,2006-06-07
Sidiki Chérif,2006-12-15
Andrija Bulatovic,2006-12-27
Mathis Saka,2006-09-20
Bodin Tomasevic,2006-05-12
Robert Popescu,2003-03-09
Mohamed Soumah,2003-03-15
Salifou Soumah,2003-10-03
David Poreba,2002-12-01
Samson Lawal,2004-04-25
Albert Kotlin,2005-09-08
Dylan Lawlor,2006-01-01
Emmanuel Gómez Riga,2001-09-14
Jens Magnusson,2004-12-06
Franco Lorenzon,2001-03-19
Barath Suresh,2003-06-11
Aimar Modelo,2005-01-25
Gustav Lundgren,1995-04-18
Seif Ali Hindi,2005-04-26
Lucas Jetten,2007-06-07
Valentijn van der Velde,2007-01-12
Benjamin Nagel,2007-11-11
Jim Koller,2007-03-31
Aaron Bouwman,2007-08-28
Lucas Gardenier,2007-01-04
Thijs Kraaijeveld,2007-05-03
Joël van den Berg,2007-02-11
Jesaja Mustapha,2007-03-15
Fahamedul Islam,2006-06-30
Hadi Haruna,2001-02-09
Italo,1997-08-03
Mekhron Madaminov,2002-05-01
Andrej Kostić,2007-01-16
Filip Kruselj,2005-03-30
Alessandro Vogt,2005-02-03
Mateo Clemente,2002-06-12
Dominique Simon,2000-07-29
Mehdi Mchakhchekh,2004-02-23
Hamza Güreler,2006-04-10
Yağız Dilek,2005-05-09
Paul Argney,2006-05-23
Kasper Boogaard,2006-01-29
Kevin Cataño,2003-06-09
Bogdan Petrovic,2004-12-07
Abraham Villegas,2002-12-17
Steven Baseya,2005-01-14
Martin Andjelkovic,2005-05-17
Baran Gezek,2005-08-26
Halil Özdemir,2005-08-18
Ángel Stringa,1996-04-06
Filip Spatenka,2004-02-22
Fairuz Fazli,2005-01-20
Lorenzo Bonsignori,2007-03-28
Matteo Cocchi,2007-02-01
Alex Castiello,2007-02-13
Francesco Castaldo,2007-04-28
Alessandro Ciardi,2007-01-07
Christian Garofalo,2007-01-04
Fatkhullo Olimzoda,2005-08-03
Zafarmurod Abdirakhmatov,2003-04-28
Jakhongir Urozov,2004-01-18
Veljko Milosavljevic,2007-06-28
Uros Filimonovic,2006-04-12
Iustin Răducan,2005-07-20
Bryan Ramírez,2000-08-11
Yannick Bujard,2003-10-20
Alan Saldivia,2002-04-06
Victor Gonçalves Andersson,2004-10-22
Santiago Hidalgo,2005-02-17
Tomás González,2003-05-18
Maximilian Herwerth,2006-02-09
İsak Vural,2006-05-28
Trung Kien Tran,2003-02-09
Gia Hung Pham,2000-04-26
Tuan Tai Phan,2001-01-07
Kevin Parra,2003-02-22
Brayan Medina,2002-03-04
Juan Jose Arias,2004-01-08
Máximo Carrizo,2008-02-28
Xavier Valdez,2003-11-23
Diego van Oorschot,2005-10-02
Wassim Bouziane,2006-12-22
Jasper Hartog,2006-03-23
Robin van Duiven,2006-04-08
David Mejía,2003-06-01
Joyeux Masanka Bungi,2007-01-24
Konstantinos Karetsas,2007-11-19
Lahlou Akhrib,2005-04-24
Lucas Román,2004-02-10
Marios Balamotis,2005-05-06
Christos Kosidis,2005-02-28
Taxiarchis Filon,2005-03-16
Maximiliano Amarfil,2001-11-03
Alejo Osella,2000-09-30
Jordan Knight,2002-06-13
Zachary Athekame,2004-12-13
Hakim Sahabo,2005-06-16
Ousmane Touré,2005-02-18
Matías Gallardo,2003-11-23
Jackson Travis,2004-02-23
Derrek Chan,1998-08-08
Amine Rehmi,2002-04-01
Tobias Moi,2006-03-03
Nikola Tasic,2006-12-14
Jenson Jones,2006-06-26
Elias Pitak,2006-03-28
Terry Yegbe,2001-01-25
Nicolás Paz,2002-10-16
Alan Lescano,2001-11-11
Guillermo Ruiz,2003-12-09
Samu Aghehowa,2004-05-05
Nikita Baranok,2004-03-31
Kenroy Campbell,2002-05-30
Petar Sukacev,2005-08-28
Igor Orlikowski,2006-02-09
Filip Rejczyk,2006-04-20
Mateusz Skoczylas,2006-09-20
Daniel Mikołajewski,2006-01-24
Mattias Hellisdal,2006-01-21
Naba Mensah,2007-05-08
Abdoul Ouattara,2005-10-22
Jesús Muñoz,2002-01-18
Luka Topalović,2006-02-23
Lovro Golic,2006-03-05
Abiel Osorio,2002-06-13
Michał Gurgul,2006-01-30
Luís Guilherme,2006-02-09
Nicolás Retamar,1999-02-06
Quoc Viet Nguyen,2003-05-04
Nhat Minh Nguyen,2003-07-27
Jaylan van Schooneveld,2005-02-02
Ahmet Demirelli,2007-04-27
Prince Mbatshi Mukuba,2006-01-11
Franco Saavedra,2003-09-02
Yong-hui Park,2002-03-29
Massimo Pessina,2007-12-25
Hieu Minh Nguyen,2004-08-05
Thanh Nhan Nguyen,2003-07-28
Xuan Bac Nguyen,2003-02-03
Pablo Monje,1997-02-06
Martial Godo,2003-03-14
Nicolás Capraro,1998-03-03
Mihai Toma,2007-02-17
Yanis Pîrvu,2007-04-02
Alexandru Stoian,2007-12-15
David Popa,2007-03-13
Florin Gașpăr,2007-09-25
Narcis Ilaș,2007-03-27
John Dumitra,2007-03-30
Matei Manolache,2007-01-01
Yeicar Perlaza,2003-01-24
Yaell Samson,2006-04-03
Max Arfsten,2001-04-19
Devin Padelford,2003-01-03
Jacopo Sardo,2005-03-08
Ulanbek Sulaymanov,2002-10-08
Bas Langenbick,2003-06-16
Saladin Mecinovic,2005-12-08
Poyraz Yıldırım,2005-01-15
Kezang Dorji,2002-04-23
Sonam Tshering Dorji,2002-09-04
Tomás Palacios,2003-04-28
Lorenzo Biliboc,2006-10-22
Daniel Braut,2005-05-01
Anders Hiim,2002-09-13
Andrés Montaño,2002-05-22
Ronaldo Beltrán,2002-03-28
Carlos Aguilar,2006-10-25
Bryan Romero,2003-01-24
Gael García,2004-02-12
Thomas Cordier,2006-03-13
Riley Dalgado,2006-08-13
Tyler Hall,2006-02-05
Stuart Hawkins,2006-09-18
Oscar Verhoeven,2006-05-31
Edwyn Mendoza,2006-05-03
Pedro Soma,2006-06-30
Fidel Barajas,2006-04-05
Micah Burton,2006-03-26
Gavin Turner,2007-01-05
Kamogelo Sebelebele,2002-07-21
Winsley Boteli,2006-07-05
Jhon Gamboa,2001-03-20
Claudio Echeverri,2006-01-02
Keehan Willows,2005-10-01
Nathan Ordaz,2004-01-12
Matai Akinmboni,2006-10-17
Leandro Schödler,2006-05-27
Nikita Vasiljev,2006-12-14
Oluwaseun Ogbemudia,2006-07-18
Pavel Kacor,2006-09-12
Santiago Toloza,2002-10-28
Nicolás Ferreira,2002-02-07
Ali Ahmed,2000-10-10
Archie Whitehall,2006-05-21
Georgi Minoungou,2002-07-25
Ryan Harris Jom,2005-03-03
Marcel Lorber,2004-04-26
Hiroshi Iwasaki,2002-10-11
Pablo Meixús,2003-05-21
Mohammed Al-Emwase,1996-08-08
Libasse Gueye,2003-07-05
Alonso Ramírez,2001-08-20
Denzell García,2003-08-15
Juan Fedorco,2000-11-28
Andrey,2002-02-06
Amable Pinzón,2002-02-22
Juan Luis Alfaro,1999-10-16
Enrique Nieves,2003-10-24
Franco García,1997-06-04
Josué Kongolo,2006-04-13
Othniël Raterink,2006-04-07
Kai Jansen,2007-05-29
Francisco Gómez,2004-04-06
Vito Tezak,2005-03-31
Lucas Vennegoor of Hesselink,2006-03-14
Alexsander,2003-10-08
Phetdavanh Somsanid,2004-04-24
Kauã Santos,2003-04-11
Givairo Read,2006-06-02
Otávio Costa,2005-12-27
Alex Tóth,2005-10-23
Nick Taylor,1998-09-02
Tahir Reid-Brown,2006-07-02
Alejandro Granados,2006-05-30
Ryan Lee,2006-11-27
Jakub Jakubko,2004-08-24
Keyon Ewurum,2007-04-20
Kean Scicluna,2006-09-12
Jake Azzopardi,2006-02-13
Adam Beaudry,2006-04-18
Shola Ogundana,2005-02-22
Noeh Hernández,2004-12-09
Damoth Thongkhamsavath,2004-04-03
Dusan Zagar,2006-10-28
Agustín Moreira,2001-05-28
Reese Miller,2004-01-17
Axel Holewiński,2006-02-22
Benja Cremaschi,2005-03-02
Nolan Miller,2004-08-03
Quinton Elliot,2004-01-30
Nazhan Zulkifle,2001-01-17
Alinur Rashimy Jufri,2000-06-12
Jackson Gilman,2004-04-29
Frankie Westfield,2005-12-09
Gerardo Valenzuela,2004-09-28
Cabral Carter,2004-07-05
Luis Rivera,2007-12-01
Snyder Brunell,2007-03-27
Warner Brown,2002-08-19
Reiya Sakata,2004-05-11
James Rowswell,2006-07-13
Loun Srdanovic,2006-08-04
Joselu Pérez,2004-03-12
Nimfasha Berchimas,2008-02-22
Brian Romero,2006-05-11
Jed Drew,2003-08-29
Ethan Kohler,2005-05-20
Killian Prouchet,2005-01-23
Pablo López,2006-03-27
Octavio Ontivero,2006-01-10
Camilo Rey Domenech,2006-03-10
Gianluca Prestianni,2006-01-31
Alejo Sarco,2006-01-06
Tobías Ramírez,2006-11-11
Valente Pierani,2006-02-22
Juan Giménez,2006-04-27
Santiago López,2006-02-09
Agustín Ruberto,2006-01-14
Bautista Dadín,2006-05-20
Fausto Salicioni,2006-01-20
Andrés Carreño,2003-05-05
José Mercado,2003-08-21
Peeter Phanthavong,2006-02-15
Mitsuki Hidaka,2003-05-11
Sidi Bane,2004-01-14
Ralph Rutherford,2005-04-02
David Moses,2004-01-20
Brad Tapp,2001-01-16
Max Vartuli,2005-01-20
Vuk Boskan,2006-02-08
Cham Vanpaserth,1998-06-14
Gilberto Flores,2003-04-01
Berkay Aslan,2007-01-05
Yvan Ikia Dimi,2004-09-26
Luke Graham,2004-02-11
Kanayo Megwa,2004-03-05
Adisa De Rosario,2004-10-27
Alonso Coello,1999-10-12
Sander Håvik Innvær,2004-10-11
Jaime Vargas,2004-10-28
Sebastian Șerban,2006-07-13
Íker Moreno,2003-09-14
Omar Valencia,2004-06-08
Max Anchor,2004-07-21
Jamie Knight-Lebel,2004-12-24
Tiago Coimbra,2004-01-17
Sondre Ørjasæter,2003-11-28
Ferdinand Riha,2005-01-25
Alexandru Tabuncic,2006-05-27
Gio Villa,2008-01-03
Giacomo Maucci,2007-03-16
Julius Lorents,2006-04-26
Gabriel Elias Ersoy,2005-06-27
Kakana Khamyok,2004-05-21
Jeremy Perera,2006-01-14
Marwin Schmitz,2007-01-07
Mark Ugboh,2004-01-03
Rakan Al-Tulayhi,2002-11-20
Moses Usor,2002-02-05
Mario Quintao,2004-02-18
Scott Woods,2000-05-07
Abdul Ramli,1999-03-18
Syafiq Safiuddin Shariff,2002-07-16
Kamran Acito,2004-03-05
Frederik Emmery,2006-12-25
Seksan Ratree,2003-03-14
Keiber Lamadrid,2003-11-18
Victor Svensson,2006-06-10
Marcus Caldeira,2004-10-14
Jérémy Jacquet,2005-07-13
Byung-heon Yoo,2006-02-01
Seung-won Baek,2006-02-15
In-woo Back,2006-11-29
Ju-hyeok Kang,2006-08-27
Min-hyeok Yang,2006-04-16
Jeong-hyeok Seo,2006-03-09
Ki-wook Yun,2006-10-10
Sung-min Hong,2006-09-29
Sung-hoon Kwak,2006-06-18
Ali Dembélé,2004-01-05
Pape Führer,2005-12-23
Santiago Mera,2001-07-19
Emilien Grosso,2006-12-13
Zoumana Diallo,2005-02-02
Mathys de Carvalho,2005-05-01
Nikola Popovic,2006-03-23
Nazry Aiman,2004-07-01
Dehmaine Tabibou,2005-04-17
Zach Marsh,2005-10-06
Tony Strata,2004-09-07
Josh Acheampong,2006-05-05
Sam Proctor,2006-12-21
Fellipe Jack,2006-01-12
William Gomes,2006-03-15
João Cruz,2006-05-12
Bahia,2006-01-02
Bunchhai Taing,2002-12-28
George Ilenikhena,2006-08-16
Alberto Riccardi,2006-10-01
Nicolas Giacopetti,2006-06-05
Paolo Limon,2005-12-05
Giovane,2003-11-24
Santiago Luján,2002-01-23
Lukas Schweighofer,2006-10-27
Michael Neuner,2006-10-12
Christian Mawissa,2005-04-18
Kai Mauro,2007-05-30
Sanan Mohammed K,2004-04-05
Jack Warshawsky,2004-08-08
Tate Johnson,2005-07-10
Vitor Reis,2006-01-12
Alysson,2006-05-05
Pepê Fermino,2007-02-12
Murillo,2002-07-04
Tchoca,2003-12-31
João Tornich,2002-11-06
Kauê,2004-02-08
Felipe Longo,2005-03-05
Juan Villalba,2006-03-15
Ulises Giménez,2006-01-01
Luciano Romero,2006-01-03
Gilles De Meyer,2006-09-17
Ronan Kpakio,2007-05-25
Lucky Ezeh,2004-01-23
Emiliano Ramos,2005-03-08
Daniel Arcila,2002-05-16
Andrés Tovar,2006-03-25
Javier Suárez,2006-05-04
David Ciubăncan,2004-07-08
Pablo Ferreira,2004-10-23
Jaydee Canvot,2006-07-29
Oscar Lenne,2006-09-09
Sandro Vidigal,2007-07-28
Afonso Patrão,2007-02-03
Borislav Rupanov,2004-11-30
Cristian Mares,2004-09-12
Rafael Juninho,2006-07-02
Aidan Stokes,2008-01-14
Andrew Rick,2006-01-30
Arsen Ashirbek,2003-10-22
Martin Gjone,2005-05-29
Sterling Vasconcellos,2005-04-19
Jonathan Norbye,2007-03-26
Adil Lechkar,2001-09-02
Adrian Kurd Rønning,2006-03-17
Joaquinete,1997-07-30
Sami Jalal,2004-08-08
Fabian Schillinger,2007-05-24
Wojciech Mońka,2007-01-18
Rubén Ramos,2007-01-22
Zavier Gozo,2007-03-22
Caden Glover,2007-03-08
Rohan Rajagopal,2007-06-12
Santi Morales,2007-02-09
Owen Anderson,2007-06-06
Neil Pierre,2007-10-19
Ognjen Bondzulic,2007-07-24
Uros Tegeltija,2006-03-19
Tyler Bindon,2005-01-27
Néider Ospina,2003-01-27
Joachim Prent-Eckbo,2007-03-05
Isak Holmen,2007-06-09
Jesper Eikrem,2007-07-02
Oskar Spiten,2007-08-29
Élan Ricardo,2004-02-20
Mate Simon,2006-07-19
Conor McManus,2004-06-16
Adrian Sârbu,2004-06-09
Jan Feit,2006-03-07
Justin Ellis,2007-05-14
Stiven Jimenez,2007-06-24
Israel Boatwright,2005-06-02
Christian Díaz,2006-03-30
Julian Eyestone,2006-04-21
Billy van Duijl,2005-10-04
Guido Della Rovere,2007-06-04
Mattia Mosconi,2007-03-26
Adriano Bregou,2006-04-09
Shakil Ahad Topu,2006-04-06
Nasser Al-Bishi,2002-06-03
Lorran,2006-07-04
Henrique Carmo,2006-11-09
Juan José Mera,2002-03-12
Florian Hellstern,2007-10-18
Leon Klanac,2007-03-01
Jan Bürger,2007-03-10
Felipe Chávez,2007-04-10
Luca Erlein,2007-07-05
Niklas Swider,2007-01-05
Branko Pavic,2006-11-07
Lovre Loncar,2006-05-11
Fabian Wilfinger,2003-08-27
Ante Utrobicic,2006-07-12
Zvonimir Josic,2006-08-29
Junior Diaz,2003-07-23
Sven Sunta,2007-05-07
Dominik Drobnic,2007-04-05
Tai Znuderl,2007-01-21
Alin Kumer Celik,2007-02-22
David Pejičić,2007-06-14
Julio Soler,2005-02-16
Drew Baiera,2007-02-28
Cavan Sullivan,2009-09-28
Jofre Torrents,2007-01-28
David Otorbi,2007-10-16
Dylan Ourega,2004-10-06
Sung-dong Kim,2002-03-23
Nima Gyeltshen,2002-12-02
Dendup Namgyel,2002-08-15
Bork Bang-Kittilsen,2005-03-22
Ervin Torres,2007-11-14
David Vazquez,2006-02-22
Héctor Cuellar,2000-08-16
Lucas Bretón,2006-11-20
Lorenzo Scipioni,2004-11-24
Adrian Wibowo,2006-01-17
Abdulmalik Al-Badri,1998-08-24
Musab Al-Shaqsy,2000-03-28
Sahmkou Camara,2003-06-10
Mathis Amougou,2006-01-18
Aboubacar Ali,2006-04-02
Ryan Rodin,2006-03-02
Oliver Middleton,2005-09-19
Lazar Stefanović,2006-08-10
Harbor Miller,2007-06-21
Markus Cimermancic,2004-10-01
Mickael Dosso,2005-08-23
Juan Sigala,2007-04-06
Diego Reyes Costilla,2007-09-03
Cristóbal Alfaro,2007-05-23
Érick Orta,2007-02-17
Josh King,2007-01-03
Carter Pinnington,2007-02-21
Jaden Dixon,2007-05-07
Jack Fletcher,2007-03-19
Mikey Moore,2007-08-11
Trevan Sanusi,2007-04-25
Junior Mwanga,2003-05-11
Furkan Malak,2005-01-14
Gonzalo Piñeiro,2000-10-03
Santiago Flores,2001-03-25
Chance Cowell,2008-07-05
Gabriel Palmero,2002-01-15
Emmanuel Yeboah,2003-02-25
Gabriel Gheorghe,2006-10-12
Liam McAlinney,2005-12-14
Rhys Chadwick,2007-02-19
Ioan Tolea,2003-05-11
Hasan Bulut,2007-05-18
Kaye Furo,2007-02-06
Samuel Akere,2004-02-16
Iago Teodoro,2005-04-18
Matija Popović,2006-01-08
Yankuba Minteh,2004-07-22
Rayan,2006-08-03
Luis Balbo,2006-03-28
Aymean El Hani,2007-05-09
Sebastian Holm Mathisen,2005-06-03
Ryoya Kimura,2003-06-10
Matej Malensek,2005-05-27
Hrannar Snær Magnússon,2001-12-27
Alex Bonetig,2002-08-20
Malachi Molina,2006-10-11
Stanislav Lapkes,2006-03-03
Jiri Micek,2007-06-07
Lukas Moudry,2007-01-19
Marek Naskos,2007-06-29
Ondrej Penxa,2007-03-23
Jiri Panos,2007-11-15
Jiri Zima,2007-12-21
Jorge Montes,2004-03-06
Dhari Al-Anazi,2000-05-06
Meshari Al-Nemer,2003-08-05
Alexis Segovia,2004-06-15
Rodrigo Atencio,2002-06-30
Jae-seok Hong,2003-07-03
Seong-woo Moon,2003-05-15
Joo-chan Kim,2004-03-29
Kyota Sakakibara,2001-10-20
Mateja Prokopijevic,2007-01-04
Léyder Morán,2004-12-25
Yannick Gerritsen,2006-02-14
Hetao Hu,2003-10-05
Şamil Öztürk,2005-05-09
Elías Torres,2001-03-02
Ola Nikolai Rye,2005-02-06
Khaled Al-Lazam,1999-02-23
Gorazd Ristovski,2007-12-16
Sebastián Rodríguez,2007-09-13
Daniel Bassi,2004-10-31
Baltasar Rodríguez,2003-07-09
Paul Reverson,2005-06-20
Alper Efe Pazar,2005-02-08
Daniel Daga,2007-01-10
Ahmed Abdullahi,2004-06-19
Óscar Perea,2005-09-27
Franco Nicola,2002-04-18
Nick Fernández,2001-12-22
Mio Zimmermann,2007-08-08
Gjan Ajdin,2007-01-13
Lionel Huwiler,2007-02-17
Ilija Maslarov,2007-01-02
Agon Rexhaj,2007-03-24
Mardochée Miguel,2007-05-22
Eman Košpo,2007-05-17
Marvin Akahomen,2007-07-15
Neil Volken,2007-04-23
Elio Rufener,2007-02-12
Eliano Guido,2007-04-04
Kjartan Már Kjartansson,2006-07-14
Francisco Gualtieri,2003-03-17
Chang-woo Lee,2006-03-12
Do-young Yoon,2006-10-28
Alai Ghasem,2003-02-16
Semi Nabenu,2004-08-14
Ngal'ayel Mukau,2004-11-03
Kop Lokphathip,2006-05-08
Oscar Steinke Brånby,2006-02-07
Liam Selin,2006-03-13
William Andersson,2006-02-28
William Nieroth Lundgren,2006-03-13
Amin Al-Hamawi,2003-12-17
Mohamad Safwan,2003-03-10
Jonty Bidois,2004-11-05
Jalmaro Calvin,2003-06-30
Benjamin Nyarko,2004-01-29
David Vujevic,2006-10-20
Peyton Miller,2007-11-08
Sofus Johannesen,2007-05-04
Amin Chiakha,2006-03-12
Gustav Knudsen,2006-07-10
Giovani Ghimfus,2005-07-12
Mihnea Rădulescu,2005-09-17
Bedirhan Çetin,2006-06-29
Shosei Usui,2001-07-20
Ukko Happonen,2007-03-13
Matias Siltanen,2007-03-29
Sebastián Urrea,2002-07-07
Hein Zeyar Lin,2000-12-08
Zwe Khant Min,2000-06-20
Yuma Tsujioka,2001-12-09
Wiktor Nowak,2004-09-20
Ryusei Sato,2003-10-24
Gift Orban,2002-07-17
Saviour Isaac,2002-01-01
Mateusz Pruchniewski,2007-02-15
Abdulaziz Al-Harbi,2003-08-13
Adrian Przyborek,2007-01-01
Sander Ravn,2007-04-08
Callum Bates,2005-09-28
Logan Erb,2004-01-07
Samuel Gidi,2004-04-15
Ryota Inoue,2000-07-25
Keisuke Tada,2002-09-27
Adrian Svanbäck,2004-06-08
Jack Whittaker,2006-10-14
Jaydon Jones,2006-11-03
Xavi Espart,2007-05-21
Marc Bernal,2007-05-26
Catalin Cucos,2003-09-29
Jon Martín,2006-04-23
Marius Lupu,1999-09-01
Giorgio Vezzosi,2007-01-14
Adam Harrison,2006-10-20
Aidan Harris,2006-12-16
Tibe De Vlieger,2005-11-05
Matte Smets,2004-01-04
Ali Kassas,2003-02-25
Tomas Sirotek,2005-07-08
Dantaye Gilbert,2004-12-03
Wayne Frederick,2004-06-13
Miguel Vázquez,2004-02-07
André Cutler,2003-05-20
Javier Roces,2005-09-10
Pedrão,2004-01-06
Lautaro Di Lollo,2004-03-10
Aiden Jarvis,2006-11-14
Khaled Al-Asbahi,2003-07-11
Ismaëlo Ganiou,2005-03-14
Luka Callø,2006-05-10
Dujuan Richards,2005-11-10
Elmer Bonilla,2003-05-10
Nelson Rodríguez,2003-06-24
Anders Hoeg,2006-03-27
Theo Bergvall,2004-09-21
Chico Gonçalves,2004-03-05
Emirhan Yiğit,2006-04-30
Tiago Brito,2004-04-16
Niels Devalckeneer,2004-05-17
Junyeop,2002-01-14
Kevin Jappert,2004-02-25
Walter Núñez,2003-02-13
Belal Al-Dawaa,2004-06-12
Mohammed Barnawi,2005-08-07
Abdulmalik Al-Jaber,2004-01-07
Osama Al-Mermesh,2003-07-06
Mohammed Al-Dawsari,2003-03-31
Mohammed Sulaiman,2004-04-08
Abdullah Al-Zaid,2004-01-08
Temmu Matsumoto,2002-09-28
Artem Korneev,2006-03-25
Abdulla Ashurov,2007-08-16
Kaoru Yamawaki,2000-12-17
Eugene Martínez,1997-10-20
Pavel Apetenok,2007-03-21
Ilano Silva Timas,2002-09-29
Isaac Pappoe,2003-12-20
Alex Opoku Sarfo,2004-10-20
Alf Lukas Grønneberg,2004-07-15
David Korherr,2002-06-24
Fadel Mansour,2002-02-21
Léo Aragão,2002-04-19
Facundo De La Vega,2003-04-15
Luca Langoni,2002-02-09
Fabricio Oviedo,2004-02-19
Hinata Yamauchi,2001-05-30
Robin González,1998-11-26
Deni Dashaev,2004-11-03
Mathias Tønnessen,2003-11-22
Eddy Davis III,2006-06-17
Lucas Kubr,2004-02-25
George Hemmings,2007-04-03
Nathanael Blair,2004-03-15
Agustín Arce,2005-01-24
Hamad Al-Habsi,1994-05-14
Yugo Okawa,2007-07-14
Shungo Sugiura,2006-05-14
Taiki Tono,2007-06-02
Yotaro Nakajima,2006-04-22
Erik Ridjan,2005-10-24
Luka Jurak,2005-07-21
Riku Gunji,2005-08-03
Adriano Jagusic,2005-09-06
Jayden Reid,2001-08-30
André Henrique,2001-12-17
David Falkner,2007-06-10
Lasse Aelbers,2007-11-01
Younes Jaber el Meftahi,2007-10-11
Jismerai Dillema,2007-02-14
Luc Nieuwenhuijs,2007-03-01
Se-jin Park,2004-03-19
Jordy Bawuah,2006-11-17
Samuel Gomez Van Hoogen,2006-01-24
Nicolas Verkooijen,2006-12-05
Adam Matysek,2007-05-30
Kanta Sekitomi,2005-10-23
Shuto Nagano,2006-04-15
Yudai Shimamoto,2006-10-26
Toya Myogan,2004-06-29
Keisuke Nakamura,2005-04-27
Soma Kanda,2005-12-29
Antonio Verinac,2004-12-27
Marwan Otaka,2002-07-07
Tijn Peters,2006-03-03
Giandro Sambo,2006-08-28
Ryan van de Pavert,2006-01-24
Solomon Agbalaka,2003-11-09
Juan Arango,2006-06-27
Khampane Douangvilay,2004-02-05
Findlay Marshall,2006-04-17
Sabil Hansen,2005-11-04
Stefan Smarkalev,2007-05-14
Adam Forrester,2005-03-31
Jannenson Sarmiento,1999-10-18
Karl Gunnarsson,2005-10-01
Anes Cardaklija,2005-07-05
Malte Frejd Pålsson,2006-02-20
Saná Fernandes,2006-03-10
Sam Amissah,2007-03-07
Julius Berthel Askou,2006-05-27
Vitus Friis,2007-03-31
Sonevilay Phetviengsy,2004-03-27
James Sissons,2007-03-26
David Osuna,2002-10-01
Mateus Amaral,2004-08-12
Maik,2005-01-03
Răzvan Creț,2006-05-29
Miguel García,2001-10-14
Daniel Danihel,2005-08-01
Geremi Perera,2004-05-25
Geoffrey Kondo,2002-05-02
Ahmed Khatir,2005-03-14
Valentín Gauthier,2003-08-08
Tristan Panduro,2008-01-10
Artem Lyegostayev,2002-08-11
Jakob Segadal Hansen,2005-06-16
Andrik Markgraf,2006-03-07
Tomás O'Connor,2004-03-25
Ian Glavinovich,2001-10-27
Khun Kyaw Zin Hein,2002-07-15
Aye Min Thu,2002-02-04
Lat Wai Bhone,2005-05-04
Antoine Joujou,2003-03-12
Friday Adams,2002-11-23
Saeed Saharkhizan,2003-06-26
Ye Yint Aung,2000-03-22
Thet Hein Soe,2001-09-29
Dahman,1998-08-16
Patrick Vuc,2004-03-11
Soufiane Bayazid,1996-11-16
Ha-jun Kim,2002-07-17
Yanela Mbuthuma,2002-02-23
Juan Manuel Cabrera,2000-03-10
Ye Yint Phyo,2003-07-26
Oakkar Naing,2003-11-18
Wafiq Danish,2005-01-13
Ali Munawwar,2004-06-30
Haziq Syamra,2004-05-26
Syafiq Hilmi Shahrom,2006-04-03
Gabriel López,2003-02-10
Gleiker Mendoza,2001-12-08
Breno Bidon,2005-02-20
Gonzalo González,2003-04-15
Dov Cariño,2003-12-18
Ramazan Bayram,2004-10-12
Trevor Benedict,2007-04-04
Matías Hernández,2005-01-06
Amando Lapage,2004-11-08
Juan Pablo Goicochea,2005-01-12
Sondre Granaas,2006-08-30
Tobías Cervera,2002-08-06
Jake Najdovski,2005-03-14
Rodrigo López,2001-11-12
Yénio Holder,2007-07-02
Justin Bourgault,2005-09-14
Alan Bród,2004-08-09
Jacob Ambæk,2008-03-28
Viggo Poulsen,2008-04-07
Mohammed Raheem,2003-08-10
Mats Egbring,2006-09-17
Seung-min Joo,2006-06-13
Yuto Tsunashima,2000-08-15
Mohammadjavad Hosseinnejad,2003-06-26
Ricardo Rorinho,2006-01-15
Freteliano,2004-08-09
Ludvig Tidstrand,2005-08-02
Oleksandr Vivdych,2003-02-22
Taiju Yoshida,2000-04-21
Sayfon Keohanam,2006-07-11
Vit Van,2003-10-14
Soknet Hav,2003-08-03
Vanneth Hout,2004-01-12
Jefry Zapata,2000-02-03
Jeppe Wijnreder,2006-02-07
Konstantinos Batos,2006-04-05
Sebastián Castillo,2005-05-06
Sotiris Kontouris,2005-02-24
Lauri Penna,2006-07-02
Kilian Toscano,2004-03-02
Juan Torres,2004-06-22
Nay Lin Htet,2002-04-23
Mike Themsen,2006-03-01
Oso,2003-07-09
Haydeer Abdulkareem,2004-08-07
Leander Alvheim,2004-09-15
Sebastian Larsen,2007-02-11
Nicolae Sula,2006-05-16
Cheveyo Balentien,2006-12-18
Dinh Bac Nguyen,2004-08-19
Sabah Kerjota,2001-08-14
Oskar Leśniak,2004-10-07
Mats Heitmann,2006-02-11
Coba da Costa,2002-07-26
Akhmed Davlitgereev,2005-02-14
Mark Assinor,2000-07-13
Charlie Gray,2006-02-22
Eyder Restrepo,1999-03-29
Ariel Castro,2005-01-07
Ivan Morozov,2005-06-04
Maksim Boldyrev,2004-03-31
Danil Kapustyanskiy,2004-10-30
Mahamadou Doumbia,2004-05-15
Eguinaldo,2004-08-09
Jan Ángulo,2001-05-01
Mihail Gherasimencov,2005-03-25
Andrej Pavlovic,2007-07-29
Jun-hyuk Moon,2005-05-21
Min-jae Park,2005-11-30
Seloh Samuel Gbato,2006-08-01
Olti Hyseni,2007-07-17
Moutaz Neffati,2004-09-04
Stefan Bitca,2005-09-27
Nathan Huygevelde,2004-01-23
Djordje Skoko,2003-06-03
Tomas Jelinek,2005-12-27
Nobel Mendy,2004-09-03
Kotaro Hayashi,2000-11-16
Diego Morcillo,2003-06-18
Niccolò Rizzo,2007-07-19
Younes Lachaab,2005-01-06
Ilyas Ansah,2004-11-08
Anthony Hernández,2001-10-11
Takuto Kimura,2000-05-16
Eduardo Águila,2002-05-17
Antoni Franke,2006-09-30
Dmytro Chernysh,2004-08-10
Mojibur Rahman Jony,2005-06-02
Omar Fayed,2003-07-04
Eyad El Askalany,2004-12-24
Aleksandar Stancic,2006-09-23
Nemanja Pivnicki,2007-02-04
Ilja Pantelin,2007-10-19
Nikita Savin,2006-01-23
Konstantinos Verris,2006-06-07
Daniil Chevardin,2006-08-22
Aleksandr Morozov,2006-04-18
Dmitriy Pestryakov,2006-12-08
Yaroslav Kysil,2003-05-31
Christian Kouam,2006-04-06
Omar Falah,2003-09-09
Elijah Gift,2006-06-11
Kevin Amaro,2004-03-03
Dmitriy Cherkasov,2006-11-07
Cascavel,2005-01-23
Michel Mboula,2003-04-30
Kirill Obonin,2006-07-05
Ibrahima Sory Bangoura,2004-01-05
Mikhail Nedospasov,2006-01-31
Daniil Silev,2006-04-29
Luka Jovanovic,2005-05-20
Panashe Madanha,2004-08-05
Patrick Dulcea,2005-02-10
Asier Osambela,2004-10-30
Alex Rahm,2003-08-10
Evert Martínez,2002-03-08
Ignat Terekhovskiy,2006-03-27
Stanislav Oleynik,2006-08-26
Ilya Ezhov,2006-02-06
Jacek Czapliński,2006-08-05
Ismaïl Seydi,2001-07-15
Kufre Eta,2004-06-10
Fallou Fall,2004-04-15
Mohammed Ayman,2005-06-09
Karl Etta Eyong,2003-10-14
Haris Berbic,2006-04-12
MyKhi Joyner,2006-08-30
Khoder Kaddour,2003-09-06
Bogdan Sheyko,2006-04-26
Henry Gómez,1995-08-05
Olger Escobar,2006-09-11
Tommaso Gabellini,2006-10-21
Nicolás Vallejo,2004-01-03
Alin Chinteș,2006-02-07
David Barbu,2006-06-26
Nicolás Valencia,2001-05-26
Steven Sacayaradjy,1997-01-22
Jaylen Lennan,2002-06-17
Nevio Zotz,2007-07-03
Jonan Tan,2006-06-27
Yvan Maye,2006-03-21
Adrián Palacios,2004-06-07
Klayver,2003-08-25
Ralph Orquin,2003-04-15
Ntando Nkosi,2004-04-30
Leyner Palacios,2003-12-07
Yannis Lawson,2004-11-22
James Wilson,2007-03-06
Renato Marin,2006-07-10
Prosper Obah,2003-11-24
Jesper Schlich,2007-07-12
Ferdinand Pohl,2007-02-02
Moussa Yeo,2004-06-01
Yegor Tsykalo,2001-09-07
Evzen Maly,2003-10-03
Luis Paz,2004-06-09
Salim Musah,2006-02-22
Cuba Mitchell,2005-11-23
Madiou Keita,2004-08-29
Daniel Jóhannesson,2007-04-03
Jakub Budnicki,2001-07-19
Tobias Breum-Harild,2007-10-25
Graham Ankamafio,2007-09-10
Noah Markmann,2007-02-24
Simon Stüker,2007-04-23
Victor Gustafsen,2007-11-14
Malte Heyde,2007-02-18
Oliver Højer,2007-01-24
William Martin,2007-04-23
Chido Obi,2007-11-29
Jonathan Moalem,2007-02-01
Jonathan Shore,2007-04-13
Yasin Özcan,2006-04-20
Kahuan Vinícius,2004-03-15
Viktor Kun,2004-07-18
Sam Culbert,2006-05-04
Berk Can Yıldızlı,2005-06-19
Christian Ordóñez,2004-07-24
Corey Armour,2006-07-12
Diesel Herrington,2004-08-04
Miro,2003-04-22
Veljko Jocic,2006-07-05
Roger Gabriel,2007-02-12
Ricardo Mathias,2006-07-25
Kenan Busuladzic,2007-02-06
Marten-Chris Paalberg,2008-10-08
Diogo Brasido,2003-05-24
Ethan Sutherland,2006-04-25
Simon Jalovicor,2005-08-23
Daniel Suchy,2005-11-04
Randy Vega,2001-12-31
Christian Bacinsky,2004-11-20
Emanuele Sala,2007-11-28
David Moreira,2004-04-18
Alexandru Gheorghe,2002-10-12
George King,2007-03-20
Trey Nyoni,2007-06-30
Daniel Barat,2006-08-16
Filip Sancl,2005-06-23
Jan Chytry,2004-05-13
Igor Krasnopir,2002-12-01
Alexander Staff,2008-06-12
Milan Kolarevic,2004-04-07
Aston Burns,2006-08-02
Zvonimir Katalinic,2004-04-15
Artem Stepanov,2007-08-10
Strahinja Lukovic,2005-10-25
Niko Sigur,2003-09-09
Dmytro Bogdanov,2007-03-06
Boubou Diallo,2003-11-04
Mirko Susak,2004-06-15
Yousuf Al-Malki,2000-08-21
Luca Ross,2006-08-11
Lazar Miladinovic,2007-11-08
Umut Keseci,2004-02-05
Christian Mba,1999-10-12
Uros Filipovic,2006-08-01
Vladan Carapic,2007-01-30
Milos Bakic,2006-01-21
Jhojan Torres,2003-01-12
Mario Dorgeles,2004-08-07
Mick Schmetgens,2007-09-09
Filip Thorvaldsen,2006-04-15
Luka Savatovic,2004-07-06
Tin Dosen,2006-04-18
Cole Mrowka,2006-04-06
Nermin Mesic,2006-01-23
Egor Koshkin,2006-05-02
Benjamin Clemmensen,2005-01-04
Mateusz Głowiński,2006-01-12
Jude Terry,2008-10-08
Mattéo Anselme,2007-04-25
Ezequiel Meili,2006-04-22
Malthe Ladefoged,2005-08-31
Adriano,2002-02-15
Raphaël Merkies,2002-04-15
Lukas Kirkegaard,2005-08-31
Alexis Steimbach,2002-07-25
Daniel Bąk,2005-10-10
Jan Ziolkowski,2005-06-05
Bartłomiej Krasiewicz,2005-11-26
Wojciech Jakubik,2005-01-23
Cyprian Popielec,2007-03-07
Bryce Jamison,2006-01-06
Sawyer Jura,2006-03-09
Ezequiel Abadia-Reda,2006-02-21
Yoram Zague,2006-05-15
Alpha Diallo,2006-02-25
Mathis Clément,2006-01-23
Elyèss Dao,2006-11-20
Stevan Siba,2006-12-31
Georgios Katris,2005-10-14
Rio Cardines,2006-07-01
Caleb Kporha,2006-07-15
Divine Mukasa,2007-08-22
Ondrej Schovanec,2006-01-13
Yusuf Akhamrich,2005-09-05
Jimmy Sinclair,2006-08-11
Kaan Akyazı,2005-08-27
Kağan Arıcan,2006-03-10
Burak İngenç,2006-04-14
Hannes Vernemmen,2005-01-08
Gustavo Silva,1999-06-01
Watts,2005-07-14
Mirko Castagnini,2007-05-24
Nicola Grandu,2006-07-15
Arda Ünyay,2007-01-18
Taha Güneş,2006-01-01
Federico Cassa,2006-02-01
Mads Bomholt,2005-12-30
Bolu Ogungbayi,2004-05-16
Ian Charles,2007-02-08
Marino Skelin,2006-09-18
Philipp Maybach,2007-12-14
Daniel Nnodim,2007-12-06
Fernando Dickes,2007-10-13
Dominik Szala,2006-04-24
Jerzy Napieraj,2005-04-26
Dzhabrail Taramov,2006-08-03
Luka Curkovic,2005-08-26
Srdjan Nedic,2006-12-27
Stephen Mfuni,2008-02-12
Zakaria Taifi,2005-10-01
Pablo Rosón,2005-06-12
Thiago Espinosa,2004-11-09
Aleksandar Radic,2006-11-15
Konstantinos Grozos,2007-03-04
Dusan Makevic,2007-04-30
Kadir Gicic,2007-07-28
Maizon Rodríguez,2003-05-22
Aidan Borland,2007-04-25
Ben Brannan,2007-01-30
Tyler Fletcher,2007-03-19
Finlay Hale,2007-01-11
Ghanim Al-Habashi,1998-08-04
Gora Diouf,2003-09-20
Fabricio Iacovich,2002-01-29
Guille Fernández,2008-06-18
Lucas Scicluna,2005-11-07
Gonçalo Sousa,2006-06-30
Kevin Pinto,2006-09-23
Rodrigo Duarte,2006-02-07
Allen Obando,2006-06-13
Rok Storman,2004-09-04
Iustin Doicaru,2007-02-07
Luca Ilie,2007-06-13
Emrecan Bulut,2002-11-26
Vitaliy Kholod,2004-01-15
Damario McIntosh,2007-08-17
James Scanlon,2006-09-28
Robert Santos,2003-07-20
Hisham Al-Dubais,2001-09-26
Rafael Tejada,2003-03-12
Kasra Taheri,2006-08-06
Amirmohammad Razzaghinia,2006-04-11
Raymond Asante,2004-05-27
Viktor Bender,2007-07-12
Hjalte Boe Rasmussen,2007-10-15
Fernando Sámano,2002-09-04
Soumaela Traoré,2004-08-01
Gendry Cuervo,2001-08-21
Darling Bladi,2004-06-11
Beres Owusu,2003-09-19
Rui Araki,2007-10-14
Nick Rothweiler,2006-06-16
Artur Shakh,2005-05-11
Yevgeniy Skyba,2003-03-25
Juraj Badelj,2003-08-24
Myroslav Serdyuk,1999-07-27
Djordje Skocajic,2006-05-26
Aboubaka Soumahoro,2005-02-04
Kendry Páez,2007-05-04
Artem Serikov,2007-05-26
Aleksey Bondarenko,2007-12-06
Artem Khmarin,2007-05-03
Artem Sidorenko,2007-01-03
Mingiyan Badmaev,2007-06-28
Darnell Eric Bile,2005-10-28
Stefan Mladenovic,2007-09-12
Sam de Laat,2006-06-12
Léo Derik,2005-07-24
Yonis Njoh,2004-01-17
Zyan Blake,2007-11-13
Mahamadou Diawara,2005-02-17
Yanis Khafi,2006-04-23
Ibrahima Diaby,2007-03-17
Oumar Camara,2007-05-11
Quentin Ndjantou,2007-07-23
Jacopo Mirra,2006-07-10
Moussa Soumano,2005-07-09
Chidera Okoh,2003-04-05
Rogelio Cortéz,2004-07-07
Mert Durmush,2005-10-25
Joseph Jones,2005-07-30
José Vanetta,2001-11-28
Johan Martínez,2002-03-15
Travis Hernes,2005-11-04
Tobias Okafor,2006-10-11
Onuralp Çevikkan,2006-01-02
Edoardo Tigani,2006-07-06
Cooper Sanchez,2008-03-26
Julian Hall,2008-03-24
Christopher Cupps,2008-05-26
Omar Marquez,2008-02-21
Luca Moisa,2008-04-20
Ayoub Al-Oui,2005-03-11
Adrian Briciu,2007-06-05
Mamadou Diakhon,2005-09-22
Furkan Orak,2001-05-28
Pablo Busto,2005-09-25
Kevin Cuesta,2000-04-16
Maroan Sannadi,2001-02-01
Mauricio Benítez,2004-02-03
Luca Lai,2006-03-29
Viggo Jeppsson,2006-03-24
Fran González,2005-06-24
Jesper Tielemans,2006-05-17
Mika van der Horst,2005-05-11
Key-Shawn Wong-A-Soij,2006-10-01
Sahil Poonia,2006-03-08
Waldo Madrid,2003-08-25
Kieran Morrison,2006-11-09
Iñaki Rupérez,2003-01-07
Jesper Zwart,2006-11-08
Geovane Meurer,2002-05-25
Baba Salifu Apiiga,2007-03-07
Ziyad Salifu,2006-06-20
Dimitri Valkanis,2005-10-18
Pietro Pinelli,2006-02-18
Reigan Heskey,2008-01-19
Filip Zivkovic,2006-08-01
Noa Skoko,2006-01-12
Roko Valincic,2006-08-18
Rajan Zlibanovic,2006-12-07
Sander Østraat,2005-02-02
Wisdom Acquah,2007-02-07
Andy Rojas,2005-12-05
Gustavo Caraballo,2008-08-29
Mauro Couto,2005-11-15
Edu Altozano,2006-10-17
Mikel Santos,2004-11-01
Asier Hierro,2005-05-06
Loren Luchino,2006-03-20
Luca Stancic,2007-01-20
Jahid Hasan Shanto,2003-06-01
Viktor Tsukanov,2006-02-04
Denys Smetana,2006-07-03
Franco Mastantuono,2007-08-14
Lisav Naif Eissat,2005-01-13
Rafael Nel,2005-04-03
Enrique Aguilar,2007-01-27
Christ-Owen Kouassi,2003-04-15
Chris-Kévin Nadje,2001-08-14
Christian Frangella,2006-10-05
Kaito Yamada,2006-08-31
Jeremy Agbonifo,2005-10-24
Lapo Deli,2006-04-25
Giorgio Puzzoli,2006-02-24
Zakaria Hawsawi,2001-01-12
Gabriele Bertolini,2006-04-11
Marwan Al-Sahafi,2004-02-17
Ali Al-Salem,1998-08-14
Edson Mucuana,2003-12-12
Petar Milutinovic,2006-12-23
Matías Casarosa,2007-08-21
Abdulaziz Noor,1999-01-18
Alessio Marcaccini,2008-10-01
Andrea Natali,2008-01-28
Matteo Palma,2008-03-13
Samuele Inácio,2008-04-02
Francesco Camarda,2008-03-10
Maximilian Ibrahimović,2006-09-22
Montrell Culbreath,2007-08-29
Ahmad Kheir El-Dine,1995-07-07
Otto Stange,2007-02-09
Jan Zíka,2006-02-02
Andreas Redkin,2007-01-19
Tarik Banjic,2008-02-02
Milos Soprenic,2008-05-13
Ali Azaizeh,2004-04-13
Ahmed Ouattara Kossonou,2003-10-16
Federico Laurelli,2004-07-10
Côme Bianay Balcot,2005-05-13
Haslane Ahmed,2001-12-28
Mustapha Isah,2004-07-23
Irfan Yadwad,2001-06-19
Stefen Tchamche,2006-01-08
Oscar Buur,2006-10-29
Pedro Budib,2004-04-07
Kostyantyn Kvas,2005-06-03
Hilary Mukundane,1997-12-22
Ivan Ljubicic,2005-06-08
Jhair Soto,2003-06-03
Andreas Siikkis,2002-01-13
Kelliano,2003-01-16
Ahmed Aiham Moosa,2003-07-21
Bikash Pradhan,2004-01-21
Georgios Kouraklis,2006-03-18
Charalampos Kostoulas,2007-05-30
Po-Chieh Hsu,2003-11-16
Kuan-Yu Kao,2005-10-08
Theofanis Bakoulas,2005-01-04
Diamanti Legisi,2006-10-20
Leonardos Kopanidis,2006-03-31
Rubio España,2004-01-11
Omar Janneh,2006-08-23
Ivan Vasiljevic,2005-01-17
Bakary Konaté,2003-04-17
Pol Arnau,2004-12-23
Javi Sarasa,2005-07-22
Juan Piera,2004-10-20
Marc Jurado,2005-12-08
Enso González,2005-01-20
Rodolfo Lippo,2004-05-13
Christopher Simon,1999-12-06
Hamed Al-Shanqity,2005-04-26
Ahmed Al-Julaydan,2004-03-08
Turki Ba Al-Jawsh,2003-11-24
Faisal Al-Subiani,2003-07-07
Emmanuel Tsimba,2006-06-22
Yaseen Al-Zubaidi,2003-04-26
Simon Caillet,2006-07-05
Ruben Salchli,2006-02-03
Keeto Thermoncy,2006-03-29
Rhodri Smith,2006-09-09
Joel Ruiz,2006-10-20
Amanuel Terfa,2003-01-23
Adrián Liso,2005-04-02
Pau Sans,2004-11-24
Ahmed Saleh,2001-01-01
Gian Stork,2007-03-12
Germán García,2004-02-01
Assane Diao,2005-09-07
Mateo Flores,2004-04-07
Rodrigo Marina,2006-07-28
Pau Navarro,2005-04-25
Jonatás Noro,2005-07-09
Ahed Al-Mashaiki,2003-05-30
Sultan Al-Marzouq,2004-10-23
Andriy Lomnytskyi,2005-10-03
Mohammed Abu Abd,2001-12-26
Issei Kumatoriya,2003-02-14
Nazar Kasarda,2005-06-27
Oleksiy Tovarnytskyi,2004-07-30
Yevgeniy Pastukh,2004-03-19
Maksym Boyko,2005-03-27
Biel Borra,2005-10-22
Iker Almena,2004-05-04
Rudi Almeida,2005-03-19
Freddie Owens,2005-09-28
Indrit Mavraj,2006-01-23
Gonçalo Moreira,2006-01-03
Nikolai Skuseth,2004-05-18
Lorenzo Venturino,2006-06-22
David Sotelo,2003-07-30
Joshua Meriño,2005-02-11
Gavin Muens,2004-10-25
Musab Al-Mamari,2000-01-22
Yoshikaze Tsunoda,2003-08-18
Mathias de Amorim,2004-12-10
Luciano González,2006-01-01
Mohamed Khaled Gouda,2005-01-26
Kenan Haroun,2006-07-05
Kacper Gutowski,2006-06-15
Mohammed Thilham,2005-11-18
Pedro Romano,2000-11-26
Oskar Annell,2005-02-15
Bilal Bafdili,2004-08-03
Deniz Gül,2004-07-02
Andrés García,2003-02-07
Cayetano Romero,2005-02-26
Marcos Navarro,2004-05-30
Jorge Cabello,2004-04-25
Carlos Espí,2005-07-24
Kareem Tunde,2005-08-19
Mouhamed Tidjane Traore,2003-03-21
Francisco Valenzuela,2007-04-13
Dine Nasuir Hamidou Ali,2000-07-21
Pau Cabanes,2005-02-17
Jan Salas,2005-08-10
Gorka Carrera,2005-05-15
Keisuke Tsukui,2004-05-21
Joe Bevan,2004-07-15
Vyacheslav Surkis,2006-02-27
Dimong Sophal,2001-03-04
Miguelito,2004-04-25
Patrik Dulay,2005-03-03
Abdoulaye Traoré,2003-06-28
Emmanuel Mensah,2004-07-10
Jefri Syafiq,2002-05-21
Grégoire Swiderski,2005-10-05
Simone Negri,2007-12-05
Petik Manukyan,2006-02-21
Miguel Sierra,2004-07-14
Paco Sanz,2004-11-15
Marcos Peña,2005-01-22
Kevin Vázquez,2001-03-19
Ayoni Santos,2005-07-18
Rik Suur,2006-11-14
Tomás Avilés,2004-02-03
Geovanni Pérez,2005-10-27
Francisco Méndez,2005-05-04
Paul Okon-Engstler,2005-01-24
Kaelan Majekodunmi,2004-02-21
James Nieuwenhuizen,2004-01-17
Egoitz Muñoz,2004-04-14
Mateusz Dziewiatowski,2007-06-28
Ángel Arcos,2006-04-18
Fer López,2004-05-24
Nico Salvador,2005-08-30
Adam Boayar,2005-10-13
Ali Houary,2005-08-05
Nordin Al Lal,2005-02-14
Andres Labie,2004-03-24
Nikita Lyzlov,2007-02-03
Joaquín Panichelli,2002-10-07
Freitas,2003-03-04
Gonzalo Morales,2003-03-04
Kenyel Michel,2004-09-17
Pontus Dahbo,2005-10-11
Regize Canistan,1997-03-25
Thibaud Sergeant,2005-09-19
Arnaud Dobbels,2005-02-02
Alfie Cresswell,2007-07-15
Tom Edozie,2006-05-18
Denis Bordun,2005-09-24
Ariel Gamarra,2003-02-26
Mauro Echegoyen,2005-03-03
Iñigo Arguibide,2005-04-19
Unai Santos,2005-11-03
Ángel Saavedra,2003-06-13
Guilherme Neiva,2001-03-15
Wesley Santos,2004-06-06
Majed Qasheesh,2001-12-04
Ahmed Al-Shamrani,2002-03-13
Marco Esteban,2006-03-01
Cheli Pereda,2005-07-05
Diego Menéndez,2005-04-27
Pascal Büttiker,2006-03-07
Martin Kriz,2004-03-13
Jacopo Grossi,2006-10-06
Dominik Pech,2006-09-04
Ali Makki,1999-04-20
Eder Aller,2007-04-04
Toni Fernández,2008-07-15
Eryk Kozłowski,2006-09-27
Kevin Picón,2004-02-24
Dimitrios Diminikos,2007-11-28
Emiliano Karaj,2005-09-19
Vasilios Rados,2005-05-26
Chrysovalantis Manos,2005-06-01
Vasilios Archontakakis,2006-10-13
Manuel Kalafatis,2005-03-23
Pachanga Kristensen,2006-12-07
Arion Sulemani,2005-03-01
Emin Durakovic,2005-07-28
Jaurès Assoumou,2002-10-17
Mateo Chávez,2004-05-12
Harry Howell,2008-04-20
Taras Mykhavko,2005-05-30
Jeevan Badwal,2006-03-11
Liam MacKenzie,2007-03-15
Alin Ciobanu,2008-02-16
Costyn Gheorghe,2008-02-09
Ricardo Căldăraru,2008-05-14
Ramon Erdei,2008-07-03
Mihai Ninaci,2008-08-26
Matei Berchez,2008-01-09
Ianis Avrămescu,2008-10-27
Sam Cleall-Harding,2006-03-26
Fritz Fleck,2007-05-30
Vadym Sydun,2005-02-10
Klearchos Vainopoulos,2005-06-01
Sankara Karamoko,2003-11-09
Bazoumana Touré,2006-03-02
Taylan Aydın,2006-02-10
Patricio Albornoz,2000-04-04
Samuel Lucero,2005-07-29
Jiwen Kuai,2006-02-28
Rabby Nzingoula,2005-11-25
Marius Nordal,2007-01-06
Mads Eikrem Myklebust,2007-07-31
Liam West,2007-12-16
Umeh Emmanuel,2004-08-31
Filip Zając,2005-08-31
Jakub Zielinski,2008-02-21
Cristian Caicedo,2002-01-04
Medin Gashi,2006-02-01
Teo Helge,2004-12-08
Noah Lahmadi,2005-01-05
Nicolas Wasbauer,2004-07-04
Ben Magnusson,2007-07-25
Måns Isaksson,2007-04-07
Neo Jönsson,2007-01-19
Nikolaj Staykov,2007-02-23
Bleon Kurtulus,2007-06-24
Matej Tuka,2007-05-18
Gentian Lajqi,2007-01-08
Jonah Kusi-Asare,2007-07-04
Zahi Addis,2003-09-11
Felix Meiser,2007-01-16
Olwethu Makhanya,2004-04-30
Musa Touré,2005-11-12
Michał Niedbała,2006-04-10
Efe Berat Töruz,2006-09-08
Till Neininger,2007-04-03
Boran Başkan,2006-03-29
Alain Taho,2007-04-30
Joshua Grant,2007-05-27
Mylo van der Lans,2007-04-11
Hilan Hamzaoui Slimani,2006-02-15
Aleksa Kuljanin,2004-01-17
Oskar Boesen,2005-05-05
Fabrício Garcia,2001-05-04
Gabriel Capicchioni,2006-05-12
Adnan Aktaş,2006-11-10
Yung-Chun Huang,2004-03-08
Chen Lin,2003-09-02
Wael Mohya,2008-12-31
Armando Güner,2008-01-07
Aziz Issah,2005-11-20
Benjamin Fredrick,2005-05-28
Egemen Aydın,2007-05-12
Mustafa Hekimoğlu,2007-04-22
Jorge Rivaldo,2003-09-28
Moses Amasi,2004-01-10
Aboubacar Traore,2004-08-20
Brayan Murillo,2004-01-27
Lassine Diarra,2002-11-11
Dro Fernández,2008-01-12
Marino Zeravica,2006-03-26
Ousmane Sow,2000-07-05
Adem Arous,2004-07-17
Sean Neave,2007-05-27
Ollie Harrison,2007-08-07
Emmanuel Biumla,2005-05-08
Matej Grahovac,2008-03-26
Ivan Pocrnjic,2008-07-10
Nikola Radnic,2008-06-10
Wagner Pina,2002-11-03
Pavle Smiljanic,2008-05-08
Petar Zvonimir Kostelac,2008-03-17
Oscar Olivier,2007-06-11
Nikolaos Tsaras,2006-03-13
Elohim Kaboré,2006-12-20
Pedro Carvalho,2003-02-14
Enes Albak,2005-05-16
Moises Paniagua,2007-08-16
Kazema Baso,2000-08-28
John Mellberg,2006-07-30
Charlie Nildén,2006-12-30
Tómas Óli Kristjánsson,2008-02-27
Viktor Dadason,2008-06-30
Jan Harustak,2005-04-16
Radoslaw Zelezny,2006-09-06
Ivan Chaban,2006-07-24
Yanis da Rocha,2004-05-10
Oumar Pona,2006-06-21
Mauricio González,2004-09-15
Keelan Adams,2001-11-13
Anisse Saidi,2008-06-20
Andrei Chirilă,2008-08-15
Jack Kortkamp,2008-01-28
Kenan Bilalovic,2005-06-22
Lucas Palavecino,2003-10-18
Amin Laoukili,2005-01-14
Jae-sang Jeong,2004-05-25
Kayode Saliman,2003-01-07
Aleksa Damjanovic,2008-12-04
Mateo Maravic,2008-01-22
Filip Matijasevic,2008-03-04
Vasilije Kostov,2008-05-11
Luka Zaric,2008-10-31
Vasilije Subotic,2008-01-05
Axl De Corte,2006-03-24
Dominik Sarapata,2007-10-25
Kacper Potulski,2007-10-19
Kamil Jakóbczyk,2007-10-23
Ionuț Cercel,2006-11-14
Vitaliy Lobko,2006-08-11
Kyrylo Osypenko,2006-01-19
Maksym Korobov,2006-03-06
Matviy Ponomarenko,2006-01-11
Danylo Khan,2006-02-17
Denys Dykyi,2006-09-04
Vladyslav Zakharchenko,2006-06-16
Lutfi Dalipi,2006-05-23
Mordomo,2004-12-08
Kiano Falcao,2006-04-11
Hossam Essadak,2005-07-30
Álvaro Rojas,2005-03-12
Juanse Rodríguez,2006-03-27
Cristhian Loor,2006-03-09
Jair Collahuazo,2006-01-21
Wesley Adeh,2007-01-08
Viggo Gebel,2007-11-22
Keny Arroyo,2006-02-14
Arthur Avom,2004-12-15
Ivan Djantou,2002-03-14
Sohan Baldoni,2003-12-03
Moses Aliro,1996-02-09
Andrés Aedo,2004-02-23
Maximiliano Porcel,2006-01-02
Valentino Acuña,2006-01-27
Gustavo Albarracín,2006-04-28
Ian Subiabre,2007-01-01
Luca Reggiani,2008-01-09
Mamadou Ousmane Diagne,2003-09-14
Lennart Karl,2008-02-22
Nasser Al-Rawahi,2001-06-26
Ayoub Ouarghi,2008-02-05
Enzo Faty,2007-03-09
Marius Courcoul,2007-01-01
Joane Gadou,2007-01-17
Mathys Angély,2007-04-21
Jules Stawiecki,2007-04-10
Seny Koumbassa,2007-06-20
Rayane Messi,2007-05-23
Yan Phillipe,2004-05-17
Vangelis Koutoukas,2006-02-07
Efthymios Papazois,2007-09-06
Rhys Youlley,2005-02-13
Dimitrios Chatsidis,2006-06-14
Daler Sharipov,2004-02-13
João Aragão,2008-03-24
Elton Hoxha,2006-04-11
Vasilios Kakionis,2006-11-12
David Galiatsos,2006-02-01
Bernardo Lima,2008-03-26
Konstantinos Charoupas,2007-09-21
Konstantinos Angelakis,2007-08-07
Michalis Pourliotopoulos,2007-02-25
Georgios Kosidis,2007-06-13
Dimitrios Bataoulas,2007-03-14
Anestis Mythou,2007-05-22
Bedri Dunga,2007-03-27
Nikolaos Tolios,2006-06-22
Luca Crăciun,2008-08-25
Raul Alecsandroaie,2008-02-13
Andrei Oancea,2008-10-31
David Pătru,2008-03-29
Nikola Curuvija,2006-06-05
Stavros Psyropoulos,2007-03-21
Christoforos Kolimatsis,2006-08-04
Damjan Djokanovic,2008-01-31
Martin Haddy,1998-04-21
Almerito,1993-09-24
Bassco Soyer,2006-10-17
Ahmet Sami Bircan,2007-01-24
Ensar Buğra Tivsiz,2007-06-11
Ege Yıldırım,2007-04-18
Ahmet Tırpancı,2007-03-19
Ege Araç,2007-02-28
Vuk Roganovic,2007-01-04
Javi Rodríguez,2003-06-27
Hugo Nunes,2002-02-15
Honest Ahanor,2008-02-23
Raffaele Huli,2008-07-30
Kris Gecaj,2008-11-14
Christos Kamtsis,2007-09-30
Tristan Vidackovic,2003-03-31
Konstantinos Lykourinos,2006-07-24
Giannis Bokos,2007-02-03
Alexandros Pothas,2006-12-11
Thiago Romano,2006-06-23
Nektarios Kaloskamis,2007-01-10
Iason Skarlatidis,2006-08-04
Rushit Zeka,2007-02-28
Argyrios Liatsikouras,2006-12-20
Christos Ligdas,2006-10-12
Stavros Pnevmonidis,2006-08-07
Axel Tape,2007-08-10
Noah Nsoki,2007-02-20
Martin James,2008-02-14
Adam Rajnoha,2008-04-14
Lewis Latona,2006-09-04
Arda Çağan Çelik,2005-03-29
Kaden Braithwaite,2008-02-08
Seth Ridgeon,2008-09-12
Ife Ibrahim,2008-01-20
Ayden Heaven,2006-09-22
Jakub Kolisek,2007-08-14
Simon Sloncik,2007-05-15
Noah Edjouma,2005-10-04
Ayoub Oufkir,2006-01-04
Mehedi Hasan Srabon,2005-08-12
Radek Büchner,2007-01-03
Lukas Franc,2008-06-24
Sebastian Pech,2009-01-05
Adam Novak,2008-06-28
Petr Potmesil,2008-01-19
Giulio Vinciati,2007-08-29
Marco Cassin,2008-04-07
Cristiano De Paoli,2008-01-27
Antonio Pirrò,2008-01-28
Matviy Panchenko,2006-02-04
Gonçalo Oliveira,2006-07-04
Daan van Reeuwijk,2007-05-09
Lacine Koné,2002-11-01
Timur Tuterov,2005-06-11
Wojciech Banasik,2006-05-08
Eamonn McCarron,2007-09-14
Quazem Shah,1998-10-25
Arman Foysal Akash,2004-01-13
Izak Akakpo,2004-02-28
Diego Torres,2004-03-26
Domagoj Begonja,2005-06-07
Ruari Ellis,2006-08-29
Amil Siljevic,2007-01-19
Mikkel Løndal,2006-05-31
Frederik Damkjer,2007-07-31
Nicolai Dybdal,2007-02-26
Adrián Malovec,2007-11-08
Sebastian Zajac,2007-10-31
Abdullah Omar,2002-10-17
Timofey Marinkin,2008-06-02
Aleksandr Temirov,2008-05-21
Danial Eiri,2003-10-26
Nicholas Guimarães,2006-08-09
Muhammed Bah,2007-02-24
Tariq Al-Sadi,2006-06-27
Saheed Olagunju,2007-01-07
Trey Samuel-Ogunsuyi,2006-12-26
Arón Rodrigo,2004-10-07
Pablo Agudín,2007-11-08
Eduardo Felicíssimo,2007-01-08
Richard Akonnor,2004-02-06
Deniz Ofli,2007-03-29
Pavlo Stefanyuk,2005-07-06
Mohamadou Kanté,2005-09-20
Ante Kavelj,2005-08-26
Josh Gentles,2007-09-26
Bernardo Conde,2006-09-26
Charlys,2004-02-19
Dyogo Alves,2004-01-09
Pedro Felipe,2004-05-23
Gustavo Mancha,2004-07-25
Vinicinho,2004-02-20
Fabrício Yan,2004-02-10
Wallace Yan,2005-02-08
Kayke,2004-04-28
Kauan Faria,2003-04-07
Amorim,2005-05-18
Italo Vargas,2002-10-13
Newerton,2005-06-03
Ryan Carlos,2002-05-14
Gennadiy Synchuk,2006-07-10
Findlay Curtis,2006-06-09
Lilian Baret,2006-05-25
Pablo Ruan,2003-02-01
Isaac,2004-03-26
Tiago,2005-04-08
Lior Kassa,2005-09-27
Ivan Pakholyuk,2004-04-27
Jonathan Jesus,2004-05-27
Henrique Silva,2005-10-17
Murilo Rhikman,2006-03-13
Bruno Alves,2005-08-04
André Miranda,2007-09-25
Nathan Fernandes,2005-02-16
Davi Schuindt,2004-04-26
Luke Rawlings,2008-04-04
Niko Sepic,2006-02-06
Juan Bezerra,2003-02-16
Cauan Barros,2004-05-06
JP,2005-04-19
Lucas Eduardo,2004-01-13
Arielson,2004-09-05
Gustavo Reis,2005-06-10
Marcelinho Braz,2004-08-16
Talisson,2002-05-21
Fernando Costa,2004-02-01
Gustavo Neves,2004-04-23
Enzo Monteiro,2004-05-27
Wisdom Mike,2008-09-24
David Antunes,2005-08-17
Karim Coulibaly,2007-05-23
Robert,2005-04-13
Plamen Penev,2008-04-22
Kaloyan Bozhkov,2008-02-01
Josué Souza,2005-04-25
Zé Guilherme,2005-03-16
Elia Plicco,2007-02-01
Miguel Freckleton,2003-08-06
Julián Kadijevic,2004-01-27
Juan Gallego,2004-10-26
Matt Evans,2006-05-25
Bendito Mantato,2008-01-25
Frédéric Efuele Ngoyala,2005-02-20
Gaëtan Bakhouche Piernas,2005-02-14
Furkan Koçak,2008-03-02
Antoni Klukowski,2007-04-02
Souza,2006-06-16
Gustavo Nunes,2005-11-20
Kaick,2005-11-29
Erick Nunes,2004-02-29
William Kirk,2007-01-13
Mikkel Øxenberg,2007-01-25
Idris Mohamed,2003-11-25
Nouroudine Faye,2007-01-03
Giovanni Leoni,2006-12-21
Gabriel Moscardo,2005-09-28
Jussef Nasrawe,2007-03-22
Rodrigo Dias,2005-07-12
Aldahir Pérez,2004-10-04
Christopher Figueroa,2003-08-24
Isac Galván,2005-03-14
Fernando Ordóñez,2001-06-02
Isaias Galván,2005-03-14
Bernardo Parra,2005-01-06
Sebastián Fierro,2001-08-17
Gilberto Adame,2004-11-01
Ramiro Franco,2003-10-25
Abdelraffie Benzzine,2006-04-04
Yamano Olfers,2006-08-02
Leonardo Rodríguez,2004-07-01
César Sosa,2004-04-23
Jan Carlo Carmona,2004-04-21
Abdou-Salam Konate,2006-11-25
Benjamin Laturnus,2003-12-30
Woo-jin Choi,2004-07-18
Malanga Horso Mwaku,2003-11-12
Oscar Kabwit,2005-05-05
Paulo Ramírez,2002-10-16
Israel Larios,2003-05-11
Óscar García,2003-07-02
Sebastián Santos,2003-01-21
Jorge Berlanga,2003-07-18
Emilio Rodríguez,2003-04-21
Oswaldo Virgen,2005-04-07
Pablo Monroy,2002-07-22
Juan Pérez,2004-07-25
Jordan Barrera,2006-04-11
Ramiro Árciga,2004-08-30
Omar Moreno,2005-01-30
Emmanuel Echeverría,2003-10-04
Myeong-kwan Seo,2002-11-23
Tarek Alaa,2002-01-05
Rayan Lucas,2005-01-03
Lucas Furtado,2005-03-09
Tobias van den Elshout,2007-02-02
Tijmen Holla,2006-07-25
Anthony Bermont,2005-02-10
Arsène Kouassi,2004-01-02
Yassir Salah Rahmouni,2006-06-13
Brayan Caicedo,2006-08-14
Villum Berthelsen,2006-04-14
Jemuel Erat,2007-09-02
Jinairo Johnson,2007-04-08
Isaac Yawe Höök,2007-04-03
Shak Mohammed,2003-08-27
Enzo Boer,2005-01-06
Teo Novak,2007-08-14
Roberto Malfitano,2007-06-18
Soumaïla Diabaté,2004-11-22
Salokhiddin Irgashev,2003-07-03
Gabriel Carvalho,2007-08-17
Aboubacar Cisse,2004-02-20
Moïse Bombito,2000-03-30
J.C. Ngando,1999-11-20
Brandon Cambridge,2002-02-09
Duncan McGuire,2001-02-05
Stephen Afrifa,2001-02-19
Patrick Agyemang,2000-11-07
Kayky Almeida,2005-05-01
João Lourenço,2005-07-15
Joi Nuredini,2007-08-05
Remy Rees-Dottin,2006-03-06
Gonçalo Maia,2005-11-30
JP Chermont,2006-01-18
Rodrigo Falcão,2005-03-23
Gabriel Bontempo,2005-01-16
Aref Al-Haj,2001-05-28
Jean Pedroso,2004-01-28
Da Silva,1999-11-16
Leoni Gastaldelo,2003-03-21
Sergi Solans,2003-02-26
Lucas Ronier,2004-11-26
Éberth,2003-06-19
Soben Khoan,2004-10-04
David Braga,2001-12-11
Telli Siwe,2004-12-14
Romelle Donovan,2006-11-30
César Lugo,2003-05-15
Luis Jiménez,2004-08-27
Víctor Arteaga,2004-02-26
Miguel Paul,2003-10-13
Zé Breno,2004-06-06
Mousslim Youssouf,2006-01-09
David Okoromi,2002-04-08
João Almeida,2006-01-16
Bruno Ramos,2005-01-18
Anthony,2005-07-12
Naif Masoud,2001-03-08
Luke Supyk,2006-03-04
Marley Leuluai,2006-11-08
Matthew d'Hotman,2006-04-03
Anaru Cassidy,2006-02-26
Gabriel Sloane-Rodrigues,2007-07-03
Muath Fagihy,2002-05-30
Mobarak Al-Rajeh,2003-08-01
Anísio Cabral,2008-02-15
Taha Habroune,2006-02-05
Wilmer Andersson,2005-04-28
Caio Magalhães,2004-11-10
Robinho,2002-08-07
Gustavo Talles,2003-07-14
Gui,2006-05-13
Michael Parker,2004-12-18
Aranha,2005-02-07
Gilberto Junior,2005-03-27
Dantas,2004-07-25
Zacharias Papadimitriou,2004-02-18
Reda Laalaoui,2005-05-11
Eivind Kolve,2004-10-22
Alexander Smith,2008-06-26
Tyson Pearce,2007-08-12
Adyn Torres,2007-11-13
Diego Espinosa,2004-07-02
Víctor Ríos,2004-02-11
Jorge San Martín,2004-08-10
Sergio Hernández,2004-05-02
Alán Bautista,2002-06-11
Owen González,2003-07-20
Chiqueti,2005-09-02
Luis Valadez,2004-02-04
Sergio Aguayo,2002-11-24
Diego Sánchez,2005-04-12
Ricardo Juárez,2005-09-03
Hugo Leonardo,2004-01-19
Kauan,2003-04-27
Kparobo Arierhi,2007-01-11
Alan Sandoval,2005-02-27
Daniel Márquez,2005-04-29
Noah Fernandez,2008-01-09
Gerardo Serralde,2005-03-13
Arez Pérez,2004-04-29
Arath Moreno,2005-11-19
Iker Fimbres,2005-06-02
Jhonnatan Silva,2005-02-22
Khari Ranson,2007-09-13
Benassi,2003-12-17
Diego Arriaga,2004-04-30
Ángel Chávez,2005-02-19
Kadu Santos,2005-08-16
Edson Kauã,2004-01-09
Tico,2006-09-21
Diego Borges,2004-12-15
Christopher Castro,2005-06-24
Dániel Pintér,2007-06-06
Renan Santana,2005-03-13
Bruno Salgado,2005-02-15
Juan Cázares,2005-07-16
Isac,2006-04-02
Lenin Rodríguez,2004-01-31
Lanroy Machine,2005-10-13
Philip Bonde,2003-12-08
João Bom,2005-05-21
Kaïl Boudache,2006-06-15
Ayyoub Bouaddi,2007-10-02
Everton Maceió,2003-07-14
Rafael Lobato,2006-02-23
Pedro Martínez,2001-10-30
Ángel Azuaje,2004-09-25
Julián Bazán,2005-11-25
Ervin Vaca,2004-03-18
Diego Arroyo,2005-04-29
Lautaro Godoy,2003-03-15
Martin Hellan,2003-08-17
Jurgen Peci,2007-01-02
Javier Mena,2005-09-18
Linda Mtange,2002-11-26
Simen Haram,2005-01-26
Kelvin Flórez,2004-02-07
Sebastián Hernández,2004-03-13
Kitika Jima,2000-08-27
Birhanu Bekele,2001-02-03
Jordan Lauton,2003-04-01
Mouad Al-Mansouri,1993-08-29
Ousmane Diao,2004-06-08
Panagiotis Kikianis,2005-03-08
Marcus Younis,2005-07-03
Cléo Mélières,2005-04-13
Yael Trepy,2006-05-20
Thiago Dombroski,2002-06-20
Álvaro de la Rosa,2005-04-08
Franco Rossano,2005-07-27
Milan Lexa,2004-08-21
Yusuf Akçiçek,2006-01-25
Taiwo Abdulrafiu,2002-04-20
Alex Oyowah,2004-01-07
Gustavinho,2005-04-07
Lluc Castell,2006-09-19
Iván Román,2006-07-12
Justin Kalumba,2004-12-25
Abdulaziz Al-Awairdhi,2002-04-05
Joseph Mangondo,2005-08-06
Giovany Herbert,2005-03-12
Said Godínez,2004-10-26
Konstantinos Lagoudakis,2008-01-15
Juan Betancourth,2004-02-24
José Silva,2005-08-20
Heiler Mosquera,2003-02-05
Daniel Zapata,2003-12-14
Ryan Kalms,2006-06-22
Bilol Boboev,2006-06-30
Giannino Vianello,2007-06-10
Fabián Charales,2004-07-12
Andrés Alarcón,2001-05-19
Eseosa Sule,2006-04-01
Raul García,2004-03-13
Yvann Konan,2007-01-16
Badmus Nurudeen,2003-12-11
Manuel Tasso,2001-03-05
Diego Barrera,2004-06-28
Ismael Maiga,2003-11-23
Zacharias Tsagarakis,2007-08-17
Marius Louër,2007-03-11
Royner Benítez,2005-06-21
Davide Pavesi,2008-02-15
Kelvin Nkrumah,2007-09-11
Jorge Rodarte,2004-04-23
Christian Akpan,2005-01-29
Manuel Brondo,2002-02-25
Alan Sosa,2003-05-05
Prosper Peter,2007-08-09
Juan Pablo Ludueña,2003-02-11
Anthony Dennis,2004-06-21
Victor Ekström,2003-01-28
Benjamin Pauwels,2004-10-29
Agustín Albarracín,2005-08-29
Rojendro Oudsten,2007-11-12
Semeu Commey,2004-05-12
Isa Prins,2005-07-12
Kenshin Yuba,2000-10-12
Peter Antoniou,2007-01-29
Zach De Jesus,2006-02-04
Mitch Glasson,2006-05-04
Andriano Lebib,2006-01-29
Sotiri Phillis,2006-08-11
Fabian Talladira,2006-02-04
Vincent Augustus,2006-05-03
Martín Krug,2006-07-09
Érick Díaz,2006-03-04
Julián Martínez,2003-12-01
Juan Viveros,2003-11-26
Kerem Yandal,2006-05-09
José Arroyo,2006-04-29
Samir Inda,2007-10-07
Joaquín Moxica,2006-01-27
Israel Tello,2006-01-18
Nicholas Simmonds,2006-12-17
Enes Emre Büyük,2006-05-08
Raúl Patrón,2004-03-30
Daniel Aguilar,2003-12-12
Daryl Leunga Leunga,2008-06-09
Jorthy Mokio,2008-02-29
Nathan De Cat,2008-07-19
Mohammed El Âdfaoui,2008-02-28
Lucca Brughmans,2008-06-27
Juan Pertuz,2004-09-04
Tobias Bovone,1999-11-30
Maksim Radchenko,2007-06-15
Mattia Magalotti,2008-03-08
Evans Botchway,2006-02-23
Joel Bertolissio,2003-05-27
Job Ochieng,2003-01-17
Rasmus Niklasson Petrovic,2003-05-17
Aleksa Radonjic,2005-10-24
Nahuel Barboza,1999-09-16
Cristian Neicu,2004-11-03
Mamedi Doucouré,2007-01-19
Rahul Suresh,2004-06-04
Kacper Plichta,2007-02-10
Michael Sambataro,2002-12-04
Damián Puebla,2002-09-15
Santiago Fernández,2005-03-30
Joab Gutiérrez,2006-03-31
Andrei Dumitru,2006-10-28
Tony Algarin,2007-01-20
Sinoxolo Kwayiba,2000-02-15
Daniel Graskoski,2007-01-28
Tochukwu Raymond,2003-11-30
Enzo Molebe,2007-09-18
Mateo Zuleta,2002-06-07
Juan Valencia,2004-04-09
Kevin Tamayo,1999-10-27
Ji-hun Joung,2004-04-09
Alan Vélez,2003-05-31
Ime Okon,2004-02-20
Taonsa Axel,2004-02-07
Noa Mikic,2007-01-27
Santiago Pérez,2004-05-08
Mohamed Ouédraogo,2003-01-02
Calum Adamson,2007-08-07
Ezra Mayers,2007-01-16
Harrison Armstrong,2007-01-19
Hyeon-woo Jeong,2004-02-09
Sabit Ngor,2001-01-05
Mohammadmehdi Zare,2003-01-25
Deniz Zeitler,2006-12-13
Amara Nallo,2006-11-18
Luciano Maidana,2002-06-14
Eugenio Raggio,2001-08-31
Cheick Oumar Konaté,2004-04-02
Santiago Salle,2004-06-04
Jerónimo Barrera,2004-08-04
Santiago Cuero,2004-07-30
Mihailo Todosijevic,2007-11-27
Ayoub Akabou,2007-05-25
Adetunji Rasaq Adeshina,2004-12-02
Luciano Paredes,2002-09-09
Aleksandr Guboglo,2007-03-20
Reggie Walsh,2008-10-20
Malachi Hardy,2008-03-10
Rio Ngumoha,2008-08-29
Landon Emenalo,2008-01-18
Luca Williams-Barnett,2008-10-01
Harry Gray,2008-10-08
Alejandro Gomes Rodríguez,2008-03-11
Airidas Golambeckis,2007-11-04
Andy Batioja,2006-01-31
Jeh,1999-10-24
Victor,2006-05-03
Tiago Quintal,2006-06-16
Miguel Di Pizio,2006-01-04
Vadim Shilov,2008-03-15
Efim Burkin,2008-04-15
Daniil Kondakov,2008-03-06
Thabang Matuludi,1999-01-14
Lachlan Bayliss,2002-07-24
Casian Soare,2006-11-24
Isak Sjong,2007-01-08
Mohammed Harbush,2003-04-24
Karel Spacil,2003-05-18
Nathan Paull,2003-08-21
Hayden Matthews,2004-06-19
Ben Gibson,2003-01-03
Clayton Taylor,2004-03-01
Gus Hoefsloot,2006-03-13
Ryota Kuboniwa,2001-10-14
Ariath Piol,2004-10-11
Frans Deli,2005-07-08
Dylan Niski,2000-01-03
Diego Mastrángelo,2002-11-07
Bruno Damiani,2002-04-18
Ibrahim Osman,2004-11-29
Markus Walker,2006-11-23
August Ljungberg,2005-05-13
Edoardo Morucci,2007-01-12
Phouluang Vinnavong,2005-01-12
Phetvixay Phimmasen,2005-01-08
Chittakone Vannachone,2004-12-24
Bounpheng Xaisombut,2005-02-05
Phousomboun Panyavong,2007-06-20
Diego Crego,1997-06-19
Alexander Warneryd,2005-08-21
Leozinho,1998-12-05
Sodikdzhon Kurbonov,2003-01-19
Nicholas Duarte,2003-12-16
Bailey Brandtman,2005-06-28
Alex Robinson,2005-03-09
Oliver Randazzo,2006-11-12
Dylan Peraić-Cullen,2006-07-25
Jesse Cameron,2005-08-11
Abdul Faisal,2005-10-27
Baboucarr Faal,2003-04-03
Mamour Ndiaye,2005-10-22
Mamadou Gning,2006-12-22
Kennynho Kasanwirjo,2008-01-04
Pharell Nash,2008-02-07
Sean Steur,2008-01-11
Jaygo van Ommeren,2008-05-08
Max Nilsson,2005-03-11
Christos Esketzis,2006-08-18
Karamba Gassama,2005-01-02
Jeison Mena,2002-09-16
Owen Panneflek,2006-10-04
Filip Beckman,2003-02-10
El Hadji Malick Diouf,2004-12-28
Kingstone Mutandwa,2003-01-05
Mathews Banda,2005-08-06
Rogers Torach,2003-06-23
John Paul Dembe,2005-07-03
Patrick Kakande,2003-04-25
Juan Romero,2005-06-15
Keimer Sandoval,2005-09-03
Ibrahima Seck,2004-05-19
Ibou Sané,2005-03-28
Sadibou Sané,2004-06-10
Junior Ajayi,2004-10-11
Iván Corralejo,2007-05-01
Mahmudu Bajo,2004-08-15
Rodolfo Aloko,2006-12-26
Zane Schreiber,2005-05-31
Will Kennedy,2005-02-14
Rikuto Ishio,2001-08-07
Muhannad Al-Yahya,2004-09-19
Ammar Al-Khaibari,2004-09-03
Suhayb Al-Zaid,2004-08-12
Callum Penman,2007-05-05
Yefrei Rodríguez,2005-05-11
Jesús Guillén,2005-06-21
Vitor Vargas,2004-03-08
Tiago Gabriel,2004-12-26
Jhoan Hernández,2006-02-20
Emeka Adiele,2007-07-31
Hadji Issa Moustapha,2003-12-04
Kirill Pomeshkin,2004-03-21
David Matei,2006-07-19
Andrew Privett,2000-08-02
Sattam Al-Tumbukti,2001-09-04
Charbel Shamoon,2004-02-10
Youssef Hamdaoui,2008-03-20
Jacob Devaney,2007-06-11
Pramveer,2007-06-20
Vasilije Markovic,2008-05-12
Chris Rindov,2001-10-08
Frano Vlasic,2006-02-25
Anas Tajaouart,2005-09-07
Angelos Vyntra,2008-02-26
Kojo Peprah Oppong,2004-06-04
Malakai Lavecake,2004-02-25
Mykyta Minchev,2003-10-05
David Irimia,2006-05-12
Alexandru Irimia,2006-05-12
Patrice Covic,2007-06-25
Taufik Seidu,2008-01-20
Ali Hajabi,2004-05-02
Raul Rotund,2005-11-17
Ichika Maeda,2006-06-16
Isaac Walker,2000-07-03
Felipinho,2001-10-18
Mauricio Cardillo,2003-03-11
Vaclav Zahradnicek,2006-02-26
David Macharacek,2006-04-19
David Grygera,2005-06-21
Arthur Gabriel,2005-09-04
Krystof Karban,2004-07-04
Tomás Adoryán,2001-09-22
Joris Boguo,2007-10-17
Aleksa Trajkovic,2007-01-23
Jovan Vojnovic,2007-08-31
Vanja Tomic,2005-07-15
Luis Engelns,2007-03-11
Justin Vidic,2004-04-29
Guilherme Luiz,2005-04-25
Mohamed Seck,2006-04-20
Kevyn Monteiro,2005-09-13
Larson,2005-07-10
Diego Esser,2005-04-13
João Loiola,2005-04-14
Kevyn,2005-07-01
Samuel,2006-02-09
Miłosz Kozik,2004-12-18
Artur Andreichyk,2005-08-30
Samuel Bong,2005-09-25
Ly Duc Pham,2003-02-14
Endre Osenbroch,2004-05-12
Philippe Ndinga,2005-06-03
Ange Lago,2004-12-27
João Alencar,2007-06-25
Hammam Al-Hammami,2004-01-30
Abdullahi Bewene,2004-11-29
Harry Politidis,2002-06-28
Sebastian Esposito,2005-04-21
Pavlos Kenourgiakis,2008-03-06
Emmanuel Uchenna,2003-12-04
Alejandro Mestanza,2004-12-07
Fynn Schenten,2007-09-14
Amaury Morales,2005-12-03
Arlen Banguero,2000-03-24
Samir Mayo,2003-01-30
Juan Arizala,2005-10-10
David Santos Daiber,2007-01-10
Habib Coulibaly,2003-11-11
Franco Rossi,2002-06-26
Anwar Ben Rhouma,2005-04-03
Pablo Felipe,2005-06-19
Lucas Meuli,2001-06-30
Joaquín Mosqueira,2004-11-01
Gabriel Obredor,1997-01-06
Alexandru Bota,2008-03-31
Mikołaj Molendowski,2007-02-19
Bartosz Mazurek,2007-01-03
Jan Leszczyński,2007-04-12
Maciej Kuczyński,2007-02-01
Benjamin Dunbar,2006-01-28
Liam Bonetig,2005-08-20
Ryan Warner,2005-10-27
Julio Fidelis,2006-11-06
Kauã Elias,2006-03-28
Gonzalo Escudero,2007-04-01
William Thomason,2002-06-28
Enri Mukba,2005-09-22
Juan Ramirez,2002-05-24
Steeve Kango,2006-12-09
Christopher Bonsu Baah,2004-12-14
Herba Guirassy,2006-08-29
Louis Leroux,2006-01-23
Nicolas Trabucchi,2007-08-17
Guy-Noël Zohouri,2007-02-01
Daren Mosengo,2006-08-11
Enzo Koffi,2006-03-04
Samy Merzouk,2006-09-28
Abdelmajid Djae,2005-06-03
Morgan Costarelli,2005-04-28
Tahirys Dos Santos,2006-06-30
Valy Konaté,2006-11-14
Vetle Auklend,2005-03-22
Matyas Moucka,2006-09-27
Endika Buján,2003-01-16
Yakhya Magomedov,2007-04-06
Freddie Simmonds,2008-03-09
Juan Castaño,1998-08-29
Gonzalo Requena,2003-03-04
Kwadwo Opoku Ackah,2005-05-12
Renji Hidano,2003-12-01
Yota Fujii,2006-01-16
Jacob Nasso,2006-07-25
Stanisław Pruszkowski,2004-07-22
Juma Bah,2006-04-11
Anton Matkovic,2006-02-19
Marko Zebic,2007-01-08
Denys Gryshkevych,2005-06-01
Oleksiy Vorobyov,2007-04-07
Denys Khmelyovskyi,2006-02-19
Aydan Hammond,2003-12-23
Mykyta Aleksandrov,2004-10-26
Al-Faraj Al-Kiyumi,2001-07-17
Khalid Al-Ghatrifi,2002-12-03
Aaron Bibout,2004-09-09
Dante Williams,2003-11-19
Sidney Paris,2002-04-26
Jayden Lienou,2008-04-08
Finn McKenlay,2005-09-04
Josef Kolarik,2007-01-16
Masato Shigemi,2001-09-20
Yumeki Yokoyama,2005-09-23
Sebastian Wändin,2005-09-06
Matheus Soares,2005-01-10
King Faisal,2004-07-06
Noah Dollenmayer,1999-10-26
Santi Rublico,2005-08-16
Charlie Stevens,2007-05-31
Braiden Graham,2007-11-07
Jack Neeley,2005-03-11
Argus Vanden Driessche,2007-04-22
Caio,2000-12-15
Bogdan Bogdanovic,2008-01-07
Veljko Zuric,2008-05-28
Dimitrije Saric,2008-11-04
Moisés Hernández,1998-05-26
Abubeker Nuri,1999-06-10
Ruslan Pichienko,2008-04-23
Adem Sipic,2006-04-05
Sebastian Gomez,2006-05-21
Nicolás Barros Schelotto,2006-09-22
Fabricio López,2002-11-21
Fitzroy Cummings,1997-11-23
Leart Kabashi,2007-11-29
Théo Radelet,2007-11-15
Pema Zangpo,2005-03-24
Kinzang Tenzin,2005-05-28
Nickalia Fuller,2004-12-16
Arian Moslavac,2006-10-27
Teo Kolar,2007-01-24
Alama Bayo,2006-02-02
Loukas Stamellos,2008-03-28
Christantus Uche,2003-05-19
Iker Monreal,2005-07-03
Riccardo Radu,2007-08-07
Ángel Pérez,2002-06-08
David Fernández,2006-01-05
Riquelme Fillipi,2006-09-15
Leon Bosnjak,2006-01-23
Marcelo Torrez,2006-07-08
Kaheim Dixon,2004-10-04
Kaito Matsuzawa,2001-02-05
Niko Vucetic,2006-04-07
Marvin Dills,2007-04-25
Andreas Verstraeten,2006-01-10
Relebohile Mofokeng,2004-10-23
Shafiq Nandja,2007-01-15
David Andersson,2003-09-16
Tomotaro Sasaki,2007-03-23
Ryuki Osa,2007-10-13
Kaede Suzuki,2007-06-05
Yuta Sugawara,2007-09-07
Divine Chinedu Otani,2007-05-04
Shunsuke Hayashi,2007-05-29
Noriharu Kan,2007-04-11
Elías Montiel,2005-10-07
Promise Meliga Jr.,2007-08-21
Moctar Diop,2005-01-06
Jordan Simpson,2003-08-16
Kirill Stepanov,2006-08-04
Yudong Wang,2006-11-23
Chengyu Liu,2006-07-02
Marcel Reguła,2006-10-26
Alexander Romero,2002-09-04
Jiri Stefan,2006-07-09
Filip Dornak,2006-07-23
Oscar Sjöstrand,2004-11-08
Jack Tagesson,2005-01-01
Håkon Volden,2007-05-25
Agustín Quiroga,2002-04-06
Alenis Vargas,2003-12-04
Hiroaki Hagi,2007-06-12
Shimon Kobayashi,2008-01-23
Hikaru Ogawa,2007-06-24
Gaku Nawata,2006-07-29
Hayato Watanabe,2007-04-06
Sota Onishi,2007-04-12
Taiga Seguchi,2008-01-10
Kento Hamasaki,2007-06-16
Michał Jerke,2006-01-13
Sen Takagi,2002-03-14
Sebastian Guiu,2006-03-12
Maiken González,2006-05-11
Penisoni Tirau,1993-01-26
Hiroto Noda,2006-04-05
Tomás Olmos,2005-01-22
Mauricio Roldán,2005-02-10
Anton Kurochkin,2003-07-20
Malcolm Jeng,2005-03-09
Matthew Grimaldi,2003-11-28
Mohammed Al-Abdullah,2002-07-13
Sebastián Liceaga,2007-04-11
Dennis Ramírez,2007-06-04
Luis Gómez,2007-01-02
Owen Elding,2006-03-07
Thiago Fernández,2004-04-03
Matheus Alves,2005-03-05
Jhoiner Salas,2003-10-08
Sergio Aponzá,2005-07-28
Kimani Stewart-Baynes,2005-01-17
Ethan Schilte-Brown,2005-06-01
Hakim Karamoko,2005-11-01
Nikolay Koserik,2007-05-28
Shean Barbosa,2004-04-07
James Hilton,2002-09-16
Eivind Helland,2005-04-25
Mishaal Al-Dawood,2008-02-08
Mohamed Al-Sarnukh,2007-05-18
Abdul Aziz Al-Fawaz,2008-03-28
Turki Al-Madani,2007-11-05
Abdulrahman Al-Otaibi,2008-02-05
Alberto Vogtmann,2006-03-10
Salim Laghzaoui,2005-11-07
Sander Kilen,2005-05-30
Bendegúz Kovács,2007-03-31
Soma Anzai,2002-09-29
Kalani Kossa-Rienzi,2002-06-27
Israel Isaac Ayuma,2005-08-08
Charles Adah Agada,2006-09-03
Salim Fago Lawal,2003-01-15
Momoh Kamara,2005-05-06
Andrej Vasovic,2007-10-14
Kornel Misciur,2007-04-27
Mateo Castillo,2003-05-13
Kazuki Fukushima,2007-04-27
Dmytro Godya,2005-03-10
Yuri Casermeiro,2002-03-12
Samir El Mourabet,2005-10-06
Eid Al-Muwallad,2001-12-14
Eser Gürbüz,2007-03-06
Kristian Lonebu,2006-02-18
Jacob Bartlett,2005-10-07
Eran Tuypens,2005-12-07
Kirill Danilov,2007-08-12
Abdulwahid Al-Nakhli,1997-07-01
Mirza Catovic,2007-05-01
Pladi N'Zinga Pambani,2007-03-17
Ibrahim Yayiya Kanté,2007-03-18
Robinio Vaz,2007-02-17
Nahuel Arias,2005-01-02
Lucas Lavagnino,2004-08-22
Cihan Memik,2007-08-31
Jassim Al-Oshbaan,1994-08-06
Saud Al-Rashid,1998-05-17
Mohammed Sawaan,2000-08-09
Sultan Al-Shehri,1995-07-03
Marcos González,2006-01-10
Naru Nakatsumi,2007-12-19
Shion Nakayama,2007-10-16
Soichiro Mori,2007-06-29
Ben Hawighorst,2008-03-01
Jeremiah Mensah,2008-02-21
TJ Carroll,2007-03-22
Jack Porter,2008-07-15
Emiliano Saliadarre,2002-05-05
Tenshiro Takasaki,2006-02-13
Vincenzo Prisco,2008-08-07
Carlos Frayde,2004-04-19
Tanner Rosborough,2008-03-21
Joshua Inserra,2005-01-21
Ibrahim Kanaté,2006-10-23
Mahamoud Barry,2006-06-11
Baye Coulibaly,2006-01-08
Viggo Plantinga,2007-05-18
Diogo Bagüí,2005-03-20
Jakub Żewłakow,2006-12-02
Luca Bărbulescu,2007-03-31
Zaid Ismail,2002-01-03
Jovan Ivanisevic,2005-01-19
Lovro Kitin,2007-02-03
Ivano Kolarik,2007-05-20
Nikolas Simic,2007-07-12
Roko Pavlovic,2007-01-08
Andro Sokac,2007-09-20
Matija Subotic,2007-12-18
Andrey Tsitsilin,2007-10-30
Jeinner Fuentes,2005-05-07
Mamadou Diallo,2007-02-21
Abdou Aziz Fall,2007-02-20
Yaya Diémé,2007-10-16
Lamine Sadio,2007-12-24
Souleymane Alio,2006-10-28
Herman Opsahl,2008-01-22
Mostafa Najafzadeh,2008-01-26
Angel Yondjo Matah,2007-02-10
Harouna Djibirin,2006-11-05
Stéphane Noumbissie,2006-12-25
Yahaya Lawali,2006-06-05
Emmanuel Michael,2006-06-16
Umar Abubakar,2006-02-15
Simon Karshe Cletus,2008-02-10
Issa Traoré,2007-11-14
Sékou Koné,2006-02-03
Brad-Hamilton Mantsounga,2007-09-06
Romário Cunha,2008-03-21
Daniel Banjaqui,2008-03-24
Cardoso Varela,2008-10-29
Artem Gusol,2006-01-05
Hamza Koutoune,2006-09-17
Abdelhamid Ait Boudlal,2006-04-16
Fouad Zahouani,2006-04-18
Joseph Liteta,2006-02-22
Daniil Vashchenko,2005-10-02
Seong-bin Jung,2007-05-12
Seung-soo Park,2007-03-17
Eun-chong Hwang,2006-01-10
Cielo Tschantret,2006-02-22
Sydney Wathuta,2004-06-11
Corsino Lemos,2006-06-01
Luís Figo,2005-04-17
Rayan Al-Dossary,2004-07-01
Jorge Benito,2006-06-06
Miguel Nogueira,2005-02-27
Jesse Derry,2007-06-30
Fabian Merién,2008-09-26
Aleksandar Andreev,2006-03-25
Gustavo Cabral,2001-09-12
Freddy Molina,2004-01-01
Ronald Donkor,2004-11-20
Yaya Bojang,2004-09-10
Tristan Schenkhuizen,2004-07-12
Minato Yoshida,2008-07-15
Tafuku Satomi,2009-04-20
Dion Gallapeni,2004-12-22
Valeri Vladimirov,2008-06-05
Dan Kohout,2006-08-14
Kenny Ximenes,2005-04-04
Abdullah Al-Bishi,2006-12-30
Victor Ngovinassack,2001-05-06
Adam Zouhar,2007-01-22
Jesper Kerkdijk,2007-01-23
Zalán Kugyela,2007-07-20
Emmanuel Chigozie Owen,2007-06-11
Sammy Dudek,2008-04-18
Stipe Ukich,2007-01-03
Oscar Renovales,2007-10-24
Raul Kumar,2008-02-06
Leon Jakirović,2008-01-16
Patrik Horvat,2008-05-10
Adam Bugarija,2005-02-22
Henry Heroki Mochizuki,2001-09-20
Oumar Diouf,2003-05-15
Hiroki Sekine,2002-08-11
Sebbe Gheerardyns,2005-01-11
Uros Djordjevic,2007-11-30
Luca Bombino,2006-07-10
Antonio Rajic,2007-03-04
Malte Ljungkull,2007-06-04
Santiago Beltrán,2004-10-04
Samuel Kovacik,2007-05-28
Hampus Skoglund,2004-03-01
Joshua Ajala,2006-11-13
Adam Ilic,2008-05-03
Jill Stiel,2008-05-01
Giacomo Koloto,2008-01-31
Olivier Mambwa,2008-12-05
Sandro Wyss,2008-05-03
Dominik Papic,2008-05-14
Denis Sahin,2008-06-23
Mykola Kyrychok,2006-05-16
Bogdan Redushko,2007-01-07
Volodymyr Ozymay,2007-05-24
Geovany Quenda,2007-04-30
Jeronimo Russo,2005-05-30
Hyun-min Park,2007-04-02
Ju-ho Choi,2008-01-12
Do-yeon Kim,2008-02-21
Byung-chan Park,2008-10-21
Bruno Katz,2008-05-14
Subhi Al-Dhawi,2004-06-08
Volodymyr Vilivald,2004-09-23
Stepan Ponikelsky,2007-06-25
Aron John,2006-04-03
Villum Dalsgaard,2006-10-15
Saad Al-Sharfa,2004-10-23
Llorenç Serred,2005-09-04
Vinicius Eduardo,2005-02-18
Alejandro Panach,2006-01-18
Mussa Kaba,2008-11-17
Jemmes,2000-04-09
Maksim Voronov,2007-10-18
Renato,2008-04-18
Kader Meïté,2007-10-11
Fotis Chavos,2006-01-18
Vit Skrkon,2008-04-09
Yunus Konak,2006-01-10
Savo Radanovic,2009-02-28
Igor Bambecki,2005-02-06
Tomas Hellebrand,2007-08-31
Patrik Siegl,2007-10-04
Tahsin Bülbül,2006-06-09
Ibrahim Sabra,2006-02-01
Harald Postl,2005-09-29
Tomás Pérez,2006-04-27
Blake Callinan,2006-01-28
Jerolldino Bergraaf,2006-07-05
Mohammed Suhluli,2004-11-21
Mishal Al-Alaeli,2004-06-17
Fabian Bzdyl,2007-12-02
Hayato Inamura,2002-05-06
Ryan Metu,2008-08-28
Benjamin Donato,2005-07-05
Dimitrios Berdos,2008-05-27
Mohammed Sofo,2004-11-30
Yanis Beau Djellel,2005-01-14
Matyas Silhavy,2007-03-06
Martin Reil,2006-05-05
Rodrigo Vitols,2007-02-20
Zakarya Khaldi,2005-02-08
Bogdan Panchyshyn,2004-02-06
Tahsin Mohammed Jamshid,2006-06-16
Noan Geraux,2006-03-29
Daniel Semedo,2003-10-25
Abderrahmane Sarr,2005-04-01
Benjamin Arthur,2005-10-09
Osama Al-Bawardi,1999-04-09
Harrison Shillington,2005-06-30
Franco Lino,2005-08-26
Kento Shiogai,2005-03-26
Julián Mavilla,2000-04-27
Matías Moreno,2003-09-24
Tomás Castro,2002-09-03
Dean Bosnjak,2006-10-11
Oscar Fryer,2006-04-16
Damjan Jovanovic,2004-09-24
Alvin Petit Dol,2006-11-07
Luck Zogbé,2005-03-24
Ibrahim Diabaté,2004-06-16
Fahad Aqeel Al-Zubaidi,2002-01-13
Kimito Nono,2002-03-26
Denis Zamazal,2006-11-16
Naif Asiri,2001-02-18
Cyriaque Irié,2005-06-20
Khammanh Thapaseut,2007-12-31
Gakuto Kawamura,2006-04-06
Binly Donsanouphit,2008-06-30
Nathan Amanatidis,2006-01-23
Richard Nkomo,2007-02-06
Nathan Barrie,2006-05-29
Giovanni De Abreu,2007-04-16
Bailey O'Neil,2006-02-02
Mahmoud Al-Burayh,2006-02-14
Yassine Al-Jaber,2006-04-30
Farhah Al-Shamrani,2006-02-27
Talal Haji,2007-09-16
Saad Al-Mutairi,2006-12-06
Amar Al-Yuhaybi,2006-03-03
Ramez Al-Attar,2006-01-17
Nawaf Al-Bishri,2006-03-02
Abdulrahman Al-Ghamdi,2006-02-13
Valentín Fenoglio,2003-09-26
Nils Ramming,2007-03-28
Aarón Anselmino,2005-04-29
Lasse Legolas,2007-02-08
Amjad Haraj,2007-01-16
Husseyn Chakroun,2004-11-10
Janis Widmer,2007-07-13
Sultan Tunkar,1998-09-01
Luka Vidic,2006-12-24
Leonard Prescott,2009-09-23
Ben Ahmed Kohili,2005-07-11
Kamil Nowogoński,2007-02-18
Rento Noguchi,2008-04-20
Justin Janssen,2006-07-25
Givaro Rahajaän,2008-02-19
Finn Mulder,2008-02-01
Amin Bouchouari,2008-10-17
Gilles van der Wal,2008-06-24
Oliver Kapsimalis,2007-06-20
Sixten Gustafsson,2007-02-05
Antonio Palac,2007-01-14
Abel Walatee,2004-02-22
Sam Alabi,2009-07-09
Nicholas Kaloukian,2003-02-18
Haruto Matsumoto,2006-09-29
Keita Kosugi,2006-03-18
Francis Castillo,2005-11-07
Ellis Clark,2007-06-26
Fletcher Boyd,2008-01-26
Yuya Yokoi,2008-04-15
Biniam Genetu,2002-08-17
Wogene Gezahegn,2004-06-19
Shohei Takemoto,2008-05-26
Kornel Lisman,2006-02-20
Ibrahim Usamaa,1998-11-28
Niels Martens,2004-05-07
Srdjan Borovina,2007-02-26
Emmanuel Godwin,2005-05-26
Rockson Yeboah,2004-08-02
Matías Villa,2007-11-22
Neymar Uribe,2004-01-09
Didier Palacios,2004-06-03
Patryk Paryzek,2006-02-03
Maciej Wojciechowski,2007-05-17
Rafał Jakubowski,2007-01-27
Valentín Fascendini,2003-03-13
Julián Ceballos,2004-09-13
Hiroto Asada,2008-01-16
Christian Chiza,2007-12-18
Facinet Conte,2005-03-24
Jesús Díaz,1999-05-21
Pharell Hensel,2007-06-08
Dylan Aquino,2005-06-04
Björn Titulaer,2007-08-13
Adrian Skogmar,2005-11-23
Patricio Salas,2004-02-17
David Collazo,2004-07-02
Sebastián Mella,2005-07-31
Bryan Gamboa,2002-03-13
Matías Gómez,2005-11-23
Diego Ramírez,2004-02-09
Isak Brusberg,2006-09-05
Eduardo Navarro,2004-07-12
José Pachuca,2005-07-24
Jaziel Mendoza,2005-05-20
Ilija Krstic,2007-09-08
Juan Aristizábal,2005-09-10
Cristiano Oliveira,2008-03-30
Eric Klein,2006-11-20
Lachlan Middleton,2006-02-22
Zidane Yáñez,2008-01-26
Ahmed Gabal,2006-06-26
Dusan Buganik,2007-02-16
Puso Dithejane,2004-07-24
Affane Saïd Djambae,2000-09-22
Abdoul Anziz Omar,2002-07-29
Ismaël Mohamed,1997-10-08
Kiichi Yamazaki,2001-10-12
Lovre Kulusic,2006-11-15
Noa Godec,2007-05-18
Anes Huskic,2007-03-05
Vladislav Pospelov,2006-09-25
Dmitriy Nikitin,2006-10-31
Gessime Yassine,2005-11-22
Erol Can Çolak,2006-01-02
Owen Presthus,2006-02-21
Elmedin Rama,2005-03-25
Nick Schmidt,2007-09-12
Raphael Canut,2009-03-31
Jalal Abdullai,2005-01-05
Darius Randell,2007-08-25
Yassir Zabiri,2005-02-23
Ryan Basabe,2008-02-22
Adrien Llukes,2008-07-21
Shion Shinkawa,2007-08-06
Cyrill May,2007-02-06
Nino Weibel,2007-04-11
Yannik Wagner,2007-05-09
Tobias Weigel,2007-04-26
Artur Musak,2005-10-17
Luka Vicelich,2008-05-15
Takeshi Ushizawa,2001-04-11
Sebastián Viveros,2004-12-21
Adama Timera,2005-04-09
Mateo Levy,2006-10-22
James Overy,2007-11-09
Yong-jae Lee,2007-10-02
Min-jun Wang,2006-03-02
Jun-seop Lee,2007-01-30
Yun-ho Kim,2007-05-13
Seok-jin Han,2007-12-19
Han-gyeol Lee,2007-07-19
Chung-hyun Lee,2007-09-12
Young-jun Cho,2007-12-21
Beom-jun Kim,2007-05-25
Iustin Chirilă,2006-05-21
Alin Ferenți,2005-06-06
Kayne Razmovski,2005-01-10
Kasey Bos,2004-05-08
Issam Smeeri,1999-05-30
Jeong-beom Son,2007-09-28
Su-hyung Kim,2007-06-25
Gyu-min Jung,2007-01-04
Joel Anasmo,2004-09-24
Conrad Scholl,2007-07-27
Dawid Rychta,2006-03-04
Rhys Walker,2006-04-29
Abderrahmane Bekkour,2003-07-22
Amady Camara,2005-05-28
Mohamed Sanogo,2003-11-02
Luis Gamboa,2008-10-25
Gilberto Mora,2008-10-14
Ivan Ivashchenko,2007-10-31
Emre Ünüvar,2008-03-18
Pil-gwan Ko,2007-01-01
Koki Kumasaka,2001-04-15
Redouane Berkane,2003-07-07
Hugo Mata,2006-04-20
Aleks Stojakovic,2004-02-17
Arsen Shikhaliev,2004-07-19
Abdulpasha Dzhabrailov,2004-11-24
Abakar Akaev,2004-08-01
Gustavo Charrupí,2004-07-22
Javier Vallejos,2003-01-03
Milton Ríos,2004-04-15
Nazareno Durán,2004-05-10
Stjepan Davidovic,2005-02-13
Jan Petek,2005-12-02
Abdel Kader Coulibaly,1993-06-18
Adonija Ouanda,2005-04-30
Thyago Ayala,2001-09-07
Luighi,2006-04-30
Jacob Brazete,2006-01-20
Wataru Kamijo,2006-04-17
Jacob Arroyave,2007-11-12
Ramik Gadzhyev,2005-08-14
Matei Goga,2006-10-26
Yong-hyuk Kim,2007-01-11
Joseph Lacey,2007-06-22
Rafael Profini,2003-09-09
Thomas Hatton,2006-08-02
Luiz Farias,2004-04-12
Gerónimo Spina,2005-02-09
Mateus Lusuardi,2004-01-08
Peixinho,2004-05-23
Ahmad Abu Rasen,2003-11-02
Nikola Grujic,2006-12-17
Mathew Gbomadu,2004-10-16
Sal Olivas,2006-07-11
Rouven Tarnutzer,2007-07-24
Denys Marchenko,2007-02-05
Oleksandr Kozlov,2006-04-06
Lautaro Vargas,2005-02-01
Eddy Doué,2005-12-11
Vadym Stashkiv,2007-06-25
George Gligor,2004-12-13
Adam Nhaili,2005-08-09
Shandre Campbell,2005-07-15
Jérémie Kanon,2004-05-17
Mariano Troilo,2003-06-28
Yaroslav Karpizin,2007-01-28
Sergiy Korniychuk,2004-06-25
Vakho Bedoshvili,2003-10-19
Javier Ruiz,2004-09-24
Abdoul Ayinde,2005-07-17
Adriano Manole,2007-07-28
Josh Gracey,2007-12-14
Arseniy Dmitriev,2007-07-18
Maksim Kondakov,2007-10-04
Viktor Dolgyi,2004-01-02
Burak Gültekin,2006-11-17
David Costa,2004-01-12
Arsen Revazov,2007-01-11
Kazbek Mukailov,2007-06-01
Isaac Cossier,2006-11-30
Rayan Fofana,2006-02-12
Elías Báez,2004-10-18
Aleksandr Dobroditskiy,2007-08-24
Andrey Kasadzhikov,2007-10-02
Mohammed Mansour,2000-03-12
Ioan Bârstan,2004-06-24
Murad Al-Hawsawi,2001-06-03
Abdulrahman Al-Khaibre,2000-03-18
Ammar Al-Harfi,2001-03-25
Ahmed Omar,2003-06-14
Rashid Al-Mutairi,2003-04-10
Min-gyu Baek,2005-11-20
Seung-gu Choi,2005-09-28
Leco Zeevalkink,2005-09-14
Nazar Domchak,2007-04-06
Vladyslav Reznik,2007-03-28
Moussa Gbemou,2007-09-09
Joseph McGrath,2007-03-12
Lucas Svenningsen,2007-01-15
Mikey Booth,2007-01-02
Denis Pomahac,2004-01-13
Oskar Pietuszewski,2008-05-20
Adrián Pérez,2006-10-25
Maher Carrizo,2006-02-19
Dylan Borso,2006-06-02
Yevgen Morozov,2007-02-15
Sambou Camara,2007-04-20
Bilal Konteh,2007-02-13
Facundo Pimienta,2003-07-17
David Fürst,2007-04-03
Daryl Tschoumy-Nana,2007-01-17
Noam Obougou,2006-03-15
Tim Schnitzer,2008-02-07
Filip Halabrin,2006-07-15
Mihnea Ștefan,2006-04-19
Raul Iancu,2005-03-20
Chase Adams,2008-04-17
Keshim Al-Qahtani,2000-05-03
Samuele Bengondo,2005-12-22
Pascal Mozie,2008-05-06
Kahveh Zahiroleslam,2002-06-13
Alexandru Soare,2005-05-13
Edin Etoski,2007-04-02
Martin Pedroarena,2003-08-18
Ismael Bekhoucha,2004-11-20
Nicolò Puddu,2007-09-19
Yuri Peverelli,2007-05-08
Omar Minatulaev,2006-01-04
Mohammed Waleed Al-Dossary,2001-04-01
Nouhoum Kamissoko,2004-12-27
Vilmer Tyrén,2005-05-03
Stefan Kapor,2009-04-04
Josh Nteziryayo,2008-11-15
Jay Gupta,2001-09-27
Kian McMahon-Brown,2008-08-03
Isiaka Soukouna,2006-02-27
Adam Hańćko,2009-02-07
Ilann Garin,2006-02-28
Jun-seo Jin,2005-02-21
Noah Sy,2007-03-25
Steeven Assengue,2005-06-14
Tobias Boledovic,2006-09-16
Arseniy Vavshko,2005-09-04
Georgios Konstantakopoulos,2004-12-30
Joel Canchimbo,2005-08-12
Raphaël Le Guen,2006-09-01
Longin Bimai,2006-02-17
Álex Costa,2003-01-12
Andrija Milicevic,2005-10-18
Axel Kouame,2003-10-14
Louis Mezerette,2006-08-30
Jakub Pira,2007-11-24
Emmanuel Ojukwu,2004-06-13
Petar Maslovaric,2006-05-20
Wilfred George Igor,2005-02-20
Ifeanyi Ndukwe,2008-03-03
Ignat Pushkutsa,2006-12-19
Leon Madej,2005-12-21
Lorenzo Nyarko,2007-10-20
Said El Mala,2006-08-26
Malek El Mala,2005-04-02
Bastien Donio,2005-09-22
Vladimir Karajcic,2004-02-12
Umut İslamoğlu,2007-01-11
Ivan Yermachkov,2005-06-08
Juan Martínez,2005-02-12
Quinn MacNicol,2008-01-10
Abdalellah Hawsawi,2001-06-02
Sattam Al-Roqi,2002-03-28
Vasil Tasovski,2007-03-11
Fahad Al-Abdulrazzaq,2000-04-24
Abdulelah Al-Khaibri,1997-05-22
Nawaf Al-Hawsawi,2000-12-03
Stefan Petrovic,2008-03-01
Isaac Monnier,2006-09-09
Viktor Uliganets,2005-05-23
Mohammed Mahzari,2002-05-19
Mohammed Abdulrahman,2003-01-14
Abdulaziz Al-Hatila,1998-05-17
Todor Topalovic,2007-09-19
Marko Radic,2007-11-16
Luca Weinhandl,2009-01-11
Davorin Tosic,2007-03-29
Vuk Borovic,2008-07-10
Vladyslav Krapyvtsov,2005-06-25
Vasilije Novicic,2008-05-07
Jagos Djurkovic,2008-03-05
Aleksa Milosevic,2007-01-08
Vuk Barlov,2008-05-17
Xander van der Velde,2005-12-30
Mauro Smarra,1999-04-30
Kilian Belazzoug,2006-07-18
Will McKay,2006-06-07
William Freney,2005-11-04
Alexander Zaverdinos,2007-04-06
Jackson Pereira,2004-04-05
Oscar Faulds,2002-01-15
Finlay Allan,2006-06-17
Henrick Do Marcolino,2006-03-21
Pavle Davkovski,2007-05-23
Khaled Al-Shammari,2000-01-06
Rayan Enad,2000-12-24
Faisal Al-Mutairi,1996-05-22
Björn Hedlöf,2008-07-14
Dimitrije Nikolic,2007-02-10
Jovan Trac,2008-10-11
Darryl Bakola,2007-11-30
Lucas Rosier,2007-03-12
Lucas Bernabéu,2004-01-07
Leandro Maksutaj,2007-06-18
Scott Constable,2007-08-22
Denis Ștefan,2006-08-09
Tyrese Noubissie,2009-05-13
Matteo Mantini,2007-08-27
Finn Geragusyan,2007-10-28
Victor Huart,2008-09-05
Lionel Verde,2004-10-18
César Garza,2005-07-01
Radek Palan,2007-03-22
Alamara Djabi,2006-09-28
Matvey Bokhno,2007-10-14
Malik Olayiwola,2009-01-08
Khalid Al-Subaie,1999-10-26
Franz-Ethan Meichtry,2005-07-08
Bennett Hoch,2007-11-14
Fodé Pascoal,2004-12-26
Filip Öhman,2008-01-26
Elvis van der Laan,2008-02-29
Kevin Filling,2008-11-30
Kennedy Okpaleke,2008-11-16
Benjamin Brantlind,2008-08-15
Ivan Baric,2007-01-10
Bruno Durdov,2007-12-11
Ben Casey,2008-02-04
Jae-won Heo,2008-05-21
Marques de Carvalho,2007-02-25
Issa Kane,2003-03-20
Martin Bley,2006-01-23
Diogo Pereira,2003-05-04
Taha Al-Shalawi,1997-02-21
Danyil Checher,2004-11-17
Jeremías Lucco,2005-12-10
Marko Petrovic,2006-04-06
Sven Lesjak,2006-08-23
Zane Helweh,2006-04-21
Elson Mendes,2005-09-18
Andrej Milanovic,2008-08-20
Luka Stankovic,2007-08-06
Saud Salem,2005-08-14
Mohammed Al-Shwirekh,1998-11-19
Milos Jovicic,2006-01-23
Ivan Katic,2005-09-25
Mohamed Dao,2007-02-02
Ikker Julian,2005-07-07
Leandro Santos,2005-09-28
Zois Karargyris,2007-08-18
Shamar Watson,2004-07-28
Tidiane Devernois,2007-10-18
Ahmet Yıldırım,2006-11-01
Saif Jaddour,1998-12-18
Abdulmunem Akasha,1997-01-11
Mohamed Darebi,2003-05-05
Ángel Leyva,2006-10-13
Cheick Mamadou Diabaté,2004-01-01
Emmanuel Sieh,2006-10-11
Emmanuel Fully,2006-03-20
Raphael Pesu,2008-10-18
Leandro Lescano,2003-03-03
Fran Knezevic,2006-09-14
Dominik Celija,2006-06-14
Jabes Saralegui,2003-04-12
Andrey Karpenko,2008-07-28
Luca Blondeau,2006-02-11
Robin van Cruijsen,2006-02-20
Guilliano Cairo,2006-03-18
Samukele Kabini,2004-03-15
Álvaro Augusto,2005-04-17
Emanuele Lulli,2007-08-17
Matías Pérez,2005-04-13
Ömer Bedir Kara,2006-04-21
Arda Yavuz,2006-05-20
Ömer Faruk Uğurlu,2006-12-22
Nevzat Üzel,2007-03-07
Kerem Kayaarası,2006-03-18
Mahmut Can Kara,2006-01-01
Josen Escobar,2004-12-12
Douwe Vernooij,2006-03-18
Scott Calderwood,2006-07-02
Joshua Lakkis,2006-06-22
Bahmed Deuff,2006-03-10
Amine Moussaoui,2006-12-28
Erawan Garnier,2006-01-05
Pape Moussa Fall,2004-07-04
Mahamadou Nagida,2005-06-28
Amidou Traoré,2004-07-13
Noah Le Gal,2007-04-23
Owen Stirton,2007-01-30
Abdoul Kader Ouattara,2005-05-26
Ivan Denysov,2007-03-28
Osama Elsharimi,2001-02-20
Joselillo Gaitán,2007-02-25
Oliver Lavale,2005-04-05
Evan Diamalunda,2006-07-22
Philip Keller,2008-01-22
Villads Rutkjær,2008-10-04
Motez Nourani,2002-01-11
Hussain Taktak,2002-04-20
Abdullah Al-Houti,2003-09-25
Bright Ede,2007-02-18
Adam Delplace,2006-09-03
Ye-chan Lee,2005-05-23
Antoni Bałabuch,2007-05-29
Jamie Atangana,2007-11-12
Alonzo Vincent,2008-10-06
Malek Ishuayed,2007-03-16
Simon Drozd,2007-05-16
Tadeas Frydl,2007-02-19
Matej Kvacek,2007-05-22
Harry Hilvenius,2007-10-06
Abdulrahman Al-Shammari,1999-08-07
Filippos Roberts,2005-04-26
Emmanouil Chnaris,2008-03-24
Ethan Bruchez,2008-04-07
Corean Drost,2007-04-02
Maxim de Troije,2007-02-16
Remiyan Muthuccumaru,2007-04-09
Deivid Hoxha,2007-07-20
Giannis Kosmidis,2006-11-26
Alexandros Salvanos,2006-06-03
Abdullah Abdo,2002-06-25
Antoñito Cordero,2006-11-14
Amadou Koné,2005-05-14
Papa Amady Gadio,2001-10-19
Alpha Touré,2006-01-25
Ville Nilsson,2004-06-12
Fernando Hernández,2006-12-05
Kenny Quetant,2006-07-17
Rafel Bauzà,2005-01-30
Malick Yalcouyé,2005-11-18
Yuta Miyahara,2005-04-07
Theo Folgado,2005-01-27
Berhan Kutlay Şatlı,2006-01-14
Arda Yılmaz,2008-02-13
Esat Buğa,2006-08-08
Siebe Van Keymolen,2005-02-10
Kewan Vemba,2005-07-23
Denys Muntean,2009-05-13
Răzvan Marincean,2009-02-27
Alexandru Goncear,2009-07-07
Tudor Coșa,2009-03-22
Andrei Dăncuș,2009-01-20
Vladyslav Shershen,2006-01-13
Yaroslav Pitintsev,2006-08-18
Dastan Satpaev,2008-08-12
Mohamed Cherif Haidara,2005-10-02
Volodymyr Mulyk,2006-01-04
Iker Luque,2005-06-05
Ousmane Condé,2004-08-21
Peter Itodo,2003-07-01
Sebastian Murru,2007-03-16
Bamir Sadiku,2007-08-22
Jhon Aponzá,2005-10-21
Marin France,2007-02-01
Sebastian Krslovic,2006-07-16
Awan Lual,2006-12-16
Erick Belé,2007-01-21
Mehdi Al-Aboud,2005-11-15
Ziyad Al-Ghamdi,2005-02-16
Saud Al-Tumbukti,2005-01-28
Daniil Denysenko,2006-08-15
Awad Aman,2005-01-16
Younes Al-Shanqeeti,2004-01-06
Saad Haqawi,2005-10-08
Yan-Ruei Chen,2005-10-05
Hamza Al Mugsi,2003-02-28
Oleksandr Kharechko,2007-02-09
Nasser Al-Haleel,2000-02-06
Lucas Leaudais,2004-09-26
Nawaf Al-Osaimi,2001-05-29
Mohammed Al-Hakim,2005-04-23
Abdulrahman Nabza,2005-03-20
Montadhar Al-Shqaq,2005-04-17
Rakan Al-Ghamdi,2005-09-06
Thamer Al-Khaibri,2005-12-03
Ceadach O'Neill,2008-04-10
Nikita Massalyga,2007-10-09
Iliesse Salhi,2007-07-27
Mohamed Yassine Azzouz,2007-05-17
Issiaga Camara,2005-02-02
Ramkel James,2000-07-10
Emmanuel Ogbu,2005-08-30
Saif Rajab,2004-10-31
Abdulaziz Al-Dwehe,2000-05-03
Filip Skalnik,2006-04-13
Mohammed Abu Al-Shamat,2002-08-11
Rodrigo Borzone,2004-10-21
Furkan Ulupınar,2006-06-28
İbrahim Kağan Alkış,2006-01-01
Ali İmran Işık,2007-03-13
Valentino Simoni,2004-04-30
Daniele Bleve,2008-06-23
Tristan Brown,2007-10-17
Jesús Arellano,2004-12-22
Illyès Benachour,2007-01-09
Arda Kaya,2006-02-22
Néiser Villarreal,2005-04-24
Brayan Correa,2004-03-15
Abdoulaye Faye,2004-09-22
Björn Menzo,2007-04-22
Max Maréchal,2007-05-11
Bema Sina,2003-04-07
Abdulmalik Al-Harbi,2005-10-06
Charlie Pavey,2008-06-07
Austin Ludwik,1997-02-11
Kio Tanaka,2007-08-07
Jayden Smith,2007-07-04
Amal Boura,2006-07-25
Kelyann Bezahaf,2006-05-16
Anis Doubal,2006-10-29
Keyliane Abdallah,2006-04-05
Medin Memeti,2007-06-20
Benjamin Mazzeo,2005-07-12
Danyil Vlasyuk,2005-01-03
Soriba Diaoune,2007-08-14
Antonio Salguero,2005-06-11
Yassin Tallal,2005-03-03
Agustín Módica,2003-01-12
Ofosu Boakye,2007-07-10
Ejike Opara,2005-07-05
Jovan Ciric,2007-02-25
Bogdan Bușe,2007-07-29
Jeff Godelaine,2007-04-26
August De Wannemacker,2008-12-25
Karl Wendt,2005-07-05
Jim Thwaites,2007-12-20
Godwill Kukonki,2008-02-06
Ahmed Saeed,2008-04-22
Love Arrhov,2008-05-17
Atle Wahlund,2008-02-10
José Saldamando,2005-12-27
Ruben Akalé,2007-05-28
Kéfren Ali,2007-03-22
Muhanad Al-Saad,2003-06-29
Abdullah Masoud,2002-07-31
Moussa Samake,2004-12-01
Utku Eriş,2006-07-19
Mathis Jangéal,2008-06-24
Ibrahim Mbaye,2008-01-24
Ilias Ben Sadik,2007-07-18
Pierre Mounguengue,2008-01-03
Arthur Vignaud,2008-01-21
Vincenzo Sarno,2008-05-16
Matteo Pittarella,2008-05-26
Bakary Haidara,2005-06-01
Luca Raffin,2006-01-13
Jorge Cestero,2006-03-24
Antonio Martínez,2006-04-09
Álex Sánchez,2006-03-05
Víctor Valdepeñas,2006-10-20
Anton Demchenko,2005-01-06
Rostyslav Baglay,2008-02-01
Ademar Chávez,2009-01-12
Aiden McCallion,2008-06-15
Zander McAllister,2008-04-22
Semm Renders,2007-12-17
Thibaud Garondo,2006-01-12
Kyllian Antonio,2008-01-04
Osama Al-Thumayri,2005-09-26
Abdulraouf Al-Duqayl,1995-08-04
Bayron Duarte,2003-02-23
Michael Barragán,2004-05-29
Thierno Bah,2007-01-02
Noel Rivera,2004-06-18
Kiril Korkh,2006-02-21
Taras Lyakh,2005-03-09
Max Dowman,2009-12-31
Ryan McAidoo,2008-06-24
Zbynek Paidar,2006-10-26
Khalis Merah,2007-02-24
Yann Llahona,2007-03-09
Francis Nwokeabia,2005-05-16
Alpár Gergely,2007-10-18
Mathis Lainé,2007-03-30
Nicolás Aristizábal,2008-05-02
Gabriele Casentini,2007-03-14
Elia Spicuglia,2007-06-19
Ayman Fallatah,2003-10-02
Abdulkarim Darisi,2003-04-18
Abdulrahman Al-Anazi,1998-06-14
Deniz Dönmezer,2008-09-21
Oğuzhan Ertem,2008-01-01
Berk Deniz Çukurcu,2008-01-02
Çağrı Balta,2008-05-15
Ege İzmirli,2008-01-23
Serhan Kök,2008-03-03
Ercüment Sancaklı,2008-04-10
Selahattin Sevim,2008-07-10
Ruud Nijstad,2008-01-17
Ander Izagirre,2003-06-28
Amadou Cissé,2006-02-27
Daniel Baran,2006-09-16
Mikkel Bro Hansen,2009-01-25
Haakon Haugen,2007-01-10
Kaiden Moore,2007-05-11
Dominik Chong Qui,2007-12-29
Piergiorgio Bonanno,2007-06-27
Daniel Ndulue,2007-03-03
Noah Nguyen,2008-01-11
Jhon Martínez,2005-10-20
Joan Gómez,2005-04-30
Zion Cruz,2001-04-18
Sheyko Studer,2002-11-12
Antoni Burkiewicz,2008-04-21
Faris Al-Ghamdi,2003-07-05
Thomas Sajous,2008-05-15
Glib Bushnyak,2006-03-22
Martin Kovar,2008-02-07
Joel Sserunjogi,2002-06-16
Owen Johnson,2005-08-03
Daniel Battistella,2007-07-02
Brando Bettazzi,2007-11-15
Louis Buffon,2007-12-28
Lorenzo Tosi,2008-03-12
Ibrahima Ba,2005-05-26
Tian Nai Koren,2009-07-31
Dayann Methalie,2006-02-15
Théo Bruyère,2006-08-17
Enguerrand Bouard,2007-03-09
Millan Brignone,2007-03-24
Nils Zätterström,2005-03-29
Sean McArdle,2007-08-27
Benjamin Örn,2004-04-26
Cristian Ortiz,2005-11-15
Axel Willockx,2007-02-07
Eric Șomandru,2007-02-26
Bryan Salazar,2008-09-03
Andryk León,2009-05-04
Futa Tokumura,2007-11-26
Harumu Kubo,2007-06-18
Tahiel Jiménez,2006-01-22
Denis Omedi,1994-06-13
Arafati Usama,2004-06-27
Elivis Ngonde,2002-01-10
David Boly,2009-01-22
Aleksandar Kljucik,2007-12-06
Engin Can Biterge,2007-01-22
Francisco Pumpido,2004-10-31
Thiago Gigena,2005-09-30
Pavlo Lyusin,2008-02-23
Min-soo Kim,2005-07-08
Giorgi Kavlashvili,2007-01-24
Saba Kharebashvili,2008-09-03
Nikoloz Chikovani,2007-06-21
Tobias Szewczyk,2009-01-26
Adri Mehmeti,2009-04-06
Kaedren Spivey,2009-05-28
Mathis Albert,2009-05-21
Robert Turdean,2010-01-14
Pedro Cobra,2006-05-15
João Souza,2007-01-01
Artem Akatov,2007-07-21
Shunsuke Saito,2005-04-26
Diego Tavares,2005-03-12
Basile Vroninks,2006-11-20
Khaled Al-Rammah,2005-04-30
Enzo Kana-Biyik,2007-01-08
Abdellah Ouazane,2009-01-15
Luca Scanlon,2009-07-13
Sallieu Bah,2006-09-10
Zach Lisolajski,2005-10-05
Alex Gálvez,2002-01-26
Mathias Ferrante,2006-09-01
Miguel Ángel Beltre,2003-08-12
Ching-Chun Yeh,2006-04-27
Chandon Roy,2007-05-04
Jun'ai Byfield,2008-12-06
Ssu-Yu Chang,2005-01-14
Yu-Fan Wu,2005-02-18
Albert Niculăesei,2008-03-26
Abba Adam Musa,2007-01-02
Junior Ake,2007-03-15
Anass Bouziane,2006-12-22
Mauro Villar,2001-01-11
Santino Barbi,2005-06-14
Cristian Meloni,2008-03-12
Alexandru Glodean,2008-04-21
Mateo Mendía,2004-02-03
Jeremías Florentín,2006-09-01
Santiago Segovia,2007-03-26
Cemilhan Aslan,2008-05-07
Emin Özkul,2007-02-19
Özkan Kuray,2006-06-01
Vasilije Grbovic,2008-05-12
Nicklas Pedersen,2007-07-17
Albert Rrahmani,2007-03-11
Khalil Ayari,2005-02-02
Kevin Coronel,2004-08-11
Konrad Cymerys,2008-09-22
Mustafa Baydan,2007-10-30
Gustavo Herrera,2005-11-18
Samet Kalkan,2007-06-18
Mervan Müjdeci,2008-01-01
Ian Garguez,2005-02-03
Odo Jacobs,2004-11-18
Dukan Ahmeti,2007-10-26
Emilio Aristizábal,2005-08-05
Stefan Baltic,2004-02-26
Zeega,2008-11-05
Makoto Himeno,2008-08-12
Woldeamanuel Getu,2000-01-01
Yared Kassaye,2002-06-16
Sacha Burek,2007-01-21
Princewill Achinulo,2004-05-23
Afolabi Soliu,2005-08-08
Hamidou Makalou,2006-07-15
Nathan Walker,2006-01-30
Clayton Diandy,2006-07-29
Lucas Núñez,2006-03-18
Iván González,2006-10-06
Marcus Eskildsen,2007-12-03
Davis Opoku,2007-10-29
Ilyas Azizi,2008-04-13
Chibuike Ugochukwu,2008-07-27
Rémi Himbert,2008-02-29
Ilan Jourdren,2008-07-17
Alexis Vossah,2008-03-11
Adam Amrani,2008-10-09
Luis Blanco,2006-01-23
Mehmet Efe Karslı,2008-10-27
Mihael Kelava,2009-05-29
Mehmet Öz,2008-02-06
Bünyamin Dalkılıç,2006-04-06
Lander Astiazaran,2006-04-07
Alex Marchal,2007-09-17
Simón García,2005-01-11
Nehuén Benedetti,2005-02-24
Bradley Burrowes,2008-03-04
Danila Saveljev,2008-01-28
Brandon Pouani,2007-12-10
Felipe Preis,2005-11-19
Ryan Francisco,2006-11-21
Allan Oyirwoth,2007-01-23
Gabriel Dumitru,2005-10-14
Caelan McCrone,2008-03-14
David Shrem,2005-08-18
Ethan Debono,2005-12-15
Tobías Leiva,2004-02-09
Daniel Zabala,2003-01-17
Joaquín Flores,2005-05-28
Alexis González,2005-01-13
Anas El Mahraoui,2001-03-29
Ola Visted,2005-03-30
Andréa Le Borgne,2006-07-27
Jayden Rus,2009-10-02
Lasse Mandal,2007-03-04
Roger Hinojo,2005-02-21
Adrian Damasiewicz,2008-09-09
Jesús Serrato,2005-12-21
Hyeung-jun Noh,2007-07-19
Sebastian Koziej,2007-01-13
Daniel Méndez,2005-08-16
Matej Strika,2009-08-20
Nebojsa Grujic,2009-04-02
Dragan Anokic,2009-11-24
Louis Rieder,2003-06-13
Jeffrey Baffoh,2009-04-02
Samuele Pisati,2009-02-27
Tadjidine Mmadi,2007-03-03
Hugo Sochurek,2008-06-07
Mohammed Al-Subaie,2004-11-09
Jah-Mason Telusson,2008-05-20
Manuel Tucker,2004-10-31
Fran Pecek,2007-03-08
Ali Al-Shaafi,2002-01-12
Wojciech Szymczak,2008-01-05
Tymoteusz Gmur,2008-01-02
Nicolás Dubersarsky,2004-12-21
Chun-Lin Huang,2005-01-06
Diego Besio,2006-06-23
Colby Donovan,2006-09-07
Abdulaziz Al-Othman,2004-01-02
Diego Aguado,2007-02-07
Rayan Ouro Bang Na,2007-03-18
Yanis Sofikitis,2007-02-03
Krys Kouassi,2007-03-08
Noah Brogli,2008-05-28
Eren Batuhan Ozcan,2008-08-13
Matys Youst,2008-01-14
Djibril Coulibaly,2008-11-18
Arman Nahany,2008-05-10
Matous Srb,2009-09-01
Fodé Camara,2007-06-16
Rostyslav Baran,2005-03-12
Lucas Roșu,2007-01-07
Jano Monserrate,2006-01-28
Koki Ando,2007-09-22
Oskar Haugstrup,2007-06-16
Victor Ntino-Emo Gidado,2004-07-14
Kuba Bochniarz,2009-03-05
Bartosz Szywala,2009-01-13
Onuralp Çakıroğlu,2007-12-05
Ernis Qestaj,2006-07-17
Abdoulaye Camara,2008-09-28
Youness El Kaabi,2000-12-12
Yojan Garcés,2006-05-27
Masindi Nemtajela,2001-08-23
Alejandro Villarreal,2005-07-28
Mahmuthan Polat,2007-08-01
Tyrone Samba,2007-12-31
Dejaun Naidoo,2007-07-15
Ollie Shield,2006-09-25
Matteo Heremans,2006-01-08
Matteo Papaccioli,2008-05-09
Kacper Minuczyc,2008-04-22
Saud Haroun,2005-07-19
Hassan Al-Musallam,2005-09-19
Yazan Al-Ruwaili,2005-05-19
Rakan Jamaan,2005-10-24
Jalal Al-Salem,2005-06-12
Awad Dahal,2005-02-23
Jakub Ligocki,2008-03-26
Jakub Rabiczko,2008-02-21
Emir Bora Çoban,2008-05-01
Arda Altun,2007-02-14
Giovanni Cantizano,2007-03-21
Mateo Silvetti,2006-01-14
Mohammed Al-Dowaish,2004-05-28
Yoon-sung Lee,2005-05-23
Olly Whyte,2006-11-27
Harald Woxen,2008-02-01
Alexander Røssing-Lelesiit,2007-01-20
Joachim Nysveen,2006-04-26
Oliver Pimlott,2007-04-07
Matías Valenti,2002-09-03
Logan Farrington,2001-12-14
Jacob Murrell,2004-03-29
Jason Shokalook,2002-09-30
Tyrese Spicer,2000-12-04
Malachi Jones,2003-09-23
Wyatt Meyer,2001-01-11
Jamar Ricketts,2001-10-24
Tyger Smalls,2002-09-18
Hosei Kijima,2002-07-01
Gabriel Kerckaert,2007-10-21
Alex Sola,2003-12-14
Franz Tangala,2005-04-15
Matthias da Silva,2007-12-01
Rhys Oakley,2008-09-16
Nawaf Al-Gulaymish,2005-05-02
Samy Jr. Merheg,2006-12-06
Goulart,2005-11-08
Hee-do Won,2005-08-01
Jae-seok Yoon,2003-10-22
Kayke Queiroz,2006-06-19
Landerson,2006-12-12
Isaque,2007-02-24
Igor Felisberto,2007-03-07
Lucas Ferreira,2006-04-28
Elton Hedström,2003-07-11
Allex,2006-05-04
Yago Noal,2007-02-05
Tevis,2006-01-28
Mateus Xavier,2007-06-29
Luca Meirelles,2007-03-15
Mateus Iseppe,2006-05-02
Xavi Everaert,2007-05-14
Mohamed Bawa,2004-07-20
Lucas Sanabria,2003-12-26
Lukas Zuccarello,2006-12-02
Igor Toledo,2006-02-03
Ruan Pablo,2008-07-23
Ju-yeong Park,2003-04-23
Kevin Prieto,2003-06-27
Agustín Massaccesi,2002-09-17
Carbone,2005-01-29
Walace Falcão,2005-03-07
Luis Osorio,2006-09-06
Davi Gomes,2005-06-06
Thiago Borges,2005-01-05
Nicolás Rengifo,2004-07-03
Üveys Yasir Satık,2009-06-27
Efe Seçil,2009-01-25
Eren Sayar,2009-01-13
Yakub İlçin,2009-03-24
Jayden Hibbert,2004-08-05
Ata Yanık,2009-05-15
Yağız Şen,2009-03-11
Ramazan Özçelik,2009-01-01
Ali Demirbilek,2009-01-05
Oğulcan Yançel,2009-06-01
Ada Yüzgeç,2009-04-03
Hüseyin Şen,2009-01-13
Dereck Moncada,2007-11-30
Berke Can Evli,2009-05-29
Eyüp Karasu,2007-07-13
Cauê Nascimento,2006-12-13
Blessing Asumang,2006-05-11
Kaio Eduardo,2005-04-29
Matheus Mattara,2006-09-01
Milan Gigot,2007-02-20
Leonel Vega,2004-01-08
Cristian Reyes,2006-04-10
Juan Cortazzo,2005-10-18
Manu González,2007-04-18
Thiago Santamaría,2003-04-04
Gonzalo Siri,2003-02-01
Lucas Gómez,2004-06-17
Matías Daniele,2004-01-02
Ignacio Campo,2005-03-30
Luka Radojevic,2006-09-02
Hernan Lupu,2004-01-15
Diego Tarzia,2003-04-26
Lautaro Carrera,2003-05-30
Luke Brooke-Smith,2008-06-06
Máximo Palazzo,2005-06-06
Ehije Ukaki,2004-10-02
Alejandro Rojo,2006-06-13
Osmar Giménez,2007-03-25
Brian Madjo,2009-01-12
Travis Takahashi,2001-09-17
Evan Mooney,2007-12-11
Faisal Al-Sobhi,1999-05-22
Jean Luc Fontana,2005-10-12
Nickolas Alfaro,2008-02-02
Jai Rose,2007-12-22
Tyler Williams,2007-12-22
Mathias Macallister,2007-04-12
Maxloren Castro,2007-12-08
Dong-hyun Kim,2002-12-15
Yoo-sung Kim,2005-11-16
Min-ha Shin,2005-09-15
Jeong-hun Park,2004-08-21
Min-ho Kim,2003-01-09
Sacha Lung,2008-05-10
Ghianny Kodia,2007-09-03
Elías Legendre Quiñónez,2008-04-22
D'Alessandro Montenegro,2003-06-14
Mahamadou Balde,2007-01-30
Thiago,2002-02-24
Jeremías Lázaro,2004-06-28
Jeremías Vallejos,2003-04-14
Gaoussou Diakité,2005-09-26
Álvaro Montoro,2007-04-17
Federico Medina,2004-02-16
Juan Rodríguez,2005-05-30
Yu Hashimoto,2002-06-07
Stephan Zagadou,2008-10-24
Gabriel Mec,2008-04-11
Adama Dramé,2005-01-05
Josué Reinatti,2003-06-02
Ahmed Al-Anzi,2004-02-24
Luca Stancu,2005-05-09
Ludvig Richtnér,2005-04-10
Mohamed Al-Ghafri,2000-02-01
Abdoulie Manneh,2004-09-29
Taisei Inoue,2002-10-01
Sekou Keita,2006-05-02
Loiange Ondoa,2005-04-11
David Paraschiv,2006-09-28
Jesper Cornelius,2001-06-26
Mateus Mané,2007-09-16
Jhonny Jordán,2001-01-03
Tiago Serrago,2004-02-05
Juan Cruz Meza,2008-03-14
Álex Verón,2008-10-24
Thomás De Martis,2008-06-26
Francisco Baridó,2008-01-01
Bas Evers,2008-12-02
Jeremy Mbambi,2008-05-04
Mattis Seghers,2009-01-19
Adrian Lahdo,2007-12-26
Paco Cortés,2007-08-11
Linus Järeteg,2007-01-20
Joshua Nga Kana,2009-06-13
Juan Iribarren,2003-01-22
Lautaro Gómez,2003-08-08
Xavier Stella,2006-08-21
Joshua Damevski,2005-09-30
Yonathan del Valle,2005-01-06
JD Gunn,2000-01-21
Matija Popovic,2007-01-08
Iván Cárdenas,2007-04-25
Wisdom Aondowase Sule,2003-12-21
Rogelio González,2005-02-05
Iván Silva,2006-07-07
Berkay Muratoğlu,2008-01-02
Batuhan İrgin,2008-07-16
Ege Albayrak,2007-08-20
Berke Özçelik,2007-08-17
Kamil Cybulski,2005-12-02
Sacha Denarie,2007-01-25
Arthur Dias,2007-04-10
Marvyn Muzungu,2007-11-28
Edwin Soto,2007-01-29
Luis Ibarra,2007-02-17
José Martín,2007-05-19
Emmanuel Kakou,2005-06-30
José Neto,2008-04-19
Anthony Motosuna,2009-03-10
Ryota Hariu,2008-03-07
Gaoussou Diarra,2002-11-21
Mamadou Dieng,2004-02-04
Lachie Charles,2007-04-24
Kavian Rahmani,2006-12-29
Jayden Necovski,2008-03-28
Mikael Evagorou-Alao,2007-04-19
Luke Vickery,2005-10-25
Majed Dawran,2003-08-16
Fran Kasumovic,2007-06-16
Luka Vrzic,2007-01-05
Kieran Sargeant,2003-05-15
Gioele Venuti,2009-03-08
Nicholas Mwere,2001-03-13
Julián Vignolo,2006-12-07
Ethan Hoard,2001-05-19
Efe Lucky,2006-01-14
Aaron Tchamda,2007-01-07
Sylvain Djoho,2007-08-05
Eder López,2006-01-01
David Juárez,2007-11-24
Sultan Al-Essa,2005-06-30
Yassin Moslih,2007-07-24
Suleman Sani,2006-09-01
Samuel Isiguzo,2007-05-13
Zakarias Råvik,2006-03-10
Carl Millard Javette,2006-08-05
Elias Pihlström,2006-08-31
Rasmus Bergvall,2008-07-09
Nate Crockford,2002-09-06
Efe Fettahoğlu,2009-04-20
Peter Kareem,2003-08-10
Youshaa Knaj,2005-11-25
Jerome Narayan,2002-09-10
Kevin Martínez,2005-11-26
Brendan McSorley,2002-02-01
Mohau Nkota,2004-11-09
Ryan Schewe,2002-03-08
Isaías Rodríguez,2005-01-05
Milton Delgado,2005-06-16
Santiago Dalmasso,2004-06-18
Iker Zufiaurre,2005-08-07
Edmund Baidoo,2006-01-30
Nico Guillén,2008-01-30
Salem Bouajila,2007-08-01
Sheriff Stowe,2006-06-10
Salem Abdullah,2008-04-07
Efe Yiğit Üstün,2008-05-07
Sebastian Banu,2008-01-10
Angelos Chaminta,2007-03-11
Andre Harriman-Annous,2007-12-28
Kacper Ćwielong,2007-08-22
Saliou Diop,2005-05-12
Amlani Tatu,2008-07-01
Samuel Obinaya,2005-08-28
Sabri Dahal,2008-02-29
Hassan Ali Al-Ghazal,2008-12-19
Hugo Andersson Mella,2007-01-12
Michael Paragalli,2006-02-20
Arthur De Lima,2007-06-11
Campbell Forrest,2007-10-10
Liam Farrugia,2003-01-13
Youssoupha Sanyang,2005-08-31
Peter Molinari,2009-01-28
Valentín Moreno,2003-02-19
Ji-hun Kim,2004-10-14
Hyun-seok Yoon,2003-11-08
Román Almanza,2006-07-17
Jhoel Maya,2006-01-05
Robino Gordon,2005-11-14
Belmar Joseph,2005-10-13
Jonathan Robinson,2001-04-03
Antoine Ijoma,2005-05-07
Ken Isibor,2007-08-29
Nathaniel Howe,2005-04-11
Oleksandr Ivanov,2006-07-18
Hamad Al-Meqbaali,2003-07-13
Oscar Page,2006-04-26
Facundo Sánchez,2005-08-07
Jonathan De Irastorza,2005-08-05
Lautaro Millán,2005-08-16
Alan Forneris,2005-01-28
Benjamín Bosch,2005-06-15
Mykhaylo Kulyk,2005-07-29
Paul Ndubuisi,2005-10-26
James Bello,2005-05-01
Araphat Mohammed,2005-11-06
Caleb Yirenkyi,2006-01-15
Jaheim Mena,2006-02-23
Adrián Biaggi,2005-04-13
Román Gómez,2004-07-14
Foster Apetorgbor,2008-03-01
Tylel Tati,2008-01-19
Rudy Matondo,2008-03-13
Kaly,2003-11-27
Juan Gámez,2005-12-20
Joban González,2005-06-29
Yarlen,2006-02-20
Nikita Voronin,2007-07-02
Bruno Caicedo,2005-01-15
Mateusz Tabisz,2007-12-02
Jerónimo Gómez Mattar,2008-08-07
Matthew Arana,2010-08-28
René Mitongo,2008-01-18
Tommaso Vigilati,2008-04-25
Ryan White,2005-08-16
Nazar Makarenko,2007-06-21
Aiden Hezarkhani,2007-06-28
Jivayno Zinhagel,2009-04-18
Mohamed Abdalla,2009-10-19
Mattia Pellini,2007-02-23
Haakon Sørum,2006-03-01
Imran Firov,2008-02-22
Hyun-woo Chae,2004-08-19
Tamerlan Kuzmenko,2006-08-10
Ivan Breslavtsev,2006-01-11
Arda Öztürk,2007-03-10
Haydar Karataş,2007-03-13
Denis Popenkov,2006-10-03
Mustafa Tarık Obut,2007-02-03
Vit Valosek,2007-05-19
Fabián Chaverra,2003-04-28
David Djokic,2009-07-08
Nelson Cedillo,2007-03-21
Strahinja Andjelic,2008-02-26
Nemanja Mirkovic,2008-01-30
Yusuf Can Karademir,2008-01-04
Dimitrije Minic,2008-07-08
Eldar Guseynov,2008-02-09
Marzouq Tambakti,2003-02-11
Clever Ferreira,2003-02-20
Stepan Sadchikov,2008-01-24
Gabríel Snaer Gunnarsson,2008-07-23
Ivan Sorokin,2008-06-07
Vladislav Postrigan,2008-09-09
Zakaria Kassary,2006-01-25
Ahmed Hadzimujovic,2007-08-17
Yutaro Tsukada,2001-07-28
Tylon Smith,2005-05-09
Ian James,2008-06-06
Colin Guske,2007-01-29
Majed Abdullah,2006-02-13
Beau Leroux,2003-08-31
Salif Tietietta,2004-11-29
Lucio Ferrari,2008-01-02
Christian Tchouante,2006-01-17
Christopher Applewhite,2007-08-23
Jovan Ostojic,2008-10-28
Taylor Calheira,2002-04-26
Kayne Rizvanovich,2007-10-26
Ștefan Chirilă,2007-01-15
Thiago Lauro,2005-05-24
Morrison Agyemang,2004-12-21
Mads Nielsen,2007-07-10
Faturrahman Embran,1999-08-22
Matteo Luppichini,2008-03-28
Ivan Belikov,2004-07-25
Gleb Popolitov,2007-08-13
Leo Cavallius,2005-02-20
Michée Ndembi,2007-07-04
Jetsuen Dorji,2006-08-04
Jhoan Pinto,2005-07-22
Gabriel Arrieta,2006-01-14
Dilan Ortíz,2003-06-14
Braian Quintero,2005-02-04
Nilzo Ramírez,2005-05-03
Jigman Seltob Dorji,2006-01-13
Minato Kamiyama,2007-09-10
Răzvan Gligor,2006-09-30
Ahmad Al-Salman,2002-07-02
Facundo Martínez,2008-02-04
Ersan Mavric,2007-02-10
Fabricio Tirado,2004-09-18
Yusuf Ali Şirin,2008-01-01
Rayan Al-Ghamdi,2006-01-03
Mohammed Al-Sahihi,2006-05-24
Simun Butic,2006-04-07
Vladimir Ignatenko,2006-05-12
Alassane Diatta,2005-05-14
David Guerrero,1996-09-16
Santiago González,2003-05-03
Oleksandr Zhovtenko,2005-02-17
Hector Lux,2009-03-29
Max Murray,2002-04-08
Alexandru Radu,2007-07-10
Brando Bailey-Joseph,2008-10-02
Diego Deisadze,2004-10-15
Kiril Kobernyuk,2005-04-27
Daniel Herrera,2004-02-06
Javi Morcillo,2006-03-15
Shun Matsuda,2007-05-22
Mukhammad Dzhurabaev,2008-02-04
Mamadou Thierno Barry,2005-03-20
Antonio Arena,2009-02-10
Sota Ofuji,2007-08-07
Kishin Shimatani,2008-03-23
Alex Nunes,2007-02-22
Johan Solstad-Nøis,2008-01-30
Mathias Svenningsen-Grønn,2008-09-02
Thiaguinho Santos,2000-01-04
Kanshiro Suemune,2007-06-10
Ryo Senda,2007-09-20
Mohammad Abu Ghoush,2005-07-13
Odeh Fakhoury,2005-11-20
Mateo Aguiar,2007-03-18
Markus Wæhler,2007-09-19
Lukas Hjelleset Gausdal,2007-04-20
Maksym Barshak,2007-02-28
Niklas Fuglestad,2006-05-20
Luis Benedetti,2006-06-07
Kaique Kenji,2006-01-29
Vinicius Lira,2007-10-12
Guilherme Bahia,2006-04-29
Luis Otávio,2007-04-12
Pedro Gabriel,2007-06-06
Tomás Guiacobini,2004-05-19
Fredi Gomes,2006-05-23
Berkay Topdemir,2007-01-01
Şant Kazancı,2008-12-18
Tuna Baran Demir,2008-04-29
Ali Pağda,2008-07-05
Ferran Gómez,2006-03-23
Jai Ajanovic,2008-08-31
Aimar Blázquez,2006-03-19
Gabin Bernardeau,2006-01-24
Sebastián Ramírez,2006-02-09
Egor Antsiperov,2007-09-30
Pantaleo Creti,2008-07-22
Kanji Kuwayama,2002-11-28
Jae-hyuck Choi,2009-11-04
Juan José Cataño,2008-05-21
Salman Al-Jadany,2004-06-18
Ryan Kavuma-McQueen,2009-01-01
Tynan Thompson,2008-04-17
Alberto Risco,2005-08-30
Khoa Ngo,2006-06-30
Łukasz Trepka,2006-12-26
Lushendry Martes,2008-05-06
Noah Tolf,2005-08-13
Nicolò Pannozzo,2008-03-25
Adrián Valencia,2003-08-21
Semih Doğanay,2007-02-06
Bendik Berntsen,2007-04-17
Tiago Gonçalves,2007-10-18
Mohammad Juma,2006-06-30
João Ananias,2007-02-12
Massiré Sylla,2005-01-07
Mykola Siruk,2008-05-22
Gui Negão,2007-02-06
Alp Ada Abay,2006-05-11
Yann Gboua,2008-02-26
Kenji Mboma Dem,2002-01-22
Biruk Markos,1998-10-11
Biniam Ayiten,2003-03-31
Oliwier Maziarz,2006-05-12
Juan Quiceno,2004-08-30
Cristian Iguarán,2005-06-12
Yoshan Valois,2004-10-04
Volkan Göktürk Sarı,2008-06-23
José Ángel López,2006-03-24
Majdi Erteiba,1990-11-26
Hamza Abdelkarim,2008-01-01
Kamilcan Sever,2006-09-02
Henrique Menke,2007-01-12
Arsen Zalypka,2008-05-09
Oleksiy Piskun,2008-01-20
Ilya Kutya,2008-03-07
Cassiano Kiala,2009-01-11
Hasan Ürkmez,2007-05-01
Mevlüt Şimşek,2007-01-09
Aleksander Borgersen,2009-06-24
Malik Pimpong,2008-01-01
Ulrik Hald-Hernes,2009-04-22
Roger,2008-04-29
Lewis Azaka,2009-02-12
Valeriy Kosivskyi,2005-08-04
Konrad Golonka,2007-05-26
Stavros Vasilakos,2008-09-19
Panagiotis Santis,2007-02-21
Santiago Sandoval,2007-08-07
Ali Osman Kalın,2008-03-23
Lautaro Rivero,2003-11-01
Youssef Hamoutahar,2006-05-29
Alex Peskovic,2009-09-04
Deivison,2006-05-04
Julius Emefile,2007-04-02
Tarık Buğra Kalpaklı,2009-04-06
Brian Aguas,2007-01-21
Denilson Paz,2005-07-09
Fedir Zadorozhnyi,2006-11-16
Idrissa Sabaly,2007-11-23
Hugo Burcio,2006-10-31
Maki Kitahara,2009-07-07
Abdulsalam Al-Shukaili,1996-04-25
Rafael Guzmán,2008-01-26
Nevio Scherrer,2008-04-08
Yegor Popravka,2004-02-12
Christian Storch,2008-10-25
Nazareno Roselli,2006-08-09
Henrique Simeone,2007-06-12
Ben Van Dorssen,2005-05-11
Agustín Seyral,2005-01-31
Moncef Zekri,2008-09-20
Charlie Holland,2009-07-03
Floyd Samba,2009-01-15
Adrian Dragoș,2007-04-09
Michal Kroupa,2007-01-15
Rostyslav Lyashchuk,2006-05-05
Artem Chornyi,2008-03-26
Blerton Isufi,2006-02-14
Issa Laye,1997-12-22
Bünyamin Çetinkaya,2009-09-08
Juan Velázquez,2004-11-19
Ángelo Marchese,2004-08-02
Olaf Gohlike,2006-06-20
Xander Dierckx,2009-02-27
Daniel Sandu,2007-06-28
Riccardo Gnudi,2008-06-03
Chimezie Kai Ezemuokwe,2009-04-02
Kaiji Chonan,2009-04-07
Takeshi Wada,2009-06-05
Flynn McCafferty,2007-05-26
Levin Würgler,2007-01-20
Giovanni Baroni,2009-01-21
Muso Kakhorov,2007-06-01
Hayata Yamamoto,2003-02-12
Yuma Igari,2003-03-03
Yaroslav Shevchenko,2006-09-14
Hassan Idris,2005-09-20
Bayron Caicedo,2005-03-10
Sami Adam,2005-02-01
Euan Bowie,2007-07-01
Levy Nene,2006-03-17
Ibrahim Matobo Mubalu,2005-12-05
Jovan Mrvaljevic,2008-07-29
Luis Pacheco,2008-02-02
Sota Nakamura,2002-10-15
Stephen Acquah,2006-05-01
Tymur Butenko,2006-11-14
Adams Diabaté,2005-10-20
Tibet Durakçay,2006-02-01
Franco Minerva,2006-01-31
Davinchi,2007-10-16
Mateo Cupic,2008-05-04
Kresimir Rados,2008-01-14
Amr El Gazar,1999-09-20
Jason Hsu,2002-12-31
Lucca,2007-06-14
Diego Porcel,2005-01-21
Amine Ouahabi,2008-07-04
Ian Struyf,2007-08-22
Filip Ruzicka,2007-04-21
Layousse Samb,2000-10-25
Nikodem Gozdecki,2006-11-02
Alisson Souza,2005-04-11
Nick Dobben,2008-05-17
Brandon Márquez,2005-02-22
Joel Godoy,2005-02-20
Christ Wawa,2007-06-09
Jeremías Gallard,2004-04-10
Niko Farkas,2006-11-29
Santiago Pita,2007-06-01
Haine Eames,2008-02-27
David Drabek,2006-09-11
Felix Sommer,2009-05-25
Markus Østerud,2008-07-31
Matteo Franceschelli,2008-08-08
Elias Slørdal,2008-10-14
Emir El-Kathemi,2006-07-04
Danylo Slyva,2008-04-16
Adam El Ouali,2006-10-14
Nacho Antonetti,2008-02-02
Ramiro Hernandes,2004-11-19
Essam Bahri,2005-04-18
Abdulaziz Jarmosh,2006-05-16
Malual Nichola,2008-05-17
Besian Kutleshi,2009-02-28
Anthony Didulica,2008-03-03
Matthew Dos Santos,2008-06-05
Rayan Elloumi,2007-09-17
Casper Behrens,2007-05-19
Bismark Edjeodji,2007-04-24
Royer Caicedo,2006-05-05
Nigel Groenewald,2007-02-01
Noham Kamara,2007-01-22
Kauã Prates,2008-08-12
Cauan Baptistella,2007-10-30
Kirayno Schaken,2009-06-18
Noa el Hamdaoui,2007-10-25
Mathew Baker,2009-05-13
Ben Mewett,2007-02-28
Neung Kwon,2005-10-13
Eron Gojani,2006-12-02
Stjepan Kucis,2006-12-29
Lovro Dukic,2006-02-28
Joseph Chalabi,2009-03-07
Guilherme Paula,2004-06-12
Yusei Yamanouchi,2003-09-01
Nobuteru Nakagawa,2002-05-15
Josip Jurcevic,2007-01-24
Dominik Thaqi,2007-02-02
Ricky Fransen,2007-03-23
Faris Fadillah,2008-01-01
Benno Kaltefleiter,2008-02-14
Christ Inao Oulaï,2006-04-06
Muhammed Suso,2005-09-15
Even Forcha,2009-07-20
Vuyo Letlapa,2003-08-08
Finn Sundstrom,2006-11-19
Wallace Davi,2007-05-10
Christopher Mora,2005-04-20
Stanley García,2006-09-22
Lucas Herrington,2007-09-05
Geiner Martínez,2003-01-09
Valentín Dávila,2007-01-19
Abdoulie Ceesay,2004-01-05
Yosuke Uchida,2002-08-20
David Katic,2006-07-31
Nana Kwame Boakye,2005-12-05
Arnold Odong,1999-03-02
Uwabright Hayakawa,2006-10-29
Denis Colibășanu,2007-03-10
Robert Necșulescu,2007-05-17
Ousman Ceesay,2005-07-08
Emmanuel Chukwu,2006-11-07
Shafik Nana Kwikiriza,2004-03-03
Jude Ssemugabi,1997-03-03
Misael Torres,2006-01-09
Santiago Daniele,2005-11-22
Gideon Odongo,1999-11-20
Enock Ssebaggala,2000-07-28
Hyeong-jun Oh,2007-04-17
Tae-hyeok Kim,2007-01-05
Bae-hyeon Gong,2007-03-05
Dae-young Chung,2006-09-11
Ji-ho Kim,2009-04-18
Martín García,2005-08-06
Lautaro Montenegro,2005-02-26
Teo Rodríguez Pagano,2005-10-12
Ivan Ahimbisibwe,1995-11-23
Modou Kéba Cissé,2005-08-04
Germán Padilla,2007-08-09
Luis Carmona,2007-01-17
Anthony Núñez,2005-10-14
Khulumani Ndamane,2004-02-05
Bartosz Borowski,2007-01-24
Mikel Amondarain,2005-01-06
Vabio Canavaro,2007-01-25
Abdou Aziz Ndiaye,2005-11-18
Emidio Martins,2006-03-05
Min Maw Oo,2005-03-06
Iklas Sanron,2004-12-16
Somwang Choummaly,2006-04-02
Jorge Martínez,2006-04-29
Tomy Carbonell,2005-02-23
Fabricio Corbalán,2003-09-29
Jeremías Merlo,2006-06-20
Wilson Eisner,2002-05-03
Diego León,2007-04-03
Jerry Yoka,2006-07-14
Maroje Kostopec,2007-04-06
Azrin Yusra,2006-02-11
Wiktor Zolneczko,2009-04-29
Kaka Scabin,2007-01-03
Abdoul Karim Traoré,2007-01-12
Dean Benamar,2008-05-31
Hyllarion Goore,2005-08-24
Vince Osuji,2006-04-06
Jano Gordon,2004-06-16
Thiago Silvero,2006-04-18
Felipe Bussio,2004-06-16
Tiaguinho,2008-02-02
Tadiwanashe Kuzamba,2006-12-28
Min-seo Jo,2005-05-25
Izuchukwu Okonkwo,2006-04-05
Yitagesu Tariku,2003-12-24
Jordan Baylis,2005-10-17
Christian Bracco,2004-01-29
Luis Miguel Mina,2004-12-13
Biruk Endale,2000-10-05
Lewis Gillie,2008-06-09
Archie Traynor,2008-06-09
Mark Țuțu,2004-01-02
Hugo Lambotte,2006-06-20
Sadullah Kabakuşak,2009-01-01
Waliu Ojetoye,2004-04-29
Austin Harrison,2005-10-25
Jaidyn Contreras,2007-09-26
Kotatsu Kawakami,2002-09-07
Abdoulaye Kanté,2005-05-15
Mohamed Bangoura,2006-02-18
Van Fitzharris,2008-01-23
Oleksandr Koval,2005-08-15
Jay Gillies,2008-05-02
Billy Hutchinson,2007-08-17
Lawrence Wong,2007-10-06
Charlie Dewar,2007-03-12
Keir Gilligan,2008-06-06
Rendijs Mihelsons,2008-04-23
Harry Crawford,2007-02-03
Calvin Beattie,2008-03-12
Anyelo Saldana,2003-06-17
Jhon Rentería,2005-10-24
Santiago Lencina,2005-09-04
Elián Giménez,2004-03-23
Leo Östman,2006-03-15
Yuriy Kokodynyak,2007-07-14
Maksym Tlumak,2008-02-09
Demián Domínguez,2006-01-14
Joaquín Vaquero,2003-04-01
Álvaro Busso,2006-10-11
Leonel Jaime,2006-07-14
Tomás Nasif,2004-01-02
Chui Hiromu Mayaka,2006-08-11
Artem Dudarenko,2008-09-09
Dmytro Murashko,2007-06-13
Ryuki Oiso,2004-12-05
Konrad Ciszek,2007-10-04
Orest Lepskyi,2006-05-03
Aaron Cartwright,2008-07-05
Nathan Martin,2008-04-19
Lirijon Abdullahu,2008-04-06
Ludvig Arvidsson,2008-05-17
Dmytro Sebro,2008-01-25
Mykhaylo Dzyun,2007-06-22
Ivan Sanotskyi,2007-01-16
Yuriy Muzhylovskyi,2007-04-27
Erik Kalinets,2006-12-15
Lamfia Dioubaté,2007-07-20
Elikya Legros,2008-06-06
Yvan Zaddy,2006-05-01
Gonzalo Zelarayán,2004-04-28
Vasyl Burtnyk,2002-07-23
Ibrahim Mendes,2005-11-22
Rostyslav Prokopenko,2006-06-02
Jean Unjanque,2005-03-20
Gui Beleza,2006-12-09
Djé,2003-06-02
Oskar Kubiak,2006-09-25
Andrés Antañón,2007-01-22
Yevgen Mayakov,2007-01-12
Oleksandr Kamenskyi,2007-09-21
Matviy Bodnar,2008-02-02
Artem Nedozymovanyi,2007-04-20
Oleksiy Bezruchuk,2006-06-13
Zakhariy Zakharkiv,2008-02-17
Artem Korobchenko,2007-06-27
Maksym Titov,2006-07-10
Oleksandr Feshchenko,2007-07-21
Dmytro Matkivskyi,2006-02-24
Davyd Blagodarnyi,2006-07-27
Nazar Prokopenko,2005-06-04
Lautaro Gutiérrez,2006-02-05
Farouck Adekami,2006-08-07
Diego Zarate,2006-08-04
Diego Velasquez,2006-08-04
Feyzo Kasumovic,2008-01-18
Yaroslav Karaman,2006-06-08
Salvador Blopa,2007-06-13
Flávio Gonçalves,2007-05-30
Denys Kondratyuk,2006-12-26
Andriy Korol,2008-07-02
Marli Salmon,2009-08-29
Jacques Fokam,2001-10-16
Agustín Medina,2006-10-24
Kostyantyn Komarnytskyi,2007-09-14
Nazar Smotrytskyi,2009-05-09
Marius Tresor Doh,2003-12-17
Wancha Tut,2004-07-21
Mohammed Abera,2001-12-17
Louis Lemke,2009-10-08
Alberto Cordero,2005-02-04
Oliver Mikuda,2005-06-01
Oleksiy Tovarchi,2007-06-08
Yegor Klymenko,2008-01-01
Adam Alabi,2006-06-17
Lukas Kostka,2007-07-26
Yaman Suakar,2009-02-25
Maciej Urbański,2007-05-24
Hubert Janyszka,2009-03-18
Mustafa Ahmadzada,2003-08-12
Francesco Fiorelli,2004-12-20
Darwin Guagua,2007-11-06
Ignacio Rossi,2003-06-06
Lorenzo Albarracín,2007-02-17
Bartosz Szczepankiewicz,2006-12-10
Ali Al-Youssef,2008-04-22
Timoteo Chamorro,2006-02-08
Emiliano Chiavassa,2006-01-02
Girum Hagos,2001-01-15
Alejo Córdoba,2004-05-17
Agustín Ladstatter,2005-06-05
Juan Rattalino,2004-06-23
Facundo Gulli,2005-09-25
Demian Talavera,2007-04-14
Branco Salinardi,2007-04-26
Ignacio Perruzzi,2005-03-22
Marc Domènech,2006-12-01
Kennedy Kebede,2002-01-18
Buzuayehu Seife,1995-08-07
Maël Gernigon,2009-10-01
Believe Munongo,2009-11-23
Mezian Mesloub,2009-11-08
Harry Welsh,2008-03-06
Leonit Zeqiri,2008-10-22
Gaspar Duarte,2003-01-06
Ignacio Ovando,2007-06-29
Jan-Peter Zaugg,2006-04-10
Joaquín Tobio Burgos,2004-12-14
Fabricio Pérez,2005-12-07
Lucas Cornejo,2005-03-01
Turki Al-Shaifan,2005-04-06
Yazan Madani,2005-02-07
Saad Al-Qarni,2002-01-15
Enzo Taborda,2005-05-20
Mateo Pérez Curci,2006-01-24
Facundo Valdez,2006-04-10
Joel Medina,2007-07-07
Ashley Hay,2003-07-10
Diego Ferrer,2007-04-17
Elias Warming,2009-03-25
Will Dobson,2007-09-07
Josip Brundic,2007-05-05
Facundo Kalinger,2005-01-30
Stanislav Yaroshenko,2007-08-09
Seymour Reid,2008-03-04
Lautaro Mora,2005-02-25
Thaiel Peralta,2008-09-21
Oleksiy Plichko,2006-06-27
Stijn Middendorp,2004-02-12
Leon Routh,2007-11-30
Simun Begovic,2007-01-20
Matej Gashtarov,2006-11-15
Malthe Hansen,2007-11-21
Maciej Janicki,2008-01-14
Marko Ascic,2007-04-14
Oriyomi Lebi,2006-07-02
Issiaka Dembele,2005-11-04
Branimir Mlacic,2007-03-12
Tomislav Prgomet,2007-01-05
Adil Hamdani,2009-01-21
Dominik Damjanovic,2007-03-27
Nicolás Bolcato,2004-05-06
Santiago Esquivel,2004-01-02
Lisandro Piñero,2007-07-15
Mateo Borrell,2006-08-26
Joaquín Molina,2004-06-07
Emanuele Borsani,2008-01-08
Jan Virgili,2006-07-26
Evan Franchi,2008-04-30
Osée Ndombele Lutaladio,1998-07-17
Jeancy Mboma Kinda,2003-10-03
Baye Assane Ciss,2003-10-10
Al Bahlul Bousahmin,1993-12-09
Ababacar Sarr,2002-03-14
Osman Yağız Topçu,2006-11-06
Deniz Yaşar,2006-10-09
Berke Deniz Baran,2007-02-27
Tye Hall,2007-10-01
Eyüp Değirmenci,2007-04-16
Arda Özyar,2007-04-16
Frode Aronsson,2005-10-25
Erblin Sadikaj,2008-03-13
Joel Matuanana,2008-01-11
Din Ramic,2008-12-28
Vladyslav Chudasa,2007-08-12
Skima Togbe,2006-06-15
Necip Özer,2007-06-01
Hasan Kaan Yalçı,2007-07-03
Kayra Cihan,2007-09-30
Efe Alkaç,2007-06-28
Ömer Efe Ecin,2008-01-05
Taha Emre İnce,2007-07-26
Yakuphan Sarıalioğlu,2007-01-11
Deniz Tuncer,2007-01-08
Esat Yiğit Alkurt,2007-02-22
Devrim Şahin,2007-04-01
Ömer Çobanoğlu,2007-07-04
Tuncay Elgün,2007-03-02
Justice Esser,2007-03-29
Nabel Yoshitaka Furusawa,2003-03-28
Yousef Al-Honaifesh,2005-10-28
Salvatore Cianciulli,2008-08-31
Petar Djokovic,2008-02-13
Sattam Al-Shammari,2004-08-31
Ali Al-Hussain,2005-06-04
Frane Nekic,2007-09-03
Efraim Bödő,2007-02-01
Balsa Papovic,2008-10-18
Strahinja Baucal,2009-10-17
Douglas Owusu,2006-04-10
Zach Zengue,2004-01-30
Naser Al-Ghamdi,2001-01-20
Jawad Al-Hassan,2005-01-01
Andrew Johnson,2004-02-03
Josué Tiendrébéogo,2002-11-21
John Auta,2006-04-28
Facundo Di Biasi,2005-06-22
Santiago Villarreal,2005-11-20
Máximo Cabrera,2006-08-27
Jorge de Asís,2006-01-29
Celías Ingenthron,2008-06-28
Adam Kleis-Kristoffersen,2008-07-14
Andriy Kurlatov,2009-07-24
Jean Ives Valou,2005-12-22
Matej Pribisic,2009-04-07
Claudio Robles,2006-01-14
Dimitrije Plavsic,2009-10-17
Santiago Grella,2005-03-16
Emilio Giaccone,2005-01-14
Mohammed Fallatah,2007-07-13
Saif Balhareth,2006-04-06
Ghassan Hawsawi,2003-02-05
Santino Andino,2005-10-25
Mohammed Al-Zaid,2004-01-08
Abdullah Al-Ajian,2004-10-07
Juan Echilvestre,2007-04-07
Jeremías Ramponi,2005-03-21
Djordje Radivojevic,2008-10-09
David Urosevic,2008-08-09
Vahid Gicic,2009-04-12
Ignjat Miletic,2008-01-02
Maxima Goffi,2008-01-23
Saad Boussadia,2008-03-18
Ramiro Paunero,2005-03-14
Junior Koné,2007-03-11
Emmanuel Anyama,1998-07-14
Iván Guaraz,2005-03-11
Damien Odera,2007-07-26
Hakim Sulemana,2005-02-19
Abdul Hanan Sani Brown,2006-07-03
Heon-jae Lee,2006-03-23
Jahyann Pandore,2007-11-25
Nathan Mbala,2008-02-19
Jan Katic,2006-09-12
Georges Gomis,2008-01-01
Juan Pablo Insúa,2005-01-04
Leo Cristaldo,2009-01-12
Aleksa Novakovic,2008-03-01
Giannis Kriaras,2008-06-18
Carlos de Roa,2007-07-10
Dong-hwi Kang,2007-12-24
Mohamed Alaa,1999-09-01
Artem Makarov,2008-11-05
Oskar Klat,2007-04-09
Athanasios Papathanasiou-Gerofokas,2006-04-20
Issa Koné,2006-01-01
Mory Kera,2008-06-26
Yves Avelete,2003-03-06
Naim Wilson,1997-08-05
Shawn Young,1997-12-20
Sung-jun Yoon,2007-05-04
Andrej Smiljkovic,2007-09-29
Dani Tijman,2006-06-13
Uchenna Ogundu,2006-05-12
Jay-David Mbalanda,2007-05-03
Sotirios Terzis,2007-08-11
Diallo Sanoussi,2006-05-29
Ezekiel Alladoh,2005-09-13
Issaka Seidu,2006-06-05
Cesc Riba,2006-07-14
Tuur Dierickx,2007-08-07
Eddiel Márquez,2008-06-17
César Camacho,2006-09-21
Miguel Londoño,2007-08-11
Wassim Slama,2008-09-26
Teo Lakic,2008-04-10
Joseph Opoku,2005-08-08
Facundo Jainikoski,2008-03-15
Mame Alassane Niang,2006-01-28
Ilya Khrunyk,2008-10-06
Stanley Wilson Omondi,2006-08-21
Quentin Durka,2007-02-27
Kenta Itakura,2002-06-15
Luca Ramirez,2006-03-31
Ryan Augusto,2007-09-04
Enzo dos Santos,2009-01-28
Mazou Bambara,2005-07-29
Ahmet Dağdevir,2007-01-01
Alaettin Ekici,2009-01-01
Benjamin,2006-05-29
Henrik Fehr,2010-02-17
Daniel Nunoo,2006-08-20
Kelzang Jigme,2004-01-17
Yeshi Gyeltshen,2001-10-30
Selton Sánchez,2007-02-20
Samba Diatara,2004-01-17
Wojciech Zacharewicz,2006-06-23
Adrián Riquelme,2006-02-27
Martin Baudelet,2003-01-03
Emil Monrad,2008-04-05
Jabbar Malik,2003-12-30
Ahmet Taha Dağbaşı,2005-04-01
David Spinelli,2008-04-28
Leonard Ngenge,2007-09-12
Taofeek Otaniyi,2006-06-11
David Benjamin,2008-03-31
Kenay Myrie,2006-09-06
Thomas Rousseau,2008-01-11
Dimitri Lucea,2007-01-20
Bernard Nguene,2006-08-04
Oleg Kleutin,2008-06-25
Jefferson Ramos,2005-05-13
Wesley Delgado,2004-03-05
Fallou Cham,2006-02-14
Chih-Yu Kung,2006-07-14
Malik Jakupović,2009-06-24
Diego Latorre,2005-07-18
Robert Ristoiu,2008-01-01
Alexandru Telehoi,2009-02-22
Igor Gosik,2008-02-07
Petar Nemet,2008-07-15
Ilyas Akhmedov,2007-04-02
Gadzhi Budunov,2007-02-11
Alessandro Sabino Russo,2006-01-13
Malibongwe Khoza,2004-03-16
Alexander De Ridder,2008-06-05
Naoufal Bohamdi-Kamoni,2007-08-20
Luca Schelfhout,2007-09-17
Theodoros Faitakis,2007-01-12
Mubarak Al-Buainain,2005-08-08
Majed Khalifa,2004-06-02
Ugo Kadmiri,2007-06-25
Matteo Noto,2007-09-27
Charli Spoden,2008-04-08
Reagan Mpande,2000-05-07
Chris Grombahi,2008-08-20
Cristian Orozco,2008-07-13
Gibert Jordana,2007-02-26
Emilio Gutiérrez,2006-10-02
Sergio Esteban,2007-03-20
Oliver Henriksen,2007-11-11
Elkin Rivero,2006-02-27
Giacomo Giacomone,2008-06-17
Bogdan Levytskyi,2009-01-05
Jigme Namgyel,2006-08-13
Ugyen Dorji,2006-12-09
Lhocho Nima,2005-02-25
Kinley Penjor,2005-01-11
Saeed Al-Alawi,2006-08-11
Kinzang Tashi Tobden,2005-02-03
Davy Gui,2006-06-15
Joey Garuccio,2006-11-08
Jandro García,2006-02-23
Zion Henry,2008-02-03
João Gastão,2006-07-22
Shola Adelani,2006-12-10
Louis Reynaud,2008-04-12
Ege Bilim,2006-04-14
Rufai Mohammed,2006-03-15
Samba Coulibaly,2008-04-04
Jocelin Ta Bi,2005-02-09
Manuel Aiello,2004-06-05
Joaquín Medina,2005-03-23
Manuel Fernández,2004-10-08
Ahzam Rasheed,2007-09-18
Hassan Haisham Hamid,2007-01-14
Mohamed Yaameen,2005-10-08
Muzdhan Hassan,2006-05-04
Alan Daian Laprida,2004-09-30
Misael Aguirre,2007-10-29
Tomás Lavezzi,2005-05-10
Tomás Aranda,2007-05-09
Brandon Oviedo,2005-01-25
Álvaro Ocampo,2004-07-12
Yusuf Nacar,2007-01-22
Adrián Molina,2005-07-22
Okham Latsachack,2007-07-22
Luciano Minniti,2005-09-23
Bosiako Francis Antwi,2005-05-01
Malcom Dacosta González,2008-04-17
Maruwan Al-Hbeishi,2003-10-28
Lewis Stewart,2007-04-27
Joaquín Freitas,2006-12-02
Ertuğrul Gazi Demirel,2007-09-21
Tiziano Perrotta,2006-11-25
Carlos Sarabia,2005-06-13
Andrés Vargas,2004-08-31
Zachary Zalewski,2009-01-03
Alexander Ordal,2008-03-31
Rocco McColm,2008-09-29
Aboubacar Bah,2005-09-30
Niall Thom,2006-08-10
Noah Maieroni,2005-08-10
Strahinja Vasilic,2008-01-24
Luciano Vallejo,2004-05-29
Gabriel Abeldaño,2005-04-09
Lazaro Bwambale,2007-10-25
Claudiu Stancu,2009-11-04
Dell,2008-06-09
Lamin Sillah,2006-06-06
Piero Cari,2007-08-21
Luca Regiardo,2006-10-23
Shuta Sasa,2006-08-31
Francisco Scarpeccio,2006-01-22
Carlos Borda,2009-03-11
Henrique Oliveira,2009-01-17
Isiah Boston,2008-04-14
Vasilios Lavdas,2009-01-22
Ognjen Matanovic,2010-01-14
Wilson Lindberg Uhrström,2006-03-23
Harlan Casanova,1997-12-03
Erblin Osmani,2009-05-19
Anton Höög,2007-03-19
Jean Galindo,2006-05-30
Hugo López,2007-03-04
Jerry Afriyie,2006-12-10
Abdulhakim Maghfouri,2006-03-18
Bonaventure Fonseca,2001-01-10
Ashton Scally,2010-04-18
Luisinho,2006-08-16
Michał Mikielewicz,2008-09-26
Ahmed Hussien,1999-09-14
Abdulselam Yesuf,2002-09-22
Bereket Kekaleb,2003-02-15
Akol Akon,2009-05-21
Faycal Konate,2006-08-15
Francisco Dias,2002-10-23
Rydnn McGuire,2008-10-01
Alexander Shaw,2008-04-03
Aaron Thomson,2009-03-26
Simão Pedro,2006-08-31
Dragoș Râpeanu,2007-05-03
Cristian Sima,2007-01-06
Luis Meneses,2006-12-28
José Antonio Morante,2007-06-28
Leo Radakovic,2007-07-21
Mathis Eboué,2009-02-27
Alex Nassiep,2006-05-17
James Durrington,2006-03-26
Papy Kokeleya,2000-01-17
Lise Nyembo Ntumba,2004-03-03
Zebedee Lawson,2008-11-18
Papa Ba,2004-04-19
Tommaso Guizzo,2009-06-18
Linus Alperud,2005-10-15
Logan Sambrook,2008-01-16
Gonzalo Pastor,2006-03-20
Yoann Becker,2009-01-12
Ibraheem Mahfus Ajasa,2005-11-26
Jesús Maraude,2008-02-02
Brian Barboza,2008-05-14
Paulo Da Costa,2008-06-13
Julio Daguer,2008-02-22
Nicolas Azambuja,2008-03-28
Índio,2008-04-03
Artem Kraynyk,2007-03-21
Ștefan Rădulescu,2010-03-02
Rareș Manolache,2010-01-11
Mihai Grosu,2010-01-21
David Avram,2010-02-01
Alejandro Magallón,2006-01-09
Will Wright,2008-01-01
Muhammet Talha Akyüz,2008-12-19
Matteo Sammaritani,2009-06-07
Talha Akkaya,2008-04-07
Eren Umut Şehitoğlu,2007-04-07
Iason Nempis,2009-02-09
Hun-min Koo,2009-04-24
Owen Graham-Roache,2008-02-11
Alex Gutiérrez,2008-07-01
Bautista Gerez,2007-01-13
Abdulaziz Al-Khanani,2004-02-02
Rareș Fotin,2007-09-09
Dmytro Sukhonos,2008-05-19
Marcus Reed,2008-02-14
Romeo Arrhenius Leandersson,2008-07-23
Asım Efe Işık,2007-09-06
Vito Kovac,2008-04-02
Gonzalo Gelini,2006-12-15
Joel Sebastián Romero,2006-01-09
Nawaf Al-Hwairi,2009-01-06
Blagoje Uzunovski,2009-02-12
Óscar López,2006-08-13
Brandon Anderson,1998-12-26
Orion McHugh,2001-07-06
Steven Gentle,2001-09-29
Rareș Andrei,2010-02-17
Lukas Pall,2010-02-07
Bahtiyar Aras Özden,2008-10-28
Seweryn Marek,2008-02-16
Matvey Fedorov,2008-08-19
Thomas Goos,2008-05-21
Volodymyr Yasinskyi,2008-08-30
Denis Țăroi,2008-04-06
Gage Guerra,2002-12-21
Kaan Doğan,2008-07-28
Ege Ketahte,2008-10-22
Jayden Holtman,2008-10-16
Jadiel Pereira da Gama,2009-12-15
Eiji Kubo,2007-09-02
Joél Drakes-Thomas,2009-06-09
Mücahid Emre Özata,2008-03-17
Felix Kutsche Eriksen,2005-11-14
Matei Popa,2007-04-29
Simon Cerny,2006-07-23
Kayyum Alabi,2007-09-17
Abdulmalik Al-Marwani,2005-06-19
Yakup Ayan,2008-04-23
Daniel Normann,2002-07-21
Jesús Barea,2002-04-28
Maycon Cardozo,2008-10-10
George Brierley,2007-11-20
Richard Monday Ubong,2005-10-01
Kerim Yerlikaya,2008-06-14
Jerayno Schaken,2009-06-18
Thomas Lopes,2007-01-27
Ryota Saito,2002-05-23
Jean-Baptiste Bosey,2008-02-15
Joel Fontanet,2006-02-27
Brandon Ramírez,2008-09-05
Danylo Sychov,2010-06-24
Kostyantyn Kyslyanka,2010-01-08
Ilya Bodak,2010-06-15
Vladyslav Maksymenko,2010-07-10
Ibai Aguirre,2007-01-10
Aras Çelik,2010-01-22
JV Fonseca,2005-05-29
Luis Eduardo,2008-01-16
Arthur Borghi,2007-07-27
Robinho Junior,2007-12-17
Raykkonen,2008-07-13
Kauã Pascini,2008-03-05
Seung-bin Jung,2006-07-03
Manu Duah,2005-06-05
Max Floriani,2003-02-06
Dean Boltz,2006-06-07
Alex Harris,2005-02-16
Oliver Dragicevic,2007-10-10
Caleb Swann,2007-02-04
Kenneth Martínez,2008-01-23
Ahmed Al-Bizi,2002-08-26
Bayram Berk Çapoğlu,2008-07-28
Lineker Rodrigues,2002-03-12
Mahmoud Al-Shalui,2001-03-08
Roko Banovac,2009-05-01
Islam Boulogma,2003-03-11
Barney Stewart,2004-04-07
Quadri Taiwo,2006-01-06
Lucca Vuoso,2008-11-07
Donovan Parisian,2004-09-27
Patrick Budescu,2010-09-08
Atiya Waraga,2006-12-24
Sang-hyeon Lee,2006-07-19
Daniel Bengtsson,2008-03-01
Eriki,2005-08-06
Andrei Șucu,2008-12-26
Amadou Bamba,2005-05-13
Richardson Rivas,2005-09-23
Haris Alic,2008-07-20
Precious Benjamin,2006-10-01
Jafet Cortés,2005-01-03
Darío Rodríguez,2007-07-03
Sebastián Aceves,2005-12-20
Giovani Bravo,2005-12-16
Kevin Cuneo,2005-05-14
Allen Rojas,2006-02-06
Emmanuel Sánchez,2006-02-10
Cheikne Kébé,2005-11-26
Odera Samuel Adindu,2006-06-04
Íñigo Cuesta,2005-02-24
Christian Kofane,2006-07-26
Joshua Palacios,2007-01-01
Cristóbal Hernández,2007-09-01
Huguinho,2007-06-04
Jesús Inzunza,2007-08-23
Román Estrada,2006-11-11
Nattio Sonnerat,2008-08-31
Rubén Muñoz de Morales,2007-03-21
Afonso Assis,2006-07-15
Cauã Soares,2008-06-30
Mohammed Bumuaykel,2007-08-23
Franciszek Lewandowski,2008-05-23
Di Lucca,2005-09-15
Reid Roberts,2003-12-09
El Hadji Seck,2007-01-14
Lamini Fati,2006-04-21
Batuhan Eroğlu,2008-03-08
Jin-woong Choi,2004-12-23
Sang-myung Lee,2003-04-23
Jun-yeong Kim,2004-05-31
Abraham Ojo,2006-12-22
Hussain Al-Sultan,2004-03-09
Mamoudou Cissokho,2007-12-20
Yanis Monkolot,2009-04-27
Lucas Macazaga,2006-08-17
Max Kerkvliet,2005-10-01
Antonio Riquelme,2008-08-08
Abbati Abdullahi,2006-01-03
Mishal Saad,2006-02-10
Efe Kaan Gündoğdu,2008-05-07
Alperen Kolay,2008-05-08
Sion Oppong,2007-09-25
Oskar Cotton,2006-02-18
José Cavadia,2005-09-21
Óscar Vega,2000-03-21
Alexandru Hodoșan-Olar,2008-09-17
Alexandru Matei,2008-01-25
Denis Titov,2006-11-06
Mohammed Al-Saedi,2005-11-17
Frey Berrío,2007-02-02
Moon-hyeon Kim,2002-05-17
Abdulrahman Al-Senaidi,2006-07-08
Jerome Abbey,2009-09-16
Ali Abdulraouf,2004-02-01
Alessandro Mazzocchi,2008-04-08
Elhadji Koné,2006-01-03
Cheikh Mbacké Diop,2005-12-29
Diego Díaz,2002-01-10
Luís Gustavo,2006-03-24
Alexandro Maidana,2005-07-26
Dağhan Kahraman,2008-03-26
Jhon Palacios,2005-08-02
Paul Mendy,2007-01-13
Nacho Pérez,2008-08-29
Ian Pilcher,2003-03-21
Gibril Sosseh,2007-01-01
Muhammed Kadıoğlu,2007-01-01
Kerem Özmen,2008-03-07
Samuel Isife,2004-07-13
Enzo Newman,2005-12-08
Ian Smith,2002-07-26
Ko Sakai,2007-10-07
Apostolos Savvidis,2009-09-09
Alpha Baldé,2005-07-15
Erick Rodríguez,2009-01-08
Marlon Meza Jr.,2009-03-26
Laurence Taylor,2008-02-27
Jesse Mantell,2007-10-10
Alaat Abdul-Rahman,2007-04-04
Lucas Gallego,2009-10-15
Abdulrahman Sahhari,2005-04-28
Mohamed Rayane Anane,2006-08-15
Cherno Saho,2005-01-07
Rodrigo Parra,2007-11-28
Mohammed Al-Ibrahim,2005-01-07
Jack Mihailidis,2006-10-17
Daniel Lazarevski,2006-04-05
Luka Didulica,2007-09-18
Ömer Ahmet Ceyhan,2007-08-22
Diego Valdez,2006-01-08
Emiliano Villaseñor,2007-11-09
Alejandro Juárez,2008-11-14
Leonardo Chávez,2005-06-16
Jaime Estrada,2007-05-02
José Abreu,2008-01-05
Wilkins Geraldo,2008-05-27
Teodor Kralevski,2007-01-25
Emerson Laïssé,2009-08-19
Thiago Pitarch,2007-08-03
Carlos Gugenheim,2004-07-26
Adam Guram,2009-03-13
Riley Thomas,2002-03-15
Ryan Mackay,2007-05-30
Eli Jones,2007-02-04
Patricio Madero,1998-12-15
Lóránd Bencze,2009-07-04
Ezekiel Ruben,2006-06-24
Charlie Rosenqvist,2007-05-01
Musab Abdi Mohamud,2006-05-04
Ikechukwu Ifeanyi,2006-03-13
Sonosuke Sato,2003-07-06
Yiğithan Çubukcu,2008-09-09
Raphaël Coulibaly,2010-01-12
Blake Gillingham,2002-10-11
Santiago Cena,2005-03-16
Deniz Şeker,2008-07-28
Rinsei Ohata,2003-11-23
Louie Van Gelder,2009-01-30
Agustín Melano,2004-08-26
Ramiro Tulián,2008-01-19
Talal Al-Shbely,2005-03-07
Nico Cavallo,2001-12-27
Mateusz Kopczyński,2007-12-17
Facundo Guch,2007-01-20
Mursed Ali,2008-12-20
Kieran Chandler,2005-06-09
Alvin Didriksson,2006-05-09
Vladyslav Saychyshyn,2007-04-10
Villads Birk,2008-01-13
Ignacio Alastra,2007-10-29
Ja'far Samara,2004-06-08
Vasco Sumo,2006-11-16
Mbekezeli Mbokazi,2005-09-19
Linus Güther,2010-04-08
Orseer Achihi,2006-09-19
Denys Talko,2008-05-25
Anas Badawi,1997-09-13
Bogdan Kyrykovych,2008-02-14
Mykyta Stovba,2008-05-17
Adjani Mujangi Bia,2010-05-30
Mikah Thomas,2005-02-21
Bastian Assomo,2010-01-03
Matías Arias,2007-05-08
Dilan Godoy,2006-02-05
Bogdan Dinu,2008-03-10
Ilai Grootfaam,2010-03-15
Agustín Falcón,2005-01-21
Pablo Alcoba,2008-11-10
Hamidou Kante,2004-12-18
Nonso Adimabua,2000-09-07
Nikola Djordjevic,2002-11-14
Haruto Hidaka,2003-12-11
Prince Amoako Junior,2007-02-19
Villy Strindlund Larsen,2007-09-19
Cyril Edudzi,2006-01-15
Hather Cuesta,2007-01-18
Charly Villegas,2005-04-04
Gabriel Jesus David,2007-01-02
Samba Konaté,2009-02-27
Iddrisu Moro,2006-01-01
Marvin Illary,2006-10-17
Victor Samuel,2006-06-29
Mamadou Billo Diop,2006-09-14
Abdulaziz Al-Hadhood,2005-03-10
Malik Henry,2002-07-23
Toumani Diakite,2006-01-19
Cesar Ruvalcaba,2001-07-13
Stas Korzeniowski,2003-01-30
Kento Imai,2007-10-31
Nikita Generalov,2008-06-19
Bané Diatta,2008-06-27
Preston Plambeck,2005-12-20
Terry Benjamin,2004-08-14
Mauro Lenaerts,2007-09-06
Kudu Shama Abdul,2006-02-02
Ozor Victor Okeke,2006-06-16
Ataol Taylan Karapınar,2008-07-09
Arda Kabukcı,2008-01-29
Djhordney,2007-06-17
Luis Marimón,2004-03-18
Kyung-hyun Lee,2007-08-09
Pavel Polekh,2009-12-02
Tobías Andrada,2007-02-02
Ryan Ogam,2004-12-21
Joshua Torquato,2007-07-24
Ibrahim Adewale,2006-09-20
Samu Becerra,2006-06-01
Takato Yamamoto,2007-08-24
Michael Pratezina,2008-04-28
Shumba Mutokoyi,2008-08-13
Latif Ouedraogo,2007-10-23
Abubacarr Sedi Kinteh,2006-11-30
Miguel Marulanda,2008-02-29
Kévin Arévalo,2006-06-06
Javier Olaizola,2007-03-15
Mac Learned,2002-08-05
Nicolas,2007-04-08
Jan Rivera,2006-06-23
David Marrero,2005-08-01
Kenroy Wagner,1997-06-16
Eddie Williams,2008-09-29
Keigo Iwanaga,2007-10-22
Yuji Doi,2007-05-12
Rareș Vlad,2006-01-06
Kauã Moraes,2006-09-29
Amancio Araujo,2002-04-26
Jin-hyeok Hong,2004-03-16
Chris Pondy,2008-03-16
Abdulrazzaq Awaji,2007-08-21
Rinzin Dorji,2007-06-04
Elis Jäger,2005-08-23
Ahmet Emin Cömert,2008-09-18
Güneş Talas,2008-09-09
Yuto Baigorria,2006-08-18
Luca Noveli,2008-02-07
Melvin Ljungqvist,2007-11-16
David Isso,2007-08-17
Yan Diomande,2006-11-14
Eirik Granaas,2010-03-24
James Bogere,2008-02-02
Kleber Díaz,2004-01-13
Mads Mikkelsen,2008-08-28
Nicholas Alme Bakke,2009-04-06
Shuto Yamaichi,2004-01-20
Ramazan Magomedov,2007-02-06
Miguel Calatayud,2006-04-26
Justin Daniel,2005-02-14
Olle Nilsson Löv,2008-08-23
Vasilios Varsamis,2007-10-26
Grant Gilmore,2008-06-15
Yan Shevchenko,2006-06-23
Maksym Yakhontov,2006-03-31
Gabriel Wesseh,2008-05-06
Ibrahim Yusuf Omosanya,2006-05-25
Renato Nhaga,2007-03-27
Brian Hernández,2005-05-02
Deivid Castro,2006-03-29
Enzo,2007-12-04
Hikaru Maeda,2008-10-25
Takezo Fujikawa,2008-07-29
Thomas Viktor Ude,2006-10-30
Juan Manuel Quejada,2006-09-27
Mutari Momoh,2008-01-16
Yeshi Wangchuk,2003-01-01
Olle Lindberg,2007-09-17
Filip Pavić,2010-01-19
Bidemi Amole,2007-11-10
Tonny Talasi,2005-12-23
Maksym Nanashko,2008-02-26
Ousseynou Fall Seck,2007-06-22
Jules Ahoka,2006-05-08
Bradley Besnard,2007-11-12
Sangay Yoezer,2006-07-23
Yoshitaka Tanaka,2008-04-05
Luca Rafaelli,2008-08-21
Brody Burkitt,2006-03-26
Ebenezar Harcourt,2009-10-21
Simphiwe Selepe,2005-02-19
Sebastian Despotovski,2005-09-09
Diaa Eddine Mechid,2006-06-11
Teodor Luță,2007-01-03
Simon Elias Rusen,2007-09-20
Lefteris Kontekas,2009-02-26
Sarafianos Papasarafianos,2009-01-31
Vangelis Paliouras,2009-02-22
Chan-young Kim,2007-01-09
Ju-hyeong Kim,2007-08-20
Jun-yeop Yeo,2007-05-04
Jung-min Go,2007-02-01
Hyo-bin Lee,2007-08-01
Christos Gitonas,2009-09-28
Abdullahi Umar,2007-01-16
Amad Keita,2006-07-22
Halam Loboa,2006-05-07
Oscar Surmay,2006-11-09
Jesús Peñaloza,2008-08-01
Alhaji Bah,2008-02-09
Juan Carrasco,2007-02-08
Shin Miidera,2010-04-02
Luka Bentt,2007-10-01
Van Parker,2009-01-29
Samsy Keita,2009-07-27
Tarık Hamamioğlu,2008-08-01
Alexander Andersson,2010-04-25
Malte Persson,2006-07-02
Riley Foxe,2006-10-10
Maxim Kotisek,2008-04-21
Andrei Tolcea,2008-02-25
Radu Postelnicu,2007-12-19
Pepijn Reulen,2008-06-01
Eren Doğan,2008-11-07
Eren Aydoğdu,2008-07-07
Zander Grantzau,2008-11-23
Mamady Cissé,2007-07-01
Roko Gabric,2007-06-21
Patrick Popa,2007-01-31
Zsombor Deáky,2007-08-01
Néider Parra,2005-04-30
Shusuke Furuya,2005-01-26
Mohammed Al-Ghanem,2007-08-13
Nicolas Constantinescu,2006-09-01
David Aizawa,2003-08-02
Reijin Ko,2003-08-26
Ryosuke Irie,2004-11-05
Filip Kutlesa,2009-02-17
Rayyan Koubini,2005-06-06
Georgio Hassarati,2009-03-03
Luke Becvinovski,2009-05-04
Sebastian Rojek,2009-07-10
Andrew Lachhab,2008-11-16
Athanasios Sitmalidis,2008-05-18
Hamad Sacirovic,2008-12-21
Mor Talla Ndiaye,2008-01-06
Diabel Ndoye,2007-08-27
Ismaila Manga,2007-05-15
Bop Guèye,2007-03-06
Abdou Khadre Sy,2007-12-15
Mac Munro,2007-06-25
Hervin Goyes,2006-06-02
Patrick Preciado,2005-04-10
Simon Zapata,2006-02-10
Winston Sagrera,2006-06-17
David Mojica,2006-10-31
Manuel Ballesteros,2005-08-09
Abdul Aziz Hassan,1993-03-18
Hibatur Rahman,2000-01-01
Oliver Evans,2008-05-19
Haruki Hayashi,2003-12-05
Jean Batoum,2002-03-28
Aaron Davis,2008-04-29
Alagie Wally,2006-04-03
Tristan Nunez,2009-06-02
Cihan Akgün,2009-07-31
Hamza Aydar,2008-09-20
Charley Oosenbrugh,2009-06-23
Ethan Crombie,2009-01-21
Rei Shimano,2004-01-07
Oscar Morrison,2007-02-02
Finlay Neat,2006-02-08
Ángel Mercado,2007-09-06
Matías Orozco,2007-12-01
Peter Sunday,2007-01-27
Gerónimo Mancilla,2008-12-29
Thomas Falconer,2008-07-01
Zadok Yohanna,2007-06-29
Yannick Geiger,2007-06-23
Aleksa Mitic,2009-09-30
Omar Krajina,2007-02-27
Youssoupha Mbodji,2004-01-09
Gerónimo Govea,2008-04-10
Rafael Petriu,2008-11-02
Andrés Dieppa,2000-12-30
Kyosuke Mochiyama,2003-08-18
Hayate Ueki,2003-10-11
Sung-hyun Park,2009-07-14
Grant Tamosevicius,2008-09-02
Kuba Nawrocki,2007-04-03
Aleksa Djordjevic,2009-01-05
Izei Hernández,2007-02-02
Palomito,2005-06-14
Natan Ława,2009-06-26
Kamil Lubowiecki,2007-07-27
Abdullah Al-Muhaisen,2007-04-26
Mohammed Abdullah Al-Qahtani,2007-04-09
José Estrada,2007-05-31
Ricardo Alonso,2007-04-15
Darius Achitei,2008-08-01
Franco Domínguez,2007-07-07
Iulian Moldovan,2008-06-04
Beckham Baker,2008-08-08
Vieux Cissé,2004-04-23
Ameth Niang,2006-12-10
Samba Mballo,2003-01-18
Amadou Coly,2002-09-15
Malick Sembène,2001-11-03
Daouda Ba,2005-05-13
Mbaye Yaya Ly,2002-08-15
Oumar Ba,2003-08-24
Marco Román,2006-05-03
Momelezi Dlambewu,2004-01-01
Ryan Adewusi,2005-02-04
Luka Mikulic,2005-05-07
Henoc Lolendo Masanga,2004-12-22
Jacques Mwimba Kapanga,2004-06-06
Jean Benoît Tukumbane,2004-08-29
Marzouk Diakana,2006-03-03
Miłosz Swatowski,2007-09-13
Oswaldo González,2006-01-09
Iker Jiménez,2007-06-20
Vinko Stanisic,2007-01-08
Angus Mackintosh,2007-04-05
Akeem Gerald,2010-02-01
Xavier Bertoncello,2005-10-08
Max Cooper,2007-01-14
Ebrima Ceesay,2006-06-01
Zayyan Ahmed,2004-01-28
Henrique Poniewas,2006-09-25
Sabri Kondo,2006-07-11
Riccardo Cassano,2009-07-01
Aura Takahashi,2006-03-01
Artem Bezprozvannyi,2008-04-09
Tymur Babych,2008-09-16
Zakhar Opryshko,2008-07-16
Yevgeniy Troyan,2008-12-10
Sergiy Stolyazh,2008-06-11
Maksym Starushko,2008-09-23
Glib Zinyar,2006-12-02
Hayato Hirao,2005-01-06
Naru Sasaki,2003-07-13
Ivan Bilan,2008-12-23
Ilya Zhadan,2006-01-23
Daniil Morotchenko,2008-03-25
Yaroslav Kravchenko,2008-01-14
Andriy Pustovit,2008-03-11
Ruslan Kotchenko,2007-04-23
Oleg Dzyurynets,2010-07-23
Abdulmalik Mohammed,2007-05-09
Samson Nwulu,2007-03-28
Mouekeinga Kone,2007-07-02
Emmanuel Quarshie,2007-04-29
Joseph Haney,2009-06-25
Mateusz Leśniewski,2008-02-04
Nikodem Rogowski,2009-03-29
Kacper Stanowski,2008-06-27
Gleyfer Medina,2004-09-16
Kyrylo Rybak,2008-04-11
Maksym Ugrik,2009-05-12
Tadija Cojic,2009-06-26
Moulaye Haïdara,2006-08-01
Franck Atoen,2006-07-21
Oleksandr Vasylyuk,2007-08-17
Artem Gayduk,2008-03-26
Fedir Koksharov,2007-09-28
Daniil Medvedyev,2007-01-17
Kirato Sasaki,2003-09-29
Seyni Mbaye Ndiaye,2005-01-05
Jonatan Ramírez,2007-01-08
Novak Stevanovic,2009-07-14
Oleksandr Dyedov,2008-06-19
Mady Danfakha,2006-11-20
Courage Otokwefor,2007-06-30
Denys Gordyeyev,2010-01-30
Moussa Diallo,2007-03-27
Gideon Yiriyon,2007-06-07
Kuzey Bulgulu,2008-11-23
Bakir Bilalovic,2008-04-11
Ayaz Özcan,2009-10-01
Samuel Martín,2006-01-01
Jakub Tichy,2006-11-14
Hulusi Destici,2008-08-06
Hasan Temel,2008-02-01
Mehmet Akbal,2007-08-16
Seyfi Kıskanç,2008-03-16
Erk Aslan,2008-11-07
Emirzat Baycu,2007-07-31
Murat Güler,2008-08-04
Berat İpek,2008-08-16
Mehmet Efe Bodur,2008-03-17
İbrahim Kencu,2008-06-06
Kayra İlkbaharlılar,2008-12-24
Mehmed Ali Kırcıoğlu,2008-01-01
Yaşar Yiğit Kaplan,2008-07-18
Samet Efe Kalan,2008-05-07
Burak Işık,2008-03-07
Deniz Salih Aydoğdu,2008-02-18
Ömer Efe Ay,2008-06-07
Emir Yalçın,2008-02-13
Yunus Tuzluoğlu,2008-11-21
Egehan Şensoy,2008-10-22
Deniz Ceylan,2008-10-29
Muhammed Efe Küçük,2007-11-05
Esat Narin,2007-03-22
Sumaila Wasiu,2004-06-15
Ivan Bagriy,2008-03-22
Mykyta Goncharov,2009-06-10
Vladyslav Kolisnyk,2008-06-05
Maksym Solovey,2008-07-05
Juan Rengifo,2005-04-02
Vladyslav Artemchuk,2008-11-03
Abdullah Deva Yetkin,2009-07-27
Enes Can Olcay,2007-02-01
Kaan Arda Demir,2007-04-09
Oğuzhan Odabaş,2008-09-15
Ömer Akdağ,2008-02-12
Süleyman Dayar,2008-02-21
Berat Tekke,2008-04-14
Miguel Figueiredo,2008-08-02
Siyabonga Mashinini,2003-01-23
Eren Kılıç,2008-12-17
Tomas Urban,2007-05-18
Nazar Royenko,2008-07-18
Muhammet Talha Yaşar,2008-03-05
Yegor Korobka,2008-10-21
Matthew Mudie,2008-02-06
Jack Anderson,2009-04-27
Luke Douglas,2009-07-16
Mohamed Ilan,2009-01-17
Blane Watson,2009-08-05
Ivan Bykhovchenko,2008-03-20
Hulusi Efe Ceylan,2008-11-20
Kamil Efe Üregen,2008-04-09
Ivan Kononykhin,2008-11-12
António Machado,2006-12-19
Prince Martor Jr.,2007-07-09
Yuta Tanaka,2002-10-11
Thatsaphone Xaiyasone,2001-10-18
Lamine Bèye,2007-05-17
Mario Din-Licaciu,2008-09-01
Bilal Sarı,2008-07-09
Marlon Ebietomere,2009-06-09
James Thomason,2004-09-05
Alexander Lindgren,2009-09-22
Andriy Nervutsa,2007-11-24
Gabriel Menegon,2008-10-14
Shota Yamashita,2008-02-29
Ulices Delgado,2002-11-10
Mihnea Toader,2006-07-26
Tutti,2007-02-20
Dorian Sinkiewicz,2009-01-31
Gabrijel Sivalec,2008-05-05
Victor Nissen,2009-01-01
Victor Adeoye,2006-05-29
Matti Bjørnhardt-Hansen,2008-11-02
Mathias Hell,2007-01-31
Luis Matheus,2006-04-24
Zebedee Kennedy,2010-02-24
Levi Hansas,2010-01-26
Axel Lassus,2008-07-07
Zadig Lanssade,2008-03-03
Håkon Hellesøy,2009-09-01
Patrik Grădinaru,2007-07-30
Costi Nae,2007-10-10
Alexandru Bădescu,2007-12-02
Silviu Tănase,2008-09-17
Ante Gagula,2004-01-09
Abdulelah Dagar,2008-02-19
Sultan Al-Anzi,2003-08-07
Moustapha Sémbène,2006-06-15
Emre Saglam,2005-03-04
Miguel Cubo,2008-02-08
Carlos Macià,2008-09-01
Batata,2007-04-15
Nik Skafar Zuzic,2009-06-03
Hassan Al-Tawerghi,2006-11-02
Leon Serifi,2009-04-15
Joe Hastings,2009-09-20
Darius Bota,2009-06-17
David Delgado,2008-02-03
Kokoro Maeda,2004-07-01
Gilbert Mendy,2004-11-05
Ibrahim Azzam,2008-04-14
Stanley Ogbonna,2007-07-06
Ali Badra Diabaté,2006-12-05
Grant Leveille,2008-07-03
Theodor Lundbergh,2008-08-21
Mubarak Suleiman,2007-04-13
Oscar Avilez,2010-03-04
Christ Sadia,2007-04-11
Bachir Gueye,2003-03-08
Mauricio Jr Ndefe,2006-07-31
Michał Kaczorowski,2007-05-31
Daniel James Wisdom,2007-05-21
Mamadou Koné,2006-11-20
Artem Kolesnyk,2008-01-10
Daniel Gasenu,2007-04-26
Abdullah Fahad Al-Jamaan,2004-12-04
Eren Yağmur,2007-03-09
Aly Kall Doumbia,2007-11-06
Alex Orban,2008-10-14
Marcelo Timorán,2006-07-08
Eyad Housa,2006-11-21
Jordi Makiese,2009-05-14
Salman Al-Mosawa,2006-06-10
Ibrahim Barabaa,2006-05-21
Ziyad Mallah,2005-10-09
Israel Monga,2008-07-15
Petar Simun Zaja,2008-03-27
Cole Coughlin,2008-06-19
Baba Yatera,2006-06-10
Kadir Barría,2007-07-18
Sota Ito,2007-09-24
Dauda Johnson Agwom,2007-05-04
Daniel Akrofi,2007-07-14
Nenad Miranovic,2008-09-17
Ali Umar,2007-07-01
Clayton Bonevacia,2006-04-06
Oleksandr Goch,2009-01-03
Aruto Higuchi,2005-03-10
Moustapha Diop,2006-06-15
Jona Jezic,2008-10-08
David Kalem,2008-08-07
Jakov Dedic,2009-08-27
Andrés Calderón,2008-10-28
Gabriel Rajković,2011-02-23
Chinedu Isaiah,2007-07-29
Jampel Dorji,2005-01-01
Odai Abdulghani,2005-03-29
Filip Strømland Lien,2009-07-09
Ibrahima Cissé,2007-09-24
Andrei Panait,2007-10-19
Christos Tsalpatouros,2010-04-12
Jakub Kokosiński,2007-06-12
Muhammet Akmelek,2009-06-06
Abdulaziz Al-Suwailem,2006-04-24
Előd Tóth-Pál,2007-04-12
Costin Ungureanu,2008-04-04
Miguel Aguirre,2005-01-05
Zaher Makkawi,2006-03-24
Arran Kerr,2007-06-10
Jackson O'Reilly,2008-04-29
Mohammed Al-Otaibi,2008-07-17
Sil Blokhuis,2008-03-18
Huseini Nakoha,2006-09-13
Abdoul Rahim Sawadogo,2006-11-12
Fadjidou Ahmed,2000-12-31
Gyovanni Aranda,2007-08-24
Tamime Tarek,1998-03-29
Yasir Al-Shammari,2004-06-22
Joo-young Eom,2007-07-17
Luis David Narváez,2006-05-23
Matteo N'Giuwu,2008-04-16
Oumar Balde,2006-08-08
Thoif Gasim,2001-08-24
Antonio Marin,2008-03-05
Tudor Nicolae,2006-05-10
Marko Vuckovic,2010-04-06
Alex Herráiz,2008-08-31
Ibrahim Ashi,2004-05-16
Ahmed Ali Majrashi,2005-01-25
Ali Abdulhadi Al-Nakhli,2004-08-26
Hamis M'sa,2004-12-29
Emmett Shaw,2009-04-03
Rakan Jumah Al-Kabi,2004-09-06
Fawaz Al-Hamad,2004-03-19
Abdoulie Mboge,2007-01-10
Sota Matsunaga,2003-10-05
Geovanni Vianney Ndjee,2007-09-25
Ousmane Diabate,2007-09-24
Oli Cockle,2008-11-22
Bailey Ferguson,2007-10-28
Dániel Brügger,2008-06-16
Yahia Jlidi,2009-01-06
Losika Ratshukudu,2006-02-01
Gani Büyükhan,2009-10-07
Takumi Matsumura,2004-01-03
Fran Skalamera,2008-10-03
Nikola Marković,2004-07-22
Ricky Louis,2004-10-04
Kwaku Agyabeng,2006-06-27
Mario Dudu,2006-09-27
David Todoran,2008-12-03
Mees Rensen,2010-01-28
Cooper Flax,2004-01-21
Dae-geun Yun,2007-06-18
Haruto Fujii,2003-06-05
Rıdvan Canıbek,2009-06-26
Saikuba Jarju,2007-12-09
Ha-jong Oh,2003-06-08
Yuhi Sakai,2004-10-05
Geovanny Balanta,2007-01-21
Donavan Phillip,2005-01-04
Saikou Secka,2007-01-01
Bara Sapoko Ndiaye,2007-12-31
Danyal Al-Habeeb,2006-04-28
Eo-jin Kim,2007-04-10
Jeong-hyun Lee,2007-03-08
Ji-nam Choe,2007-02-01
Kevin Pierre Jr.,2003-06-21
Ahmed Traore,2007-04-13
Dam Uh,2006-03-23
Sebastian Ritivoi,2009-09-28
Slade Starnes,2003-10-10
Moussa Kone,2007-12-30
Gi-min Kwon,2005-10-27
Seung-jae Yoo,2008-03-31
Raed Al-Shanqiti,2006-03-17
Abdullah Al-Zaynaldeen,2006-01-17
Agustin Resch,2002-02-28
Mohamed Refaat,2005-01-01
Thamer Mahdali,2004-01-01
Sultan Harun,2006-03-13
Du-hyun Kim,2007-03-02
Geon-hee Lee,2007-08-13
Tae-hun An,2007-06-08
Hyun-soo Woo,2003-04-17
Gang Kim,2007-07-05
Ji-wan Kang,2007-11-16
Mansour Camara,2007-08-20
Matteo Șerban,2010-02-01
David Bădic,2007-10-01
Harvey Sarajian,2005-01-26
Jhon Romaña,2005-10-25
Alasana Samateh,2007-01-16
Charles-Emile Brunet,2003-11-26
Ilya Ostrovskyi,2010-07-25
Sodiq Lawal,2008-01-14
Daniel Vinkovic,2008-10-11
Peter Nnaemeka Ugwuodo,2006-07-21
Eun-ho Lee,2008-01-19
Ahmed Al-Siyahi,2005-02-20
Mouhamadou Sall,2007-10-21
Ransford Amoo,2008-01-20
Adam Żabicki,2006-06-08
Nikola Petrovic,2006-07-27
Ahmed Namazi,2004-01-28
Modibo Fofana,2007-11-03
Dino Jergovic,2007-01-24
Niko Pajvancic,2008-11-26
Jakub Grelich,2008-05-25
Dominik Czeremski,2009-01-08
Yaya Onogo,2007-12-19
Michael Idowu,2006-08-23
José Luis Carabalí,2007-01-21
Gerónimo Patritti,2003-01-14
Rareş Leescu,2009-08-07
Chinedu Cyprain Ononogbo,2007-08-09
Alexandru Petre,2005-05-22
Ruari Duff,2010-04-21
Krystian Brzozowski,2008-09-13
Mario Gomes,2007-05-27
Aaron Mayol,2008-03-03
Ali Bakhashwin,2008-07-28
Bonaventure Lendambi,2005-11-14
Daniel Ose Friday,2007-10-10
Will Cleary,2003-02-17
Bryan Zamblé,2008-02-19
Kanade Tsuneto,2004-07-13
Oleksandr Tomin,2009-03-11
Emmanuel Egeoluoha,2007-10-02
Kirill Denysov,2009-03-28
Sourou Koné,2008-01-01
Ayoub Lajhar,2004-07-10
Elliot Eld,2008-01-27
David Stojanović,2009-08-13
Elion Imeri,2009-06-21
Anderson Pato,2002-09-28
Abdoulaye Doumbia,2007-10-27
Olle Leonardsson,2007-03-21
Alexander Berisson,2009-01-28
Oskar Markiewicz,1999-12-10
Faiz Hawsawi,2004-01-01
Kai Brown,2009-10-07
Filipe Jose Quissequel,2008-08-08
David Niyo,2007-06-23
John Patrick Edeh,2006-11-20
Troy Elgersma,2004-05-17
Viktor Vesligaj,2009-12-26
Goran Grulovic,2009-11-16
Kelvin Frimpong,2008-01-02
Luka Posavec,2009-04-15
Leo Sánchez,2006-11-27
Ye-geon Sung,2005-10-30
Shunji Saito,2008-04-12
Kalvin Bennett,2007-06-20
Ebou Sama,2008-02-01
Haru Ito,2009-03-03
Victoir Lembi,2005-12-29
Idris Hopi,2008-05-12
Christopher Sliwo,2007-08-07
Eun-seok Ko,2005-06-13
Majed Sharrahi,2005-01-19
Felix Baumgartner,2009-09-07
Leon Geci,2008-03-11
Wojciech Pańkowski,2008-07-31
Afonso Silva,2008-06-19
Fares Al-Zahrani,2008-01-01
Caiden McMillan,2009-01-13
Borys Mołdach,2009-02-17
Kacper Surowiec,2008-09-29
Paweł Surowiec,2008-09-29
Cosmin Pîrvu,2009-03-25
Mihai Costache,2008-04-07
Denis Ile,2009-06-22
Yahya Mousa Gharawi,2006-01-01
Szabolcs Nyitra,2008-10-12
Iustin Filote,2008-10-21
Vukasin Zdravkovic,2007-12-14
Aidan Melville,2002-02-03
